name,division,code,no_thd_coverage_rate,no_4g_coverage_rate,poverty_rate,poverty_rate_50_plus,poverty_rate_30_minus,library_distance,library_distance_and_mjc,public_service_distance,public_service_distance_and_ml,menseul_rate,menseul_rate_50_plus,fammono_rate,fammono_rate_25_minus,obstacle_to_mobility_rate,unemployement_rate,unemployement_rate_50_plus,unemployement_rate_25_minus,foreigners_rate,foreigners_rate_55_plus,foreigners_rate_25_minus,social_assistance_rate,aah_rate,older_65_rate,older_75_rate,nscol15p_rate,nscol15p_rate_50_plus,nscol15p_rate_15_25_year,neet_16_25_year_rate,total,population,population_density,area,is_zrr,number_of_qpv,percentage_of_qpv,digital_mediation_center_count,france_services_center_count,conseillers_numerique_center_count,aidants_connect_center_count,aging_index
Sans objet,epci,ZZZZZZZZZ,8.902582908163266,7.215720663265306,2.577168367346939,8.0,1.9724170918367347,5.324936224489796,9.155133928571429,9.716198979591837,9.886479591836734,7.633928571428571,6.053730867346939,4.468112244897959,10.0,7.690688775510204,6.639508928571429,9.769770408163266,2.2302295918367347,2.5661670918367347,1.3630420918367347,5.247289540816326,2.6906887755102042,1.3630420918367347,9.622927295918368,8.870376275510203,7.0551658163265305,3.2849170918367347,2.7697704081632653,2.0,5.8596426293731785,6273,65.0,96.33895341270909,False,0,0.0,2,1,0,0,
CA Intercommunale du Nord de la Réunion (CINOR),epci,249740119,4.725512786521729,5.879727156595724,9.525440478199041,8.0,10.0,4.209279568078286,1.2744872134782714,9.308689050109667,10.0,5.695162573212177,6.964274868037311,9.524886114391766,10.0,4.208194943237967,9.785572079346332,10.0,10.0,4.3226686591626695,3.176538359565186,8.176538359565185,10.0,6.634438043818844,1.8258719178577456,3.839827424136518,5.20103641929186,6.052090915664393,6.5031164887078505,10.0,6.958334050677807,207487,722.0,287.0,True,15,3.0,35,5,7,0,44.0
CA Territoire de la Côte Ouest (TCO),epci,249740101,3.9395770106221546,6.02375284522003,9.628679817905917,8.0,10.0,5.041459597875569,1.3094271623672231,7.306804817905918,10.0,3.418138277693475,2.4800455235204857,9.451479514415782,10.0,5.803897951441578,9.776617033383914,10.0,10.0,2.6294338012139606,1.317915402124431,6.284370257966616,10.0,6.797538884673748,1.5988429438543248,3.8452864188163884,6.630870637329287,6.139477427921093,9.07171851289833,10.0,6.660547637112508,210928,393.0,536.0,False,10,5.0,66,8,55,0,44.0
CA Intercommunale de la Réunion Est (CIREST),epci,249740093,3.487359384484403,6.052060258724666,10.0,8.0,10.0,5.329799058753045,1.4936107147643336,9.721039313220814,10.0,3.044736821360157,2.789930076545293,9.881043412453785,10.0,7.063120304604542,9.9978715521115,10.0,10.0,2.8216675995049387,1.0,6.482487603761834,10.0,8.175943808975743,1.2753186759477506,3.50094203526917,8.183448558567791,10.0,9.452082331517584,10.0,7.06258791109169,126876,172.0,737.0,True,6,2.0,12,5,1,0,35.0
CA du Sud,epci,249740085,5.728926735068984,5.8482585328400924,10.0,8.0,10.0,4.421775513211264,1.0399246178544008,3.4317489123100904,10.0,4.243751114833686,4.2311486470766155,9.549452083478746,10.0,6.5112879334279485,9.999720806868151,10.0,10.0,2.3330153633776165,1.0,5.615574323538308,10.0,7.990189463561419,1.9443552577495482,4.384425676461692,7.834438472813569,9.223610432516693,10.0,10.0,6.9047001388210285,128964,228.0,565.0,True,7,4.0,25,4,15,0,47.0
CA CIVIS (Communauté Intercommunale des VIlles Solidaires),epci,249740077,5.457311769951449,5.866843548049718,9.919385025266148,8.0,10.0,5.464864091244372,1.0618938051148812,3.1463730142128963,10.0,3.6869915118954566,2.9481741217398962,9.593600343487498,10.0,5.821331454427356,9.93265112899497,10.0,10.0,2.678481388922528,1.4675778626710556,6.261755089009501,10.0,7.704077813129589,1.6696134664714366,4.097959992513734,7.197395219798972,7.9614787577202115,9.065879140840885,10.0,6.750129948052234,181704,480.0,378.0,True,11,2.0,24,7,10,0,45.0
CC de l'Est Guyanais,epci,249730052,9.167323388685618,10.0,10.0,10.0,10.0,10.0,9.348860118209963,10.0,10.0,1.4869124683366168,1.5892203771460738,7.813537855333521,7.677174218969885,10.0,9.225724739656629,10.0,9.483816493104419,8.451449479313256,10.0,9.101885730368702,10.0,3.5325077399380804,1.0,1.8326766113143822,10.0,10.0,10.0,10.0,8.203967472156327,7106,0.0,25853.23211469819,True,0,0.0,3,3,0,0,10.0
CA du Centre Littoral,epci,249730045,7.595452815171125,10.0,10.0,10.0,10.0,8.57817766550161,4.087005571512614,10.0,10.0,3.9852995120600756,4.492182579506523,9.88074886666436,10.0,6.626556389936671,9.512184655846628,9.835761497733328,9.048482541440288,9.926802090182372,10.0,10.0,9.819081565560438,4.252801328857667,1.0738900231857977,2.9112087759975083,6.154742706855383,4.782683323528394,10.0,10.0,7.9486807824836,144501,29.0,4982.0,True,23,9.0,16,11,3,0,22.0
CC de l'Ouest Guyanais,epci,249730037,9.285771627759585,10.0,10.0,10.0,10.0,9.381535861413331,9.74794549487694,10.0,10.0,1.2752825604732227,1.0,9.929713742473856,10.0,9.368617302207669,9.151948875039611,9.1731065807542,8.909020809126439,9.993577690926376,10.0,9.990366536389564,10.0,1.0151051019330306,1.0,1.1220872504489279,9.246857505017429,10.0,10.0,10.0,8.199676319244292,94676,2.0,47335.0,True,6,3.0,10,6,4,0,6.0
CA du Centre de la Martinique,epci,249720061,5.2103728511117,10.0,8.816309245957601,7.871716459886341,10.0,7.699960561959747,1.1044008973770472,3.6338339593852838,1.1044008973770472,8.021412916281445,9.320062325034105,10.0,10.0,5.402461968152166,9.234430055665824,9.743432919772681,9.084714203513219,4.800133184201509,4.049575556173346,8.777278516612466,9.871716459886342,7.514944431154759,5.116187052685342,7.242647391593879,4.6626948465472315,3.3189696973615304,2.184919152017482,9.737665914542292,6.9115800522946556,154706,910.0,170.0,False,5,3.0,13,7,2,0,93.0
CA de l'Espace Sud de la Martinique,epci,249720053,8.381806645632881,10.0,9.71049863975733,7.849912648953091,10.0,5.8125472608276185,1.0,4.442465646267372,2.2051141647762336,6.802491025875032,7.572118936490139,9.977358260975377,10.0,7.587833433287267,9.347118284616656,10.0,8.776563844489061,3.194736338904679,1.9432174736860404,6.96686744369986,10.0,7.167957376165767,5.269362815398121,6.4631517648388135,6.294551206835111,5.569885183350282,3.9039138484003026,10.0,7.008552580115252,115066,288.0,399.0,False,0,0.0,16,5,4,0,102.0
CA Grand Sud Caraïbe,epci,249710070,7.554629452622188,10.0,2.2754349072835023,10.0,10.0,6.152055056394571,1.322194609061365,7.0649461543363286,8.697903523864143,7.157267571528707,7.701459249346843,9.954795131587332,10.0,8.51257248454725,9.887402026381189,10.0,9.864181482189512,6.253030013381762,5.108443254954438,8.939336009685848,10.0,8.710482380679284,6.01884916841904,6.994303192506213,7.558937105715924,7.299025043012808,5.026776269674377,10.0,7.787643717399023,78477,229.0,342.0,False,5,10.0,20,9,7,0,108.0
CA du Nord Basse-Terre,epci,249710062,5.8394603884272955,10.0,2.0,10.0,10.0,7.334479060331572,1.8473038803964388,9.81585238212149,9.447350398635464,6.096732093708408,6.5767744769928544,9.973562134153433,10.0,8.082621561203789,9.941374097093902,10.0,10.0,6.171729832405122,6.545529726446911,9.051661088785227,10.0,7.044799648528861,3.795242217886263,5.46585432038145,5.788303247231519,5.099923761774929,3.695447673441962,10.0,7.486214356783818,77398,164.0,471.0,False,2,3.0,9,6,0,0,73.0
CC de Marie-Galante,epci,249710047,8.772761404167449,10.0,2.0,10.0,10.0,5.1940116388211,1.0,9.131218321757087,10.0,8.429791627557725,10.0,10.0,10.0,9.797446968274826,10.0,10.0,9.072742631875352,6.486953256992678,4.554721231462362,9.772761404167449,10.0,9.227238595832551,7.131218321757086,9.227238595832551,10.0,9.536324385207434,10.0,10.0,8.547658156560916,10655,67.0,159.0,False,0,0.0,1,0,0,0,137.0
CC du Vexin-Val de Seine,epci,249500513,2.760452857314005,5.927938181382532,3.725829639391398,9.0,6.0,5.348448544387205,3.772313406014137,5.946028513238289,4.542889660956032,5.2461363364082905,4.89313525817659,6.583503054989817,5.72217563196358,6.1326224991014735,5.754522582963939,3.688870252785432,7.344435126392716,6.371271115370792,8.85030549898167,8.46495746974961,4.089912543428777,3.839583083742662,3.72588954115251,5.240026356774889,4.212711153707919,4.102432011501138,4.0,7.655564873607284,5.462212685481525,16694,82.0,203.0,False,0,0.0,1,1,0,0,72.0
CC du Haut Val d'Oise,epci,249500489,2.8154323679552626,5.753738809224534,5.199471564528127,5.0,5.02991047379627,3.1082779673190877,1.0,2.493189338942616,1.0,4.028037862658082,4.019393068773568,7.43372752225329,7.013800887566375,3.461944950362979,6.637098222302029,5.7558679424364465,7.334940871662006,8.775594489905856,9.679373060051818,9.875663750865762,4.826334556088551,4.145524972423877,1.7635123002334352,4.4156170638483445,4.940435574481184,6.374470923222943,6.307185183285021,8.134186696765257,5.2258118007483105,38986,812.0,48.0,False,1,9.0,3,1,2,0,44.0
CC de la Vallée de l'Oise et des Trois Forêts,epci,249500455,2.195579854037187,6.646310957526369,2.1918663125048354,9.0,3.0,3.5833612708564355,1.0,3.0017020398689946,1.018180880418805,4.234365732263971,3.721768058385125,6.9044020940248085,6.20176908992444,3.4274698919462567,4.396368981612811,3.9718131882301364,1.777883797096217,7.827139799365603,8.885292828222916,9.82951233978905,3.4166903061092917,2.301286845294891,4.272171648141939,6.004667715398303,2.0929932692059725,1.255254403383449,1.642648992959744,2.241044949325631,4.144340901639042,38783,517.0,75.0,False,0,0.0,0,0,0,0,72.0
CC Sausseron Impressionnistes,epci,249500430,2.1556212404065547,6.131559842356357,2.3320887782617716,9.0,6.0,4.004252229827837,1.0,2.9488176726820163,1.0999792574154739,3.1342045218834267,1.9940365069487658,5.179890064302012,5.422733872640531,3.6290707322132336,3.28583281476872,2.723397635345364,1.6443165318398671,6.727286869943995,8.320472930927194,8.759852727649864,2.9243414229412985,1.5049782202862476,4.390064302012031,5.400954158888197,2.0270172163451567,1.2516075503007675,1.0,1.6443165318398671,3.7727390582866627,19285,160.0,120.0,False,0,0.0,1,1,0,0,79.0
CA de Cergy-Pontoise,epci,249500109,2.3346850589995016,5.049645053301361,5.928716256321375,5.629739547472637,7.894688857760156,3.0106650205370498,1.0,1.9320496687955555,1.0,5.232607611766661,3.7858971010707756,7.783954984686246,6.815218784871436,2.6908711033025474,6.196937249222441,5.179690875851754,3.8874047342054654,9.134884493933853,9.761442579358484,9.97268691089532,5.957586837294333,3.4941712766210022,1.6802155796671336,3.6187753745340583,2.2859184690994563,1.6314917258244497,2.108017759206059,5.0491274721622075,4.644538942384332,210633,2421.0,87.0,False,10,9.0,5,3,1,0,38.0
CC Le Dourdannais en Hurepoix (CCDH),epci,249100595,3.798206106870229,5.83293893129771,5.175687022900763,8.0,2.0,3.9073664122137406,2.57706106870229,4.866679389312977,3.2741603053435115,4.422709923664122,4.892328244274809,6.715419847328245,7.033091603053435,5.060801526717557,4.298091603053435,2.0,4.793015267175573,7.7164503816793895,8.26820610687023,9.623320610687022,3.784083969465649,3.6111068702290074,4.419160305343511,5.927977099236641,3.111412213740458,1.4026717557251909,3.0018320610687024,4.195954198473283,4.77534760087241,26202,181.0,144.0,False,0,0.0,1,1,0,0,69.0
CC Entre Juine et Renarde (CCEJR),epci,249100553,2.969384044796742,5.829066976947131,2.533997527452549,8.0,2.0,3.7624900007272197,1.59802923423751,4.345865755217802,2.057341284270235,3.612064577121664,1.112864518944077,5.5372700167260565,2.3059413860810123,4.103956075921751,3.1282088575376337,2.133335757399462,1.859646571158461,7.305105083266671,7.381099556395898,9.510399243691367,2.961930041451531,2.4894189513489926,3.96891135190168,5.900007272198385,2.858192131481347,1.9924369136790052,1.480837757254018,3.836666424260054,3.806230975409581,27502,227.0,121.0,False,0,0.0,2,2,0,0,74.0
CC du Val d'Essonne (CCVE),epci,249100546,2.74735738185208,5.696053135351988,3.0007157957817987,9.23396534216703,1.0,3.469229104589416,1.439149035340336,4.197692807084714,2.0174454413796545,3.4872904632696886,2.1908511311237993,5.580110865114111,6.776804887387012,3.2754149118572404,3.2668919481297753,1.2020042281890366,2.3985484327401663,7.038053701330049,7.956735971234997,9.352704209877981,2.360577963477769,2.4209045661112314,3.347743578645981,5.223095234131806,2.545353153663043,1.662710369050988,1.940289314667155,2.985517620228722,3.850471806920627,60076,311.0,193.0,False,0,0.0,1,1,0,0,65.0
CC des Deux Vallées,epci,249100157,2.477684346701164,6.67480595084088,4.526142733937042,9.536330314790858,5.0726606295817165,5.129096593359207,1.5327188443294524,7.434292798620095,6.380228546787408,4.528352738249246,2.532718844329452,5.657988357050453,4.475905562742561,5.946474773609315,3.6922703751617076,1.0,5.163917636912462,6.663163001293661,6.954075032341526,9.196366968520914,3.174320827943079,1.7469814575247953,5.8180250107805085,7.082470892626132,3.8631953428201813,2.1052177662785683,2.2482751185855974,4.336244070720138,4.819640162015647,18552,98.0,189.0,False,0,0.0,15,2,1,0,100.0
CC du Pays de Limours (CCPL),epci,249100074,2.5854807944047575,6.473725548864869,3.8365186819762878,8.0,2.0,3.4786251262295695,1.0,6.665033474211766,4.402849983169391,2.6494371096233684,1.4905561581329243,4.238658039421027,2.355499869095261,3.1978157609305455,1.874742865691738,1.0,1.1453790627220706,7.558290010098365,9.268953136103526,9.386505591502413,1.9945020009724352,2.0097243520215433,3.7079702285222726,5.475408609791675,1.3357519542207428,1.0623106556457345,1.0,1.6306990313049332,3.600872787309186,26737,224.0,119.0,False,0,0.0,0,0,0,0,69.0
CC du Sud Territoire,epci,249000241,4.724619235501252,6.066352721564635,5.537355224640448,9.0,2.0,4.654617962750838,10.0,4.269059437444318,2.7832930295702347,5.762377497772687,7.532009672903143,6.6480845106274655,7.800305460099275,5.2360103517033645,7.648593610792924,10.0,8.567392134402443,6.677909295320521,9.17216070595223,8.544312926901702,5.280471766153324,3.7883416062110222,5.374146196597514,6.929362352042764,7.765432098765432,8.884985787620382,7.5227185948835436,7.341733486063383,6.625415916653032,23572,136.0,173.0,False,0,0.0,3,1,1,0,88.0
CC du Jovinien,epci,248900938,8.542584050596794,6.936183365828142,8.186884778163488,5.0,8.0,5.829901564506158,6.107375529031338,6.553045793903657,4.688810689999524,6.84949355651719,8.725426791573542,6.535070616767321,9.559655713538447,7.375338817823006,6.7928099291454656,9.232678681820344,5.0986732607351755,6.524323553188454,7.89248181083266,8.457035522373864,7.4330210661467495,6.790860240620096,6.730990536877645,7.91212135622236,8.179371344334015,5.48376052118503,10.0,9.450663369632412,7.316734373620103,21031,59.0,356.0,True,1,10.0,8,0,1,0,103.0
CC Yonne Nord,epci,248900896,6.66890124264225,6.923234139960758,6.3766350555918905,9.0,5.0,4.815647482014389,5.570266514061478,5.862737083060824,3.8960922171353825,4.982014388489208,5.170618051013735,4.6460513407455855,6.680019620667102,6.498160562459123,5.607995421844342,4.814911706998038,8.0,5.704545454545454,6.876389797253107,8.066751144538914,3.635464355788097,3.0848185088293003,5.595855134074559,6.755109548724657,7.853539895356442,7.5702256376716806,9.277060170045782,8.277060170045782,6.186075165841353,24464,65.0,376.0,False,0,0.0,5,3,2,0,86.0
CC du Gâtinais en Bourgogne,epci,248900748,7.604099862574439,6.043632615666514,6.662734768666972,9.0,5.0,6.018094365551993,5.608967017865323,7.6606161245991755,5.8900595510765,4.311154374713697,2.647217132386624,4.2224576271186445,3.0,5.900881814017407,5.016662849289968,5.0,5.0,5.035158039395328,5.958715071003207,7.422927164452588,3.119159413650939,3.797640861200183,5.6119445716903344,6.423557031607879,7.404661016949152,5.93747136967476,10.0,5.0,5.724921880112558,17464,43.0,406.0,False,0,0.0,2,2,0,0,84.0
CC de la Vanne et du Pays d'Othe,epci,248900664,8.802044609665428,6.778113382899628,6.330390334572491,9.0,5.0,6.84282063197026,3.606993494423792,5.995004646840148,4.86396375464684,5.689591078066915,4.82307156133829,4.580157992565056,2.0,7.954693308550186,6.880924721189591,6.0,9.0,4.747792750929368,6.123025092936803,6.024047397769516,5.561338289962825,5.21875,7.15485594795539,6.809014869888476,8.462244423791821,8.38928903345725,10.0,8.0,6.4513616901221456,8608,21.0,409.0,True,0,0.0,3,2,0,0,116.0
CC de l'Aillantais,epci,248900524,9.114791987673344,7.725635593220339,5.802580893682588,9.0,4.0,4.851020801232665,6.7934322033898304,9.007126348228043,7.291024653312789,5.623748073959939,4.554121725731895,5.30614406779661,3.2760015408320493,7.335708782742681,5.353909861325116,6.723998459167951,5.0,3.3114406779661016,3.3397534668721107,5.99364406779661,3.9635015408320493,3.67941063174114,6.107858243451464,7.660150231124807,6.360265793528505,4.91727657935285,7.0,3.0,5.789019508034339,10384,39.0,266.0,False,0,0.0,1,1,0,0,105.0
CC de l'Agglomération Migennoise,epci,248900383,4.574855472124393,5.0,8.580237889560768,9.0,6.0,5.0587414446142605,5.299754136487474,4.873812213436109,1.2810153498571333,6.9007243006179815,7.612133696591136,6.977739384676723,9.51857266263539,5.934214897999867,8.028174629543491,9.161007375905376,10.0,7.494916605754535,7.294703967040999,9.298491594125856,7.782045318625823,7.730281081799455,6.269120871818726,7.687553990298358,9.420426606419031,9.382949033158349,10.0,10.0,7.362909732967545,15051,235.0,64.0,False,1,8.0,5,0,1,0,89.0
CA du Grand Sénonais,epci,248900334,6.903233977877227,5.663514312251963,7.439196149624251,5.897745503673056,8.897745503673056,4.1964198260575865,5.323853753271975,4.732061133158828,2.271958118719919,6.775918263953391,7.874373047369755,7.177421261504686,9.664460018576374,4.926116693405387,7.055999324495483,8.90049818458161,9.448872751836529,7.610014354470995,8.583703453516845,9.336435024909228,7.268057080131723,7.11144135776408,6.324275943595373,7.976391117115596,7.2758253820822425,5.398311238706409,9.918263953390188,10.0,7.141146668918348,59221,157.0,377.0,False,2,2.0,15,4,0,0,97.0
CC de Noblat,epci,248719361,4.957760728437737,7.872270466233876,3.3300733496332517,4.0,10.0,4.659219290110446,9.0,5.719332265407639,4.957929348284293,6.3170053115251665,7.734002192058005,5.031194671612849,7.130343141387741,8.234550206559312,5.1085911811820255,1.6232189528707528,5.883905235646235,4.835511339684681,3.7777590422392717,7.990641598516145,3.584099148469775,4.585448107242223,7.294494562009948,7.856588820504173,6.295843520782396,5.081612005733075,5.883905235646235,4.507124188516989,5.830443711081939,11861,36.0,329.0,True,0,0.0,3,1,1,0,127.0
CC des Portes de Vassivière,epci,248719353,8.177201704545455,8.962535511363637,2.768821022727273,9.0,10.0,4.817294034090909,9.0,7.781072443181818,9.574928977272727,8.060369318181818,8.605823863636363,5.818004261363637,2.0,9.874289772727273,5.057705965909091,6.0,4.0,8.435369318181818,8.758877840909092,9.178799715909092,7.466264204545454,6.1120383522727275,9.564098011363637,8.244140625,7.632279829545454,5.741832386363637,9.0,5.0,7.308276684253246,5632,15.0,375.0,True,0,0.0,3,1,0,0,219.0
CC Briance-Combade,epci,248719338,8.80591737997767,7.857834015630815,2.8382954968366207,9.0,10.0,6.59136583550428,9.0,8.714737625604764,8.952549311499814,7.715481950130257,7.193338295496837,4.852809825083736,7.0,9.230182359508746,5.29344994417566,3.0,8.0,6.884629698548567,8.162262746557499,8.39728321548195,6.962039449199851,7.6596576107182734,8.762932638630442,8.91942687011537,8.47450688500186,6.342575362858206,6.0,7.0,7.414688447020046,5374,23.0,233.0,True,0,0.0,1,1,0,0,185.0
CU Limoges Métropole,epci,248719312,3.5259393582800014,5.318964644150683,5.59684396838181,4.901880404535349,10.0,4.158438188754226,9.0,3.7303290587367193,1.541039503445881,6.927740186834757,7.34103853888854,7.018640070605597,3.293027697264033,3.2693140550472872,5.868072669750035,3.665052640716859,5.492705535112298,6.897192655860409,6.763316919782588,9.242692272448867,6.435082879589484,6.902131189443884,5.973445736415416,7.721011434827272,3.745327925381844,2.12538280869452,3.1640422669026615,5.462649928381618,5.538617947794022,207382,396.0,523.0,False,9,1.0,46,4,5,0,104.0
CC du Val de Vienne,epci,248719288,4.801570615879298,6.61723967350977,3.9061958941380164,9.0,10.0,5.638139995053178,9.453190699975266,6.750865693791739,2.6465495918872124,3.6537843185753154,3.043779371753648,4.806208261192184,5.841578036111798,4.58088053425674,3.3250680187979222,1.0,3.079458323027455,4.2144447192678705,2.977368290873114,7.3193173386099435,4.577170418006431,5.477491961414791,5.931301014098442,6.595288152362107,4.083539450902795,3.0213950037101163,4.7196388820183035,3.719638882018303,5.0278965407582765,16173,102.0,158.0,False,0,0.0,3,1,0,0,95.0
CC Gartempe - Saint-Pardoux,epci,248719262,8.070681642137878,7.804027885360186,2.865220759101472,10.0,6.0,4.280402788536018,8.39020139426801,6.921378776142525,8.370255615801705,7.427381874515879,9.043183578621225,7.139039504260263,10.0,9.645429899302867,4.2583268783888455,1.0,3.0,7.4235089078233925,8.546475600309837,9.038923315259488,4.676994577846631,5.210883036405887,8.586367157242448,8.828621223857475,7.33559256390395,5.360573199070488,2.0,3.0,6.579409649219875,5164,20.0,258.0,True,0,0.0,3,1,1,0,154.0
CC du Pays de Saint-Yrieix,epci,248700189,7.1739599767499795,8.520219214481441,4.445902183841236,6.0,9.880843643610396,6.495059370588724,9.0,3.7108693847048078,4.192061778626588,7.137424229843062,6.992443743253342,4.280494893299012,1.441335215477871,8.236568961222288,5.53624512164743,2.558664784522129,8.675994353566388,6.924437432533422,6.768413186083202,9.45304326164577,6.033463422735199,6.725898862409698,9.291206510005813,9.395831603421074,8.533338869052562,7.157851033795566,7.117329569044258,5.675994353566387,6.6912462485617015,12043,35.0,344.0,True,0,0.0,3,1,0,0,201.0
CC du Pays Loudunais,epci,248600447,7.880096610447028,7.078639266415589,5.13586867529065,5.0,5.0,5.634968069428525,7.461314884558703,5.899950876043884,5.086253479613558,5.983256918290486,6.7371049615195675,5.232192565907974,7.551662027181923,7.686548223350254,7.019117406255117,7.724168986409039,7.827493040772883,4.290568200425741,3.959308989683969,6.4478467332569185,5.503274930407729,4.580645161290323,7.541632552808252,7.617324381856886,9.163296217455379,8.605739315539545,10.0,8.551662027181923,6.649997660763996,24430,28.0,872.0,True,0,0.0,9,3,6,0,127.0
CA Grand Châtellerault,epci,248600413,5.493339518066557,6.482385404029592,5.299352981755037,4.7546088156235875,8.754608815623588,4.151252408477842,6.980613240086586,6.8900068983562885,4.019398653631152,6.15133566450201,6.483158495682581,5.991293798615572,8.871535954708722,5.972965579580865,6.2607102928233305,5.653119722162754,9.1333166821285,4.8566688075358595,4.174409476914294,7.843764123789814,6.044220842550964,4.0351697233521255,6.794987987345085,8.118449534955637,7.4857037512785745,6.380979566592925,8.332096386688551,8.960417707366968,6.4417811012223325,84088,74.0,1136.0,True,2,3.0,20,6,16,0,115.0
CC du Pays de Mortagne,epci,248500662,6.228397067851081,5.862817318455927,1.8262376773913986,8.0,1.0,4.364929765644748,9.807965911963311,8.143826959881558,5.317805943740296,4.005344310836674,1.9707146210233633,2.6645000541653125,1.392156862745098,4.3367999133355,2.9563066478893583,2.7765139204853213,1.6498754197811722,3.208969775755606,2.339363738128769,6.372187917524284,1.4598996136207707,3.338280431878092,4.897519228685949,6.06203733795544,6.39724840212328,8.393854042537825,1.6498754197811722,1.6498754197811722,4.216903704391517,27694,121.0,228.0,False,0,0.0,1,1,0,0,80.0
CC du Pays des Herbiers,epci,248500621,6.216038841453206,6.249690272894693,2.4755734136949608,1.0,1.0,5.772007366482504,10.0,6.493721747865394,2.464322785869747,5.154696132596685,2.0569228193537588,3.2024108488196887,1.0,4.617445169931358,3.230236062280261,2.4608069646743678,1.192399129415704,4.268642223338356,1.5401305876443998,7.6050226017076845,2.1386238071320944,3.4926502595010884,3.8297338021094927,5.514682738992131,5.965243596182822,9.415268709191361,1.4378704168759417,1.192399129415704,3.963804979550836,29869,119.0,250.0,False,0,0.0,11,0,10,0,70.0
CA La Roche-sur-Yon Agglomération,epci,248500589,5.9587581045839215,5.2364940781132425,3.3300279344005443,1.5643779699627884,4.693133909888365,4.211868512467401,10.0,6.308319503571687,2.7515487615061898,5.961458773566429,6.288157257274798,5.721480626307814,2.609536866193191,3.3714347561666993,5.2077041221279625,6.187490336346675,3.608856544999124,4.909857441786152,2.2456371826456247,8.305989918876852,3.834578870872976,5.474049869605104,4.5370517353344395,5.978085411233546,3.737189861152629,3.0146887530537145,2.495830455712121,3.50978734808737,4.6804783894941915,97027,193.0,502.0,False,3,3.0,13,2,9,0,81.0
"CC Vendée, Sèvre, Autise",epci,248500563,7.950398418679351,5.507134474025573,2.640558403854469,9.0,2.0,4.728951757366112,10.0,6.91710420656001,4.665513620359503,4.726295632837112,3.27141886466119,4.189696707640991,2.246587188831923,6.28988819568843,4.386249922787077,3.2602384335042314,3.246587188831923,3.478225955895979,2.621162517758972,6.18605225770585,2.8495274569151894,3.2920501575143617,7.07795416640929,7.318920254493792,6.92649329791834,6.568966582247205,4.0,2.0,4.905213416517389,16189,53.0,305.0,True,0,0.0,1,1,0,0,108.0
CC du Pays des Achards,epci,248500530,7.522812384619442,5.713697979851258,2.512790759006277,8.0,1.0,2.9172424705944406,10.0,9.61944195368954,8.259982066564692,3.4887388575346803,1.8650772720080173,3.5714963869402396,2.028113297114827,5.025950735798301,5.064876839495754,6.4098317421804945,4.215886913866765,2.9626562582414686,3.337570546969777,5.7696608470910915,1.3910543805053008,2.0942560261617174,3.960440951526979,5.909436151695765,6.169629199852313,7.365103644706999,3.1315997679202487,3.215886913866765,4.732972655278684,18959,83.0,228.0,False,0,0.0,1,1,1,0,70.0
CC du Pays de Pouzauges,epci,248500464,6.606260509636528,5.823050058207218,2.4727719570560085,1.0,2.0,4.382615444315095,10.0,8.459405855214936,6.440434613892123,4.633811926012159,1.6771870823093176,3.114172379597292,1.0,5.836200577760531,3.286724442719786,1.517526839994826,1.2392101064976502,3.6287241840210407,2.600051739749062,6.870305695684043,2.6047514336222135,4.134264648816453,5.335963437243996,6.631354287931703,7.713059974992454,9.303281162419696,1.5850903289785712,1.4784202129953004,4.3348085321309995,23194,72.0,322.0,False,0,0.0,1,0,0,0,87.0
CC du Pays de la Châtaigneraie,epci,248500415,8.119600051275478,5.9576977310601205,3.366171003717472,4.0,2.0,3.067683630303807,10.0,6.22932957313165,5.608191257531086,4.901230611460069,4.732918856556852,3.3724522497115754,2.0,6.333034226381233,4.162415074990386,3.0,1.0,5.463081656197923,7.273746955518523,6.768747596461992,4.755736444045636,6.550826817074734,7.274516087681066,7.993846942699654,8.781822843225228,8.880784514805795,7.4932059992308675,2.0,5.395965718680755,15602,49.0,318.0,True,0,0.0,19,1,18,0,116.0
CC Pays de Chantonnay,epci,248500340,7.515304998898921,6.498524554062982,3.117022682228584,2.0,1.0,3.876987447698745,10.0,6.795199295309403,5.819511120898481,5.013653380312706,3.5913675401893856,4.757101959920722,2.7358731556925786,6.158158995815899,3.868795419511121,5.386082360713499,1.5170667253908832,3.5563532261616384,2.1065404096014095,7.12975115613301,2.53582911253028,4.4931512882624975,4.844483593922043,6.428451882845188,7.6878661087866105,9.302224179696102,4.330720105703589,1.3679365778462893,4.76549847421902,22705,71.0,319.0,False,0,0.0,14,0,13,0,77.0
CC Océan Marais de Monts,epci,248500258,7.550443487732767,6.469682037450076,3.5483168214118987,1.0,1.0,3.989574148036724,9.885834327506613,9.455729031588776,9.006172519321542,6.261476217646144,5.826028320971004,3.8783131905181802,7.465947403910992,6.006172519321542,6.899787333367914,8.915711395819285,7.550443487732767,2.8888427823019867,1.6574511126095752,6.900098552829504,3.237771668655013,3.2346076041288447,9.241039473001711,9.24378857824576,8.67555371129208,6.432180092328441,4.881736604595674,6.449556512267233,5.9840092476640026,19280,103.0,187.0,False,0,0.0,1,1,0,0,220.0
CC de l'Île de Noirmoutier,epci,248500191,7.9677558039552885,5.16981943250215,3.155739466895959,8.0,1.0,6.930997420464316,9.0,9.674011177987962,10.0,8.495808254514188,9.0,5.345335339638865,4.0,6.5015047291487535,6.315778159931212,9.495808254514188,3.008383490971625,2.681212381771281,1.8666165090283748,6.320292347377472,3.101139294926913,2.133383490971625,10.0,10.0,8.032244196044712,3.3931642304385212,5.008383490971625,2.5125752364574376,6.003926882446874,9304,189.0,49.0,False,0,0.0,2,1,1,0,275.0
CC Vaison Ventoux,epci,248400335,3.193082364224913,7.097710106701834,4.571034648123726,6.0,7.8725572473324545,4.025656396115574,4.096211485433401,4.347979858530152,2.7747272509291454,6.984534228509771,7.678575710346482,5.622467330056348,10.0,6.263697398393478,6.791391919434121,9.356791751588538,6.427167006354154,7.936038844263278,9.571993765735524,9.420633017623786,4.92369020501139,3.9102625584462296,8.535966910442394,8.361587339647524,4.992746673060784,1.984714063061983,5.0,7.070375254765616,6.243271190504736,16682,60.0,278.0,True,0,0.0,4,2,0,0,152.0
CC du Pays des Sorgues et des Monts de Vaucluse,epci,248400319,6.897824791418355,5.61826579261025,4.932479141835518,5.5871275327771155,5.0,6.892312276519666,1.946513706793802,5.223450536352801,2.6808998808104887,6.156138259833135,6.588259833134684,6.699433849821216,9.168861740166866,3.7438319427890345,7.074404052443385,8.654410011918952,8.951907032181168,6.4841477949940405,8.004141835518475,9.459713945172824,5.079320619785459,4.353694874851013,7.064779499404052,8.007777115613825,4.334624553039332,1.924880810488677,5.485548271752086,8.951907032181168,6.105952026221693,33562,275.0,122.0,False,1,3.0,4,1,2,0,116.0
CC des Sorgues du Comtat,epci,248400293,5.750271356783919,5.2872361809045225,6.4113969849246235,6.377869346733668,5.0,5.906211055276382,1.4592562814070351,3.326713567839196,1.4687437185929648,5.053547738693467,4.967417085427136,6.607155778894472,6.140281407035176,3.459497487437186,7.5170653266331655,8.576743718592965,7.862733668341709,6.580361809045226,7.970834170854271,9.052120603015075,5.0282211055276385,4.260402010050251,5.380120603015075,7.248381909547739,5.655236180904523,4.781346733668341,6.379678391959799,7.852442211055276,5.762903086862885,49756,321.0,155.0,False,4,6.0,3,1,1,0,85.0
CC Territoriale Sud-Luberon,epci,248400285,3.301995777397124,8.007528980599929,3.1574313827032627,4.0,7.0,4.0913038282277014,6.049834681113811,4.921284308648369,2.321395849101701,5.393817472015297,4.952515635581404,6.445643946938613,7.731864717364458,5.86419949806796,6.2715213321117,5.545512488547185,7.019599251085528,5.894514599848623,7.034019838266342,8.095446759351471,4.273592797673585,2.95474644464805,6.085487790303948,6.982073855714456,3.0615464287136995,1.1669521571126957,4.931442457076844,6.988686611162013,5.340855674620564,25103,69.0,363.0,False,0,0.0,3,2,2,0,96.0
CA du Grand Avignon (COGA),epci,248400251,5.576540961748974,5.1155572157112985,6.795863099407013,7.475800636047169,9.386204105772674,4.355885511509548,1.421165948130509,3.010028378287238,1.3740071490456698,6.440776537848957,7.347890824007927,7.658952130446737,7.182253972700814,2.9955694593599063,7.979834295704866,7.757705457243207,8.619321100060699,7.346858414655025,8.132060201397644,9.334236043018786,7.30989400943176,5.606242185595036,5.165600535400228,7.170959725659263,4.187058048383164,2.0871633645131333,4.833808034116201,8.493932649556687,6.077184642670006,192783,636.0,303.0,False,5,3.0,22,5,13,0,87.0
CC du Pays Réuni d'Orange,epci,248400236,5.4056521642074244,5.141237136415385,6.50215416210907,7.0,6.645489653325,4.361028640310735,2.8262160412527626,4.065450811438266,2.6194834475522915,5.987208964886041,7.323414514364801,6.936781480902739,7.528071076188137,4.151929816728799,7.532401723329687,8.449137219010202,7.524164564591379,6.684309217135076,9.204835145210616,9.526687054936714,7.128446101301426,4.714780007589794,5.657119896421635,7.514699645065518,5.616827019666496,4.340268321539389,5.159541933611626,7.409268477799853,6.177021579888959,44803,237.0,189.0,False,2,3.0,5,0,1,0,95.0
CC Aygues-Ouvèze en Provence (CCAOP),epci,248400160,2.171419809874272,5.740774813451907,4.24164366758663,10.0,8.0,3.1069712767044875,3.1233261780639885,6.262547275886742,4.747725646529695,4.191659000306655,2.9639681079423488,4.701778595522846,1.75672084227742,4.5654707145047535,5.912041296125933,7.587805376673822,7.231626290503935,5.634161300214658,6.8607789021772465,7.927118470816723,3.295614842072984,3.1906368189716856,5.341153020545844,6.350659306961055,4.436522539098436,3.2658182561586426,3.43442706736175,5.727895328631299,5.063223740891634,19566,136.0,143.0,False,0,0.0,1,1,0,0,86.0
CA Ventoux-Comtat-Venaissin (COVE),epci,248400053,5.449315225488511,5.829837831642886,6.764010658414991,7.41249785112601,9.41249785112601,3.681407942238267,2.643673714973354,3.080453842186694,1.8044667927339408,5.5417884361927685,6.015257005329207,6.420692223941321,8.620480201707638,4.31323419861326,7.692209615494814,9.094335568162283,8.797189272821042,7.7328519855595665,9.414245601971233,9.306830554122973,6.218239642427368,4.542017649418371,6.843361411953469,7.461449200618875,5.360982178671709,2.576027161767234,8.18173743625007,8.322302446851184,6.3761926250644665,69809,136.0,513.0,False,4,3.0,12,4,3,0,109.0
CC Cœur du Var,epci,248300550,8.038192848607409,8.07128412537917,6.576316757054876,6.0,7.505882893648313,5.443744829488004,8.664307381193124,5.469505469252689,4.612579281183932,4.926946410515672,3.8272359591874254,5.834152955234856,7.394475595183381,6.159688390477066,7.821513925912308,8.841621472561817,7.206636639397003,6.65385145693538,8.00882434047247,8.904012317308576,6.870185678830775,6.291961577350859,6.068664399301406,6.846424303704384,5.814826730398014,3.5841989153414837,8.313310046879309,7.722929497196433,6.695474078499863,43517,96.0,453.0,False,1,4.0,3,2,0,0,89.0
Métropole Toulon-Provence-Méditerranée,epci,248300543,3.769732015511294,5.517707664055629,6.234148086378404,5.834190008794594,7.2230340893038605,4.5930495368028685,8.125439160093505,2.332927779524545,1.2597959471959828,7.553551329897518,9.161246371660447,7.523328457574059,7.496416089094248,2.6646275056618047,6.611169589843839,5.739005618515126,6.769697839628531,6.15462992075752,7.40864103019781,9.373847703152839,7.3227160257549455,6.440830154976236,7.052350617216443,9.095924867739333,4.145459392216101,1.586788515080678,3.385952800827512,7.461303787143488,5.9941968537356844,438984,1189.0,369.0,False,13,2.0,35,5,23,0,127.0
CA Dracénie Provence Verdon Agglomération,epci,248300493,7.414880919077193,7.2437102519629235,6.270025550644361,5.6354090900613585,9.0,5.317033141237248,7.892733918946642,4.127548070646599,2.233191592532498,5.611154628023648,5.637992129655532,6.051110613774968,8.80668233275518,4.459426695760831,7.567298905238815,8.130466812137488,8.620554281131689,8.036097278949626,9.238311046457412,9.618195042801991,7.529551091963669,4.927581640836271,6.8259199164475275,7.730589902832951,5.37042839292042,2.0863686379828046,8.511730916279676,9.243924728174715,6.754925626044072,107252,116.0,924.0,False,3,4.0,11,5,8,0,110.0
CC de la Vallée du Gapeau,epci,248300410,7.003243037008775,6.570933485946839,3.4947539107210988,2.0,2.0,4.3842680910593925,8.0,2.216043494849294,1.2582983594048074,4.480605366908304,2.7085399974564415,5.842013226503879,7.2448810886430115,3.304146000254356,5.494022637670101,6.148448429352665,5.819439145364365,4.949383187078723,5.536945186315656,8.30230192038662,4.495421594811141,3.9943405824748823,5.980223833142566,6.801570647335622,4.024831489253466,1.6625969731654584,5.801729619738014,8.910180592649116,4.943898639196235,31455,378.0,83.0,False,0,0.0,9,1,7,0,107.0
CA Sud Sainte-Baume,epci,248300394,6.713119971276092,7.252362378208999,3.374618510600101,2.0,3.0,4.967359195730583,7.039528013970264,4.9416545623684165,2.417312682584499,6.252003329362036,6.680071156953307,6.237837220309109,7.415435836339007,4.01483524554045,6.460153738188109,7.6889168149103195,7.382958236090937,4.922641293881481,5.832356829272273,7.728885479738221,4.89976009008862,3.4675142395508627,8.600068545688966,8.764055946338518,3.3557684461345128,1.0471822825714425,3.4288022456873337,6.73089288920079,5.450574827878045,61280,171.0,358.0,False,0,0.0,3,2,0,0,191.0
CC du Quercy Rouergue et des Gorges de l'Aveyron,epci,248200107,6.957563134600364,9.079146055714657,7.033845352772715,7.0,6.013668315542827,5.244337412132257,5.14267117938037,8.543217912002083,9.387789638115073,7.738739911481385,7.582270242124447,5.191486592033325,4.0,9.499218953397552,7.42059359541786,9.0,5.0,8.861234053631867,10.0,9.173652694610778,8.523821921374642,6.392606092163499,9.407836500911221,8.560270762822181,5.8184066649310076,2.347435563655298,3.0,9.0,7.175707591029123,7682,16.0,480.0,True,0,0.0,2,2,0,0,211.0
CA Grand Montauban,epci,248200099,4.295362218548563,5.232542642215473,6.459805466917842,5.780938833570413,8.780938833570412,5.22244435046711,1.0694321633155204,3.5934668665820872,1.1592146912203811,5.7722886471108374,7.681955070290774,6.997462611971858,7.531659682442044,3.309868901618546,6.555905834710956,6.4756833647303065,4.810439173170326,7.495982468955442,8.087014468237797,9.691681724398652,7.935296605282381,6.783835044147989,5.554162982327989,7.664385580459549,3.9480988812425513,1.5854574346750734,6.373931541783604,8.231760921661348,5.860036321629494,78046,276.0,282.0,False,2,5.0,14,4,1,0,90.0
CC de la Lomagne Tarn-et-Garonnaise,epci,248200065,6.726991415452186,7.316729886204831,7.491215811539229,6.0,9.0,6.582152126172889,3.9290277500499102,9.192253942902775,9.741365542024356,5.897284887203035,6.182471551207826,6.252245957276902,5.248352964663606,7.58674386105011,6.2859852265921345,5.485825514074666,5.624176482331802,6.864643641445398,7.759233379916151,7.2737073268117385,7.195847474545817,8.343481732880814,8.391195847474545,5.979536833699341,7.73747254941106,6.833000598921941,9.375823517668197,8.375823517668197,7.095449619256766,10018,26.0,385.0,True,0,0.0,2,1,1,0,138.0
CC du Quercy Caussadais,epci,248200057,6.262698490975441,6.296084426472039,8.508482098826315,6.0,8.0,5.119045270736759,4.3391360094683895,6.232665943386921,5.545172107702929,6.665450241641188,7.038958477167373,6.971249630141039,8.866111056317191,7.167324193707466,7.420850182463754,8.141729953644344,9.0,6.5724923562481505,6.8511687543150215,8.85146464148338,7.4760331393628565,6.966860637143703,7.852155044876221,8.312752736956307,7.666929677482987,5.575993687740408,9.0,8.33701548476181,7.179922294393642,20278,51.0,397.0,True,0,0.0,16,2,15,0,122.0
CC des Deux Rives,epci,248200016,6.857562016537743,5.923392904774607,7.621765804214458,6.0,8.0,5.120938917044545,4.758815684182449,4.2568151507068555,4.717951453720993,5.890210722859429,7.153961056281675,6.016644438516938,7.0,6.518378234195786,7.706321685782876,9.278047479327821,6.443905041344358,7.673993064817284,8.676713790344092,8.729474526540411,7.257028540944252,7.640064017071219,6.98853027473993,7.614670578821019,7.8686583088823685,6.42096559082422,9.278047479327821,7.556094958655642,6.963176847159241,18745,54.0,347.0,True,0,0.0,3,1,2,0,113.0
CC Thoré Montagne Noire,epci,248100745,8.82122352009503,8.805979014056623,6.027717283706197,10.0,7.0,6.387250049495149,1.586616511581865,6.946941199762423,7.392397545040586,6.0782023361710555,5.106117600475153,4.439516927341121,1.0,7.529796079984162,6.430805781033459,8.0,9.0,6.161354187289645,6.703821025539497,7.830330627598495,6.426648188477529,4.913086517521283,8.922985547416353,8.928331023559691,8.262720253415166,6.94496139378341,4.0,9.0,6.737385807619424,5051,31.0,162.0,True,0,0.0,2,0,2,0,175.0
CA de l'Albigeois (C2A),epci,248100737,5.890810889716079,5.193586842809527,5.893560080772693,4.191713500231127,10.0,4.5576478602535095,1.0988005741673357,2.5677444468773567,1.3479673016568134,7.145427341069995,7.5361044206019026,6.774773130915018,3.1989149210519914,3.4657567574143004,6.220957107753692,6.17894070992385,6.358757268325913,5.880203391479941,4.425066296863976,8.917998686227282,6.920273459358198,6.216833321168771,7.321752670121402,8.358355837773399,3.6711432255553125,1.7249349195922439,3.726905578668224,6.907427681677737,5.417584222215271,82217,389.0,211.0,False,3,2.0,18,2,7,0,124.0
CC Val 81,epci,248100497,8.69226618705036,8.33435251798561,4.418165467625899,10.0,9.0,6.711510791366907,2.2258992805755398,6.431654676258993,5.555215827338129,5.194064748201439,3.9410071942446043,5.289388489208633,6.0,7.84478417266187,4.89568345323741,6.0,6.0,4.528597122302158,4.676618705035971,4.911510791366906,6.173021582733813,8.270323741007195,7.878057553956834,6.255575539568345,6.971402877697842,5.691726618705036,4.0,6.0,6.138958119218912,5560,21.0,264.0,True,0,0.0,6,1,3,0,156.0
CA de Castres Mazamet,epci,248100430,3.674056712518251,6.062283869976178,7.561899638822716,6.0,9.663580009733856,4.827979712595098,1.0050206204052359,4.5253848715387175,2.376098260713645,6.82838955915879,7.610479264325418,6.74735520889367,7.722674761136299,4.364289556597249,7.279963626117472,8.655434309280464,7.455313916852378,6.432938856015779,7.125438663900202,9.51162939624478,7.86481467250698,6.531430108353185,7.76780911396296,9.047401316632087,5.986436640282794,4.020031250800481,4.975127436665899,7.538576807807577,6.398637077208505,78100,191.0,408.0,False,5,4.0,19,3,11,0,127.0
CC du Sor et de l'Agout,epci,248100158,7.868597174226849,6.383841476750798,5.708324220287826,3.0,5.0,4.725777525042649,1.075018590612834,6.551638161060321,4.436245133633699,4.3334937229342545,3.702550194654652,5.003674379948384,5.2804776693932896,5.4371199860023625,6.173483224705831,6.9998687721447,6.27977778749836,3.958881938672849,4.2890074799877524,6.131709024102182,4.986308560430428,4.823367306766983,6.175932811338087,6.592493766676873,5.18266917457679,4.433008179869647,3.825204496741175,5.576658938804076,5.14054034631656,22861,61.0,374.0,True,0,0.0,6,3,5,0,103.0
CC du Pays du Coquelicot,epci,248000747,5.293157076205287,5.6550261558037604,6.295101088646967,4.0,5.0,5.622614166548848,1.756751025024742,4.301922805033225,4.012017531457656,5.146048352891277,6.600841227202036,5.870104623215044,8.040117347660116,7.137848154955464,6.869786512088223,9.346705782553371,7.386823130213488,2.518344408313304,2.238017814223102,4.444860738017814,5.99886893821575,7.44556765163297,5.71995617135586,6.53456807578114,7.479746924925774,8.529266223667468,8.693411565106745,6.386823130213488,5.868724879319745,28293,60.0,471.0,True,0,0.0,19,2,4,0,90.0
CA Amiens Métropole,epci,248000531,4.612969392719713,5.072332920518377,7.113024680436995,6.48017382458313,10.0,5.334264009907559,1.1227553186784025,1.858844929010571,1.1825987438630634,7.43220620107037,8.643040382148701,7.893405281082755,3.403666681410058,3.624165155469061,7.05296010438321,8.008530894776417,6.639203414569419,6.835187314786147,6.667814808262197,9.258381617939758,7.764888982263701,7.66533791852802,3.4815504887434208,5.250530762085895,3.504975894555266,2.3390795700827103,3.0088460347649164,7.542190057056924,5.671175906560598,180902,513.0,352.0,False,6,8.0,79,1,17,0,68.0
CC du Val de Somme,epci,248000499,3.8790392193657346,5.375267404766372,3.648151623193845,10.0,10.0,5.305911052730344,1.3049727903921937,7.20262713454682,5.75601426158754,3.718371176580972,4.360180146368925,5.20683054982173,4.887370988928504,5.855507599924939,5.183899418277351,3.0684931506849313,6.283242634640645,2.3453556014261587,1.9640457872021018,4.328917245261775,3.6651904672546443,5.90294614374179,4.587614937136423,5.773878776505911,5.757553011822106,8.219478326139988,6.283242634640645,5.641621317320323,5.196632978580811,26645,107.0,249.0,False,0,0.0,14,1,1,0,81.0
CC du Thouarsais,epci,247900798,7.7221022520122276,6.849566704994811,5.517710407493619,4.0,5.952632021762907,6.0728889138177635,8.606472782342879,6.445831113105421,2.9528283366519896,5.61780295594133,6.5587121743276215,4.890989146591132,8.002916678352078,6.676837647586729,5.855091566873265,5.5250021033738115,4.390526404352581,4.654822335025381,4.004094567686569,7.522309784894971,6.1417673949014215,6.654037075469052,6.979246711725608,8.626805395854952,8.711024483271167,8.678015536921222,8.242617157921305,4.390526404352581,6.294399216343015,35664,57.0,625.0,True,1,3.0,5,1,4,0,117.0
CC Cœur d'Yvelines,epci,247800618,4.2533127827375,5.959886304495776,3.4506985868129227,8.0,1.0,3.351455222386805,2.001341126546299,4.772168621642179,3.0164137875815684,3.2721686216421793,1.4912126185996237,4.917190439969574,1.9241963249129268,3.0755634733175867,2.102185836102326,1.248088394251171,1.153108611233436,6.904920132911646,7.621762280315465,9.237499499579647,1.4476560310660955,1.139857480283438,4.360302654229553,5.217402618199287,1.29330637735698,1.0,1.0870731414388086,1.0,3.4035275345576,49959,217.0,230.0,False,0,0.0,3,3,0,0,75.0
CA Versailles Grand Parc (C.A.V.G.P.),epci,247800584,2.829439768670944,5.089640009139296,1.9037976769708478,1.0,1.2544469789758745,2.9079627985721723,1.0,2.7109435573584437,1.0384299888755295,6.712539188475498,6.661085703369928,5.723963307975533,2.352323590994048,2.5995827387172774,3.4278463849216605,3.178766869304327,1.4338768217724989,8.22315987399758,9.072301566789898,9.955674416339862,2.4394840043598935,1.8407814846860615,4.40815195202619,7.117057895939381,1.3760969963929748,1.0,1.113993984545601,1.80297326756037,3.577654315240418,267032,2153.0,124.0,False,0,0.0,12,2,7,0,71.0
CC du Pays Houdanais (C.C.P.H.),epci,247800550,3.786491785545264,5.955919140017579,4.39868839158948,9.861334595362045,3.8613345953620444,4.608511932932188,3.6058751943749576,8.4974646744642,6.712122236495166,3.027449124467582,2.724562233790819,4.803562977486309,2.7528902711108105,4.306977215874518,3.4771820701778107,2.21648299641674,3.1235548644445945,6.328645798120479,7.564701507673585,8.33895612196606,2.636704752890271,4.0500980325873845,4.074268136028666,5.4143736055709555,2.33581231830167,1.657359204921912,1.0,2.0,4.397190134927611,29582,100.0,295.0,False,0,0.0,2,2,0,0,72.0
CC Brie Nangissienne,epci,247700701,5.367680909221694,5.495540210041721,5.071500503524673,9.0,4.0,5.187742770824342,4.451481801179686,4.525787656452309,3.5867141418500936,3.847863616745792,3.971622788088045,6.502481657315494,8.160948065026615,5.520069054812257,5.192490289167027,7.18990073370738,8.039994245432313,7.5594159113796575,9.030786937131348,9.322327722629838,4.418716731405553,3.8973888649115236,2.16404114515897,4.533232628398792,5.659833117537045,6.875125881168177,5.907926916990361,7.416702632714717,5.782047033314835,27806,94.0,295.0,False,0,0.0,1,1,0,0,53.0
CC l'Orée de la Brie,epci,247700644,7.355292082597571,5.2597210710295865,3.2474323399041407,8.166276262207647,1.0,4.243792569101589,1.0,3.91704205556957,1.1419150239648275,5.467980828137951,5.599985585066128,7.224945043064615,7.08948070200728,3.6571407978665897,3.9994954773144977,3.096940430285776,1.1419150239648275,8.443727701899167,9.833723737792353,10.0,3.0892284406645283,2.432556128148762,3.0020541280766873,4.892752891996108,2.7398464809542684,2.456196619698007,1.882193952935241,1.6571407978665897,4.39424200614694,27751,566.0,49.0,False,0,0.0,0,0,0,0,57.0
CA Marne et Gondoire,epci,247700594,5.361674021192276,5.492462782352886,3.613151952931036,1.0,1.251112547663884,3.4754208943477893,1.0637360990097156,1.929181071231157,1.0070921985815602,4.925471017547804,2.584399036885054,7.07115620637642,5.555599276726908,3.2573053392919045,4.9300617405398315,4.793923381770146,2.731817457863721,8.601337867843391,9.836551523838969,9.90885072655218,3.723282460627524,2.610360043846089,2.1256921217572162,4.320975856544591,1.8000037475289732,1.1696037924993208,1.307381695194731,2.6156721661654347,3.859402750953947,106747,1016.0,105.0,False,1,2.0,2,1,1,0,48.0
CA Val d'Europe Agglomération,epci,247700339,4.721282821736484,5.145741275358904,2.5585341424615566,8.0,1.0,2.8840315010114104,2.0,2.589249592490033,1.054753628311632,4.64386574755985,1.7799249788880378,6.358078516860111,2.3011842337830672,4.361908128596398,3.8799858598951276,5.335395431960565,2.299181052259471,8.577800035350263,9.598303187415306,9.834109075197864,2.3318996838115438,1.87118757241894,1.6446513089416523,3.651151829376068,1.6261316993656592,1.4918399811465268,1.1285767591665194,1.7943596692786583,3.730825989737202,50919,737.0,69.0,False,0,0.0,0,0,0,0,35.0
CC Pays de Montereau,epci,247700107,4.609030862350694,5.271432187981865,7.385836919748683,6.953119605992957,9.476559802996478,3.3397620307933074,3.922418356309406,3.4879979747301557,1.3636740236128053,4.1447147361395595,5.677774964902994,7.024832570021403,9.418172193965617,4.68824653057467,7.305332443442039,7.558537202826172,6.169915537041725,8.401486732181077,9.17707302478654,9.623575982140803,6.984327173137557,6.042001334836943,4.162136659685623,6.339646958643069,7.179880785252354,8.155692619272283,8.942509953740995,7.382315711951393,6.435285888537829,43456,159.0,273.0,False,1,16.0,6,1,5,0,60.0
CC du Pays de l'Ourcq,epci,247700065,6.643142173070346,5.826302588074336,6.125527305894424,8.0,2.0,6.9171702200433245,2.777961463915175,5.202770493672329,3.409645422414776,3.1665146505529584,4.281552844601528,5.867631968988713,10.0,6.4990879033177515,6.4407707216965,6.007581803671189,7.6045490822027135,6.449777676433702,8.486774598107399,8.70721696499829,4.238912324706419,2.7361190286170336,2.2275681222209553,5.060198381028389,6.195644738342264,6.461406909132368,9.201516360734237,6.806065442936951,5.8336217567633595,17542,74.0,237.0,False,0,0.0,1,1,0,0,49.0
CA Melun Val de Seine,epci,247700057,3.828344629941318,5.213551380612292,6.3764651473108005,4.908383751080381,7.61386071054906,3.761307980409104,1.140472183050539,1.9563223096635278,1.13001713445238,5.879588773142883,6.759450484465269,7.652481462948642,8.84896662572594,3.0036922470393788,6.587135513806123,6.926276365069978,5.605285902743029,8.989484298473062,9.55011448240307,9.87742043093906,7.351112223081472,5.796403281323447,3.0519492334986125,5.4372621267949475,3.6330649441234892,2.3788912644619327,2.1403736220412743,6.632064170798648,5.429633667141059,131922,856.0,154.0,False,6,22.0,8,4,1,0,53.0
CC Moret Seine et Loing,epci,247700032,6.940073169474932,5.805843252434689,3.761271706085433,1.0,1.0,3.443783171020766,1.9743391559746484,4.0669088473231305,2.0924408718503633,4.644483949090534,4.038955016231257,5.596794970886793,7.324238676766115,4.41072808780337,4.24022260009275,2.7651105271293863,3.465167207708559,7.271809141031587,8.935719070438502,9.085098160457568,3.631911166074097,2.5386973772350183,4.821404647807492,6.646055546967589,3.4543206059669194,2.4292008038336683,3.071443293656928,4.921626217344257,4.406344544310225,38817,169.0,229.0,False,0,0.0,15,1,12,0,87.0
CA de la Région Dieppoise,epci,247600786,5.918725927208206,5.542909075172026,6.687497295191934,5.235686155710391,10.0,5.666594538451552,5.032349504479162,3.9596226251785174,1.3338382308391397,7.0764919721296575,7.909854156749037,6.975938027437573,9.482645951443285,4.729713939498853,7.696823473406327,8.591876920413727,9.617518500887178,3.8271952222270307,1.778919807850435,7.852923356558619,7.698446358246419,7.758125243432726,7.613861600380837,8.325269398883455,7.4810447050677285,6.3883455230016875,8.88356342233955,9.156208075474964,6.722213893130714,46222,355.0,130.0,False,3,7.0,18,0,17,0,141.0
CC Falaises du Talou,epci,247600729,8.719389701207882,7.6180546726001275,2.9992795083704173,9.0,5.0,5.940283958465777,3.626276753549481,6.22407289680017,3.188260224623861,3.0520449247721975,2.1691036236490784,4.161347743165925,5.933036660309387,6.105446069082433,5.946810764992583,7.9340962068234795,3.8425513880059334,2.013731722822632,1.4064420428056792,3.8384403475312565,3.6353040898495443,4.529179910998093,4.598431871159144,5.960203432930705,7.535325280779826,8.90853994490358,3.915448188175461,3.1574486119940666,5.0342339478703115,23595,71.0,332.0,False,0,0.0,1,1,0,0,80.0
CC Caux - Austreberthe,epci,247600646,5.696496663489037,5.67469018112488,4.274507467429298,9.0,2.0,4.903836987607245,2.317365745154115,4.051676199555132,2.583849698125199,4.6749682237051156,6.582697807435653,5.885406736574516,7.951938353987925,4.160827772481729,5.673657451541151,3.484906259930092,9.236296472831269,3.2533762313314267,3.276215443279314,6.238441372735939,5.898117254528122,5.781776294884017,4.652208452494439,6.078646329837941,6.588338099777566,8.771170956466475,7.206108992691452,7.987686685732443,5.495900290526124,25180,286.0,88.0,False,1,4.0,2,0,2,0,81.0
CC Yvetot Normandie,epci,247600620,6.442984780798062,5.734421140304384,4.285568259256455,9.0,2.0,4.563034754296964,1.1631331869463164,3.610736730521693,1.3191489361702127,4.549670629211781,6.307488453093057,5.178428106307261,3.7602786401150903,4.159271598394791,4.738207011433331,1.5599303399712274,4.320208980086318,2.1953509502536535,1.1251608995229803,5.205951389414705,4.570379344287121,6.455478155523586,5.157037934428712,6.665707579314,6.615014764897403,7.953963807072007,4.880139320057546,4.320208980086318,4.5656037382773205,26417,156.0,169.0,False,0,0.0,1,1,0,0,94.0
CC de Londinières,epci,247600604,8.081873571972581,6.9611576542269615,3.7983625285605482,9.0,5.0,7.062261995430312,4.423648134044174,9.871667936024371,8.468583396801218,4.649276466108149,4.184310738766184,3.636138613861386,2.0,8.107197258187357,6.710586443259711,6.0,5.0,2.7635186595582635,3.6686976389946686,3.518849961919269,5.282939832444783,6.096915460776847,5.624333587204874,6.9607768469154605,9.160891089108912,10.0,7.0,4.0,5.965428136220216,5252,26.0,202.0,True,0,0.0,1,1,0,0,96.0
CC des Villes Sœurs,epci,247600588,5.437265031239012,6.085494820544722,5.62299515862927,4.0,7.0,4.096286479322749,1.186081735320369,3.696724636897195,4.139858815892678,6.028750709977551,7.12371189787142,5.792659508289833,8.81040218537852,6.8386931003705405,7.808563005436399,9.506044951721526,10.0,2.25104806209937,1.4783220187704542,4.86162875611933,6.396911259567792,7.227814891948179,7.695155924593623,8.588456441186812,9.188407757011873,9.161225759337896,8.650907418927325,9.872312227841938,6.376632948367728,36975,172.0,214.0,False,0,0.0,15,3,6,0,144.0
CC Campagne-de-Caux,epci,247600505,5.499767549976755,5.555223484093777,3.2257421797170753,9.0,8.0,5.765225476522548,2.673108853025171,4.638839078169622,3.8140399814039982,2.5381550109583584,2.1408647140864714,3.968785282592814,1.9507205950720594,4.54944544065883,3.918908149033672,7.570432357043236,3.1901441190144117,1.8194859533771668,2.1158929401607227,3.6822740253702597,2.479046290761772,4.831905426047685,3.5434681543468156,5.126253569768214,5.199110048482433,7.75293883243674,1.190144119014412,2.5704323570432357,4.225369785292079,15057,102.0,147.0,False,0,0.0,1,1,0,0,65.0
CC des Sources du Lac d'Annecy,epci,247400773,7.907676074914271,8.585597467686625,3.069242943814297,8.0,1.0,4.302888419941968,4.303547876549723,4.369361646003693,2.937219730941704,6.326101292534951,6.051371669744131,5.188406752835664,4.296030071221313,5.5015826958586125,4.730611975731997,3.9430229490899498,3.0301371669744133,7.11527301503561,7.96511474544975,9.294381429701925,3.2138617778950147,3.178646795040886,6.909258770772883,7.490503824848325,5.024861514112372,3.911896597203904,3.0301371669744133,2.528488525455025,5.114472246297622,15165,99.0,153.0,False,0,0.0,2,1,1,0,110.0
CC Rumilly Terre de Savoie,epci,247400740,8.152324399847581,7.087133240187984,4.274355391845548,8.0,1.0,4.658198907659088,2.9188365299123586,3.4883144925695415,2.065889749777721,4.136352089419535,5.756319065159405,5.148323383716499,2.4641813793979424,3.3705703035691603,3.5020640162580974,1.9761209195986282,2.488060459799314,6.534929505906262,7.949383970532199,8.697891528007112,2.4121681696938904,2.300679537660358,3.099199796773784,5.266321605487108,4.284135653499302,4.606884288073162,3.815254667852153,2.488060459799314,4.355069768285824,31495,184.0,171.0,False,0,0.0,2,1,0,0,60.0
CC du Pays Rochois,epci,247400724,7.879654729633328,6.20912398344985,2.541767727207876,8.0,1.0,3.950813240119846,1.0092737908403482,4.901234127550293,3.594556998145242,5.16236267655871,6.163361392495363,6.4003067484662575,2.3552575260379514,2.806213439863033,3.5769011271222713,3.119952917677272,1.4913682408332145,7.668212298473391,9.269831645027821,9.609858753031816,3.0578898558995578,3.303645313168783,1.826366100727636,5.121557996861179,3.058317877015266,3.0151234127550293,1.7370523612498217,2.0,4.279643010007542,28038,298.0,94.0,False,0,0.0,7,0,4,0,53.0
CC du Genevois,epci,247400690,7.906896478709213,6.3445274948652255,3.2740805047959856,2.0,1.0,4.1659432104516485,1.322527367819256,4.804836216571029,3.807313612975628,6.652889237088953,6.3067313189489065,7.060622101763822,2.3780041078196796,3.0533593071759797,5.589408601012133,4.876214877083025,3.67988650560061,9.977745781015097,10.0,10.0,4.049738497046182,1.6360132974781374,1.5783979503250258,4.153026870222543,2.1550172570775192,1.599360535287018,1.1030342812374276,3.755415334448515,4.436821098100663,47230,312.0,151.0,False,1,4.0,6,1,1,0,48.0
CC du Haut-Chablais,epci,247400682,8.740489024294977,9.334192641199905,3.740879618779783,8.0,1.0,5.226466682290446,2.588079056323725,5.22006093273963,3.747832200609327,5.8895398796968985,3.7614248886805717,5.185688618076712,1.0,6.742520115615967,1.227325990157019,1.0,1.0,7.9412545894851965,7.587844699632841,9.417857979845325,1.8041559253183346,1.0395281618623544,4.441371767830638,6.381376454964456,3.746816654948832,3.6515897195531597,1.0,1.0,4.3362962714966455,12801,41.0,312.0,False,0,0.0,2,1,1,0,84.0
CC des Quatre Rivières,epci,247400666,8.415688092295014,7.5307478368356,3.199165636588381,8.179182117840956,1.1791821178409558,2.903996703749485,1.030490317264112,5.706839719818706,3.2933662958384837,3.9754841367943965,2.226926246394726,5.32663782447466,2.9053358055212195,3.7749278945199833,4.114493201483313,6.68258137618459,2.2768335393489907,7.822775030902348,8.826586320560363,9.591882983106716,2.0595385249278944,2.4824886691388546,2.31577049855789,4.695869386073341,3.496291718170581,3.4293366295838483,2.848629995879687,2.0488257107540173,4.369281226087468,19416,144.0,134.0,False,0,0.0,2,0,1,0,60.0
CC des Vallées de Thônes,epci,247400617,7.595168769545994,9.590531651029872,2.8514504475358566,8.0,1.0,6.718915129947159,3.224199288256228,8.298015744634961,6.168392106114526,6.117006362557964,5.667691146338833,4.519303353822926,1.711312412380028,6.213954491534563,1.1339911571228298,1.0,1.0,5.772942952658255,5.162299148064273,8.573708616413242,1.4292030626550198,1.0574787016068155,4.098943168338186,6.152054351342607,3.1173298824544378,3.15140731154966,1.0,1.0,4.33304640199658,18547,53.0,349.0,False,0,0.0,2,1,1,0,78.0
CC Arve et Salève,epci,247400583,7.926390841534444,6.0025607551717215,2.8584555131552523,9.0,2.0,4.33204458726652,1.0565876682064672,4.077425185780277,1.5440349467764611,5.031482225346455,4.039465756175939,6.067131954207672,2.9098212492468365,2.5318337015464953,3.3868246635870656,2.518778871259289,1.4032938341032335,8.847057642096807,9.827826872866037,10.0,3.1115183771841735,2.8179353283791926,2.6877887125928903,4.49884514962844,2.927445270134565,2.472936332596907,2.0,1.4032938341032335,4.188599259748085,19917,201.0,99.0,False,0,0.0,1,0,0,0,61.0
CC Fier et Usses,epci,247400567,7.547262396694215,6.091038223140496,1.6819473140495869,8.0,1.0,2.7546487603305785,1.9659090909090908,5.136557334710743,2.975206611570248,2.4546745867768593,1.1642561983471074,5.048876549586777,3.5960743801652892,2.4298811983471076,3.380358987603306,1.9792097107438016,1.3245092975206612,6.7068052685950414,7.289449896694215,8.988959194214877,2.606921487603306,2.7652376033057853,2.0573347107438016,4.0861957644628095,2.339940599173554,1.9659090909090908,1.6490185950413223,1.0,3.5709351018299893,15488,231.0,67.0,False,0,0.0,1,1,0,0,57.0
CC du Pays de Cruseilles,epci,247400112,7.790766331658292,6.731469849246231,3.164258793969849,8.845917085427136,1.8459170854271356,3.766645728643216,1.9064070351758795,8.13863065326633,6.057788944723618,4.039824120603015,3.3922738693467336,4.7405150753768845,1.0,3.0583542713567837,3.3519472361809046,2.0,1.0,7.59786432160804,8.03605527638191,9.581658291457286,1.933103015075377,1.0,1.7641959798994975,4.3609924623115575,1.718781407035176,1.427072864321608,1.0,1.0,3.937515703517588,15920,136.0,117.0,False,0,0.0,2,0,2,0,45.0
CC de la Vallée Verte,epci,247400047,8.709810284573141,8.646030953569646,3.4136295556665,8.0,1.0,4.0039940089865205,1.3780579131303046,9.123065401897154,7.053419870194708,5.019595606590115,5.085871193210185,5.610584123814278,1.7338991512730904,4.717174238642037,2.878806789815277,3.0,1.0,6.803669495756365,8.316650024962556,9.080878681977035,2.4247378931602594,3.1347978032950574,2.1256864702945584,4.292311532700949,2.6045931103344984,1.831627558662007,1.4520718921617575,1.0,4.408605841238143,8012,101.0,79.0,False,0,0.0,1,1,0,0,58.0
CC Les Versants d'Aime,epci,247300817,8.08503366131538,9.531227343345417,3.0614189539098913,8.0,2.0,5.067426204039358,6.066597617814604,2.5696530295183844,4.105023303987571,6.398032107716209,6.010150181253237,5.250958052822372,4.08089073019161,8.044018643190057,1.0,1.0,1.0,7.133195235629207,5.645572242361471,9.531227343345417,1.0,1.0,3.811496633868462,5.844225789746245,3.929259451061626,3.5455204557224236,1.929259451061626,1.0,4.4871495154250205,9655,35.0,275.0,False,0,0.0,2,1,0,0,87.0
CC Porte de Maurienne,epci,247300676,8.64434719183078,8.661269146608316,5.209190371991247,8.0,1.0,4.5762217359591535,5.2608315098468275,4.027571115973742,3.4142961342086067,5.9417943107221,8.101239970824215,5.128227571115974,3.8259664478482858,6.87235594456601,4.109117432530999,7.0,1.0,6.167031363967907,5.890299051787017,8.414296134208607,3.1328956965718455,4.30109409190372,5.173741794310722,6.492778993435449,7.879941648431801,7.643909555069293,9.119474835886214,10.0,5.892424716057102,6855,39.0,175.0,False,0,0.0,2,1,0,0,87.0
CC du Lac d'Aiguebelette (CCLA),epci,247300668,9.284758239919691,6.850928559477999,7.086665551279906,8.0,3.0,4.283921699849423,2.103898276727455,4.933746026434666,2.7781495733645643,4.047180859963192,2.6471473983603815,4.784841893926719,2.0,4.621047348167977,3.4390162288773634,1.6471473983603815,1.0,3.4164296469800903,3.5049355864145895,5.925882549774134,1.9889576710724444,1.7241090848251632,4.555462606658859,5.3590429981596115,2.2487870168981092,1.0921867157436842,1.0,1.0,3.7258658189727285,5977,69.0,86.0,False,0,0.0,3,1,0,0,75.0
CC Val Guiers,epci,247300528,9.005878030859662,6.300759245652706,5.9669360764144015,8.0,3.0,3.8230875989876725,1.8145154706506654,3.3792146297656953,2.8319046452771657,5.762756143358642,6.658339456282145,5.982039350151033,4.4322801861376435,5.226467466731978,5.3378234957955755,6.761286635643726,3.2838599069311782,5.321413992979019,5.580128990121643,8.06400522491632,3.1798514164421587,3.725283696628296,5.416197240591068,6.712466323781533,5.727569597518165,5.093803575802106,5.045146542574904,2.522573271287452,5.1412710075458055,12249,139.0,88.0,False,0,0.0,4,1,2,0,90.0
CC Maurienne Galibier,epci,247300452,8.863963133640553,9.482027649769586,8.464147465437788,8.0,1.0,7.881658986175116,7.0,5.497880184331797,3.5345622119815667,7.329032258064516,9.649585253456221,4.978617511520738,2.0,9.106543778801843,2.3636866359447004,4.272811059907834,1.0,5.893456221198156,6.378064516129032,8.526451612903227,3.551520737327189,2.0,7.491612903225806,7.476497695852535,5.898248847926268,5.778617511520737,5.272811059907834,2.3636866359447004,5.751981566820277,5425,16.0,339.0,False,0,0.0,2,1,0,0,119.0
CC du Canton de la Chambre,epci,247300361,9.504929101958137,8.398514517218096,8.328831870357867,8.0,1.0,4.91681296421337,5.100202565833896,4.667251856853477,2.8055367994598246,6.4573936529372045,7.230925050641458,5.088588791357191,7.0,6.417555705604322,2.2309250506414586,4.0,1.0,4.626198514517218,5.387711006076975,6.983524645509791,3.42457798784605,5.3095205941931125,5.962997974341661,7.019176232275489,6.943281566509116,5.7188386225523296,4.0,1.0,5.304403395389216,7405,26.0,284.0,False,0,0.0,1,0,0,0,104.0
CC de Yenne,epci,247300262,9.433554817275747,8.22937430786268,5.6245847176079735,8.0,3.0,3.4166666666666665,3.66749723145072,3.7556755260243633,2.0891472868217056,5.3211517165005535,7.075027685492802,5.44781284606866,5.245016611295681,6.305509413067552,3.8394241417497232,3.41500553709856,1.4150055370985604,3.8618493909191582,4.204318936877076,5.82281284606866,3.191029900332226,2.732419712070875,5.403516057585825,7.089285714285714,5.0436046511627906,4.7260520487264674,2.41500553709856,1.4150055370985604,4.685191227653852,7224,57.0,126.0,False,0,0.0,2,1,1,0,85.0
CC de Haute-Tarentaise,epci,247300254,8.469372030306921,8.467702581225119,4.830165660716579,8.0,2.0,6.803711313728008,5.9187106716322075,5.469693078207269,8.737382817516373,7.932130473866701,8.041094131244382,6.787273661230255,2.396750995248491,7.594644921022216,1.3716450494413766,1.0,1.0,8.364903043534095,8.385899576216772,9.891357390522666,1.8586105046872994,1.4655836650828304,3.1752921535893157,5.464171054321305,3.334852960061641,1.870425067420059,2.931167330165661,1.0,5.091519290392414,15574,25.0,622.0,False,0,0.0,6,1,0,0,79.0
CC des Vallées d'Aigueblanche,epci,247300015,7.836421460176991,8.836421460176991,1.728429203539823,8.0,2.0,3.8115320796460175,6.635785398230088,2.3642146017699117,2.1079922566371683,7.107992256637168,6.132881637168142,5.308628318584071,2.456858407079646,7.200636061946903,2.9846515486725664,3.913716814159292,1.0,6.620436946902655,6.620436946902655,9.256222345132743,2.6204369469026547,3.0,5.0,7.892007743362832,6.512444690265487,6.76866703539823,4.9290652654867255,1.0,4.987352836599241,7232,39.0,185.0,False,0,0.0,1,0,0,0,105.0
CC du Pays de l'Huisne Sarthoise,epci,247200686,6.862073779359927,5.54217708442397,6.612047604090322,1.0,2.0,5.259623774124874,6.2003629637385265,5.814923393710955,5.592259100268733,5.259414371968031,6.15883153596482,5.107667608976373,4.6639793389871915,5.845251806093603,5.022859735455275,5.260635884549611,5.235333123931176,4.021917425749486,3.261229190660664,6.431403343454438,4.307541967682267,5.150978955083238,5.767668306983562,7.342302725718075,8.80392978047674,9.44208285345339,7.7417722402540745,6.235333123931176,5.569414322110375,28656,60.0,477.0,True,0,0.0,3,1,3,0,101.0
CC du Val de Sarthe,epci,247200629,6.749400282606553,6.1754132299300055,4.106043179652328,8.0,2.0,4.37665538431205,5.099208044428379,6.610331569780816,4.967993164864776,2.9951365383983437,2.5309059840294434,3.783148762774802,1.146955407314909,4.772468863987381,3.146593933817489,2.4289375965298543,2.035917321152772,2.141533304853603,1.349281982189215,4.982452104761592,1.3716276165752028,1.5077059577404621,4.619598435805593,6.124609772928921,6.627485130294765,8.348263284151031,4.6878840655910095,1.4661036443100786,4.07684480581362,30431,106.0,287.0,False,0,0.0,3,1,2,0,77.0
CC Orée de Bercé - Belinois,epci,247200447,7.150194791880255,6.896760303465245,3.1195919622718886,9.0,9.0,4.082273938896863,5.427260611031372,4.936590116875128,3.290855033832274,3.482263686692639,2.4450481853598522,3.5444945663317613,2.375897067869592,4.573969653475498,3.2480520811974576,1.4827762969038343,2.5325507484109084,2.527322124256715,1.5002563051055977,5.717039163420135,1.3238158704121386,2.121898708222268,4.559616567562026,6.086015993438589,6.025886815665368,7.2163215091244615,3.8783063358622103,2.7241644453557514,4.295329388675708,19509,130.0,150.0,False,0,0.0,2,1,1,0,79.0
CC du Sud Est du Pays Manceau,epci,247200421,5.426515108242417,7.485405837664934,2.3593990975038555,9.0,9.0,3.3537442165990745,4.834866053578568,5.69669275147084,3.610727137716342,2.664077226252356,1.0701433712229393,3.9341406294625005,5.2774318843891015,4.686354029816645,2.993202718912435,1.295481807277089,1.7480436396869823,2.5993602558976407,1.3740218198434913,5.667961386873822,1.5829096932655509,1.8432626949220312,5.036042725766836,5.914262866282058,5.0872793739647,6.233963557434169,2.5127663220426117,1.7480436396869823,4.072717851634856,17508,98.0,178.0,False,0,0.0,3,1,1,0,78.0
CC du Pays Fléchois,epci,247200348,6.8718699066528375,6.8566454289524374,6.6104608090087424,2.0,5.759297673729441,8.953882056600978,7.6025707512224034,5.1460586753593125,2.0184101348347903,5.389020595643799,7.543747221810639,5.545340050377834,5.50811231293525,5.725514891094977,5.90128167135872,4.0748629426581715,3.1037190694917767,3.3699807378870945,1.6297970069639947,6.837716698770188,4.671395762335161,5.349125796414284,5.511409097644095,7.654837753741295,7.3305304489554,8.059601422432953,8.551859534745889,2.5518595347458883,5.576032428084585,27000,78.0,346.0,True,0,0.0,3,0,3,0,86.0
CU Le Mans Métropole,epci,247200132,2.8624207226690643,5.016698661093966,7.1898768012052585,4.6960027215512845,10.0,4.1643087988725,3.101207688382378,2.300537020387335,1.2263747478920128,7.217121473525624,8.17592885087357,7.038898743712488,6.426228950501786,3.2940587563482615,6.905688528175346,7.710606760138994,7.452778655262071,6.4227978519184505,5.057798945398877,9.329788836779821,7.664063373265619,5.911554443175467,5.8060797511724545,7.603751852841834,5.018594027166913,3.850722912059874,4.0513644205768715,7.618788423687216,5.8255015256655485,205810,767.0,268.0,False,6,5.0,49,4,43,0,92.0
CC de Sablé-sur-Sarthe,epci,247200090,5.161381673251058,5.758661678844876,6.265286858021886,2.0,6.543229731147083,8.347760724399539,7.022620004894591,6.117190504492536,5.866727266370661,5.604761738279201,6.223053525853931,5.472153270635947,7.856973044785512,6.435164143621298,5.159633604866622,3.9178757472992345,4.488165577037374,5.109114428556445,3.6826906268573225,7.670034611754012,4.787085270775793,4.918435129182254,5.1236233961472575,6.894731321889313,8.153899940565674,9.089466139915393,9.527532077054854,4.591826032234381,5.992467073883359,28606,77.0,371.0,False,2,4.0,7,1,6,0,87.0
CC Sud Côte Chalonnaise,epci,247104094,8.797908496732026,7.12557734204793,5.084531590413944,9.0,3.0,4.646013071895425,6.696470588235294,7.084967320261438,5.22474945533769,5.0056644880174295,5.105882352941176,4.599651416122004,3.0,6.212984749455337,3.8416557734204795,2.5573856209150327,3.0,4.207145969498911,5.924183006535948,5.343877995642702,4.974291938997822,8.206623093681918,6.507712418300653,6.69760348583878,4.597734204793029,2.343703703703704,3.0,4.0,5.206654217242452,11475,36.0,318.0,True,0,0.0,2,2,0,0,114.0
CC du Canton de Semur-en-Brionnais,epci,247103864,8.892331525948876,8.752517428350115,3.7989930286599534,9.0,3.0,4.815840433772269,2.1163826491092177,6.489542989930286,6.530983733539892,5.353214562354764,3.235089078233927,4.1950038729666925,1.0,6.768202943454686,4.131874515879163,9.0,1.0,4.807126258714175,6.239930286599535,6.603989155693261,3.516847405112316,2.101665375677769,7.6725406661502715,7.618512780790085,6.070875290472502,3.640588690937258,2.0,1.0,4.976859024012392,5164,26.0,198.0,True,0,0.0,1,1,0,0,137.0
CC Entre Saône et Grosne,epci,247103765,6.8779966134925585,7.447464575349791,3.4887264949647983,9.0,3.0,5.65555654576241,5.944746457534979,4.159254968362891,3.5579716602798324,5.795561892879422,6.336244541484716,5.572854469298637,7.097941359950093,6.928972462347384,4.398538454683183,4.097941359950093,3.2744853399875233,5.343284912218162,6.805454059352999,7.16130469655111,3.9329828001069425,4.797076909366367,6.764637732822386,7.098030478566972,5.645753497905712,3.911059620354692,6.097941359950093,2.2744853399875233,5.445223878696831,11221,43.0,260.0,False,0,0.0,3,2,0,0,118.0
CC Bresse Nord Intercom,epci,247100647,8.69186046511628,7.650703794369645,5.022796817625459,9.0,3.0,5.203947368421052,8.076958384332926,5.953335373317014,6.355875152998776,7.461138310893513,8.986077111383109,3.927937576499388,3.0,8.124235006119951,5.152998776009792,3.8127294981640145,2.0,5.848225214198286,7.590575275397796,6.410189718482252,6.562882496940024,6.108017135862913,9.141523867809058,8.740514075887393,9.488678090575275,8.130813953488373,9.0,2.0,6.44435762371044,6536,26.0,251.0,True,0,0.0,2,1,0,0,166.0
CC de Marcigny,epci,247100639,8.854512870641903,7.541055718475073,3.6573802541544476,9.0,3.0,6.520527859237537,3.2251547735418704,6.5729879439556855,6.934669273378951,6.385467579015966,7.857282502443793,4.701042684913653,4.0,7.980612577386771,5.1122515477354185,7.0,1.0,4.854838709677419,6.973932877158684,5.552460084718149,4.649723036819811,5.444933202997719,7.959758879113718,9.197295536005214,7.985500162919518,7.24812642554578,3.0,1.0,5.828911232137039,6138,27.0,227.0,True,0,0.0,6,2,0,0,153.0
CA Le Grand Chalon,epci,247100589,4.947176108915239,5.784330259112868,5.123847167325428,3.967457180500659,6.180474308300395,5.028291611769872,7.248458498023715,4.689767237593324,1.8021256038647342,6.0846201141853316,5.982608695652174,6.191848924022837,6.034729907773386,3.931576635924462,5.947246376811594,6.864172156346069,6.609266578831797,6.184892402283706,7.027281510759772,8.497751427316645,5.622178304787001,6.718761528326746,6.220316205533597,7.727061923583663,5.780105401844533,4.477364953886693,4.967870004391743,6.9205972771190165,5.805792082313823,113862,205.0,555.0,False,3,1.0,46,4,17,0,104.0
CU Le Creusot Montceau-les-Mines,epci,247100290,7.25243939133425,5.8127901478679505,6.16879083562586,4.269429160935351,6.230807255845942,4.687435522696011,7.463129728335626,3.8815659387895463,2.363383339064649,6.8035913858321875,7.204113651994498,5.565315508940853,7.409076255158184,5.353765474552957,6.490156464924347,7.751783872077029,7.330671853507566,6.393580209766163,7.629599381017882,8.563488651994499,6.12027166437414,7.374871045392022,8.03891205295736,8.999774329436038,8.211388841127922,8.065616403026135,6.662246389270977,7.6329092159559835,6.6332465704214965,93069,125.0,744.0,False,5,4.0,16,5,2,0,139.0
CC des 1000 étangs,epci,247000854,8.880047225501771,9.04616292798111,3.9388429752066116,9.0,4.0,6.572018890200709,10.0,5.659504132231405,3.8152302243211333,6.436009445100354,6.4351829988193625,5.002361275088548,8.0,8.008382526564345,6.776033057851239,8.606139315230225,4.0,4.781818181818182,4.998465171192444,5.204486422668241,5.0814639905549,4.665407319952775,8.050177095631641,6.636245572609209,8.807674144037781,9.191027154663518,8.0,3.0,6.521167144543768,8470,24.0,352.0,True,0,0.0,5,3,2,0,158.0
CC Rahin et Chérimont,epci,247000821,8.400843525938422,8.263601855757065,4.740109658371995,9.0,4.0,3.986840995360607,10.0,4.119443272880641,2.4586250527203712,4.8921130324757485,4.67760438633488,5.2075917334458035,4.654829185997469,6.624799662589624,5.960691691269506,7.956136651202025,7.058793757908056,3.2226908477435683,3.86157739350485,5.848840151834669,3.531083930830873,5.014846056516238,5.982539013074652,6.1057781526781945,6.949557148882328,7.184141712357655,8.596035428089413,6.290172922817376,5.8781888293065,11855,77.0,153.0,False,0,0.0,7,1,1,0,93.0
CC du Pays de Luxeuil,epci,247000755,5.31000802782981,6.915707786994916,7.38995183302114,9.0,9.0,5.246655070912497,10.0,3.476919989296227,2.7475247524752477,7.586432967621087,8.776291142627777,6.820979395236821,9.742841851752743,7.148514851485149,6.975916510569976,5.811680492373561,7.995183302113995,4.672932833823923,5.919320310409419,7.1502542146106505,7.178217821782178,7.932031040941932,7.0297698688787795,8.12971635001338,7.829007225046829,6.59987958255285,7.147578271340648,7.957118009098207,7.0532297679574905,14949,97.0,154.0,True,1,6.0,13,0,9,0,119.0
CC du Pays d'Héricourt,epci,247000722,5.724819460281262,6.070838084378563,5.832383124287343,9.0,6.0,5.418757126567845,10.0,3.436953629798556,1.3476339794754846,5.389348156594451,5.7637305207145575,6.274467882934245,7.0,4.817179779551501,5.56057582668187,6.493966172557963,9.506033827442037,4.710708855948309,6.60960661345496,7.065706955530216,4.475247054351957,6.37880083618396,6.205530216647663,7.288008361839605,6.149657924743444,5.883836944127708,7.518101482326112,9.012067654884074,6.247641445403703,21051,128.0,164.0,False,1,6.0,6,2,1,0,99.0
CC du Pays de Villersexel,epci,247000714,5.60873440285205,6.971352177234531,5.2886427298192,8.993633817163229,4.031830914183855,6.548255665902725,10.0,5.6117901706137,3.898523045581869,5.8329513623631275,5.909090909090909,5.566080977845684,5.0,7.402088107970461,6.237331296154825,5.0,2.0,3.34733893557423,4.850267379679145,3.7500636618283676,4.998344792462439,6.219760631525338,6.847084288260759,5.163101604278075,8.603004838298956,8.778202189966896,7.0,2.0,5.766338353523225,7854,38.0,206.0,True,0,0.0,4,1,2,0,121.0
CC du Pays Riolais,epci,247000706,4.2553058676654185,6.88022784019975,4.808598626716604,9.0,4.0,5.678292759051186,10.0,6.915106117353308,5.6526997503121095,3.426576154806492,2.4864232209737827,4.962156679151061,3.2469569288389515,5.499219725343321,2.871020599250936,3.0,1.0,2.6714263420724094,3.42103620474407,4.054775280898877,3.135923845193508,5.044943820224719,3.4119069912609237,5.207084893882647,3.3685237203495633,3.4083957553058677,1.0,1.0,4.264521468699839,12816,43.0,298.0,False,0,0.0,10,1,9,0,61.0
CC des Monts de Gy,epci,247000698,7.23388671875,8.501627604166666,6.342610677083333,9.0,4.0,6.1103515625,9.918619791666666,8.078287760416666,6.876302083333333,5.36865234375,4.332356770833333,4.20458984375,4.0,7.73193359375,3.8935546875,4.0,2.0,3.1385091145833335,3.30712890625,5.59716796875,5.289713541666667,6.743326822916667,4.818522135416667,5.93701171875,6.596354166666667,6.860514322916667,5.0,4.0,5.674322219122023,6144,25.0,245.0,True,0,0.0,4,2,0,0,85.0
CC du Pays de Lure,epci,247000664,4.6293406761511395,6.286777828769568,5.418183672428739,3.0,3.0,6.163326704400592,10.0,3.7091428280046914,1.5267451940237622,6.53684156850747,7.438784355718729,6.0243740757738005,7.414563255315894,6.2890214675437255,5.968538065371475,6.829126510631788,5.829126510631788,5.108153587272449,6.973943195145582,7.168782825965019,6.137320891336495,7.233746366834939,6.050940798531436,7.0393656621283975,7.013971750548162,6.650961195247565,7.414563255315894,7.829126510631788,6.095884598293962,19612,96.0,204.0,False,1,6.0,12,0,8,0,96.0
CC des Quatre Rivières,epci,247000623,7.097143457256879,8.774312119302667,6.331758034026465,9.0,4.0,8.54820415879017,9.086641461877758,6.347511027095148,5.1001890359168245,6.712875446334803,7.722117202268431,5.591682419659735,4.0,8.610586011342155,4.486137366099559,7.0,1.0,3.5173282923755513,3.654379332073094,3.5729888678848982,4.6904011762234825,7.232619197647553,8.38458307078345,7.041692921655114,8.706679269061121,7.486557445914724,8.0,1.0,6.167728118342484,9522,16.0,595.0,True,0,0.0,23,3,21,0,138.0
CC des Combes,epci,247000367,4.712975098296199,8.351507208387943,3.755045871559633,9.0,4.0,5.467365661861074,9.645347313237222,5.148492791612058,3.702228047182176,5.399606815203145,4.79829619921363,4.124639580602883,2.0,7.863695937090433,4.059501965923984,2.0,1.0,3.0360419397116645,3.866841415465269,4.226736566186108,4.286631716906946,4.218086500655308,5.97129750982962,6.064613368283093,7.052555701179554,7.414416775884666,2.0,2.0,4.827354428009736,7630,26.0,293.0,True,0,0.0,1,1,0,0,97.0
CA de Vesoul,epci,247000011,4.507701863354037,5.691304347826087,5.152360248447205,4.859627329192547,9.464906832298137,3.771645962732919,10.0,3.7624534161490684,1.1514285714285715,7.312950310559006,7.509316770186335,7.451832298136646,7.859937888198758,5.050683229813664,6.529565217391304,5.90167701863354,8.960869565217392,6.467236024844721,6.685372670807453,8.640341614906832,6.63944099378882,7.523260869565218,6.226180124223602,7.576273291925466,5.764782608695652,4.094068322981366,7.425776397515528,9.565714285714286,6.483811002661933,32203,222.0,145.0,False,1,8.0,16,1,8,0,105.0
CC du Pays de l'Ozon,epci,246900765,5.192818945760123,5.401107715813598,2.050496562261268,9.0,6.0,3.0303284950343774,1.0,4.769633307868602,2.0936210847975554,2.4325821237585945,1.53048128342246,4.945301757066463,3.630061115355233,3.179984721161192,3.1265469824293355,1.6622230710466004,1.9417876241405654,5.834339190221543,7.393200916730328,8.299083269671504,1.5346065699006874,2.02987012987013,4.330634071810542,6.304965622612682,2.6119938884644767,2.129526355996944,1.9417876241405654,1.9417876241405654,3.762098930481283,26181,344.0,76.0,False,0,0.0,8,1,3,0,71.0
CC de la Vallée du Garon (CCVG),epci,246900757,5.097757589328556,5.343239179808707,2.176257957199066,9.0,6.0,2.290617702568696,1.0,3.7188829532004735,1.1087297271360481,3.91071942676178,2.260548287002975,5.115255430088609,3.5700713348901187,2.3250055980294935,2.822398515722466,2.1379994242026807,1.0,5.952272799974409,7.617158760116439,9.029269697066633,2.0292696970666326,1.9898595694315602,5.15917597005854,6.782540545727904,1.9148459742170756,1.0,1.8628642717763346,1.6843031252998943,3.710680126309825,31266,638.0,49.0,False,1,3.0,8,1,2,0,84.0
CC du Pays Mornantais (COPAMO),epci,246900740,6.22415522429357,6.925051015114309,3.350361429114931,9.0,6.0,2.4228893577283577,1.0,3.5921903641960364,1.716771002663162,2.862691522844395,1.8369937398402103,4.469788676373949,1.7337183965690175,3.539100058797081,1.874208833396742,1.2955072112890396,1.1456438280358316,3.870058451215716,4.92121191159686,6.79362224604849,1.1476844326081694,1.9309998962404455,3.8403832186213815,5.426693874727631,2.402932936741258,1.6172655898730675,1.1456438280358316,1.0,3.3244845373559104,28913,200.0,144.0,False,0,0.0,3,1,1,0,68.0
CC des Vallons du Lyonnais (CCVL),epci,246900724,6.614224280516043,6.684717168375785,3.013463446907046,9.0,6.0,2.2935163744624547,1.0,3.4128018524644395,1.574462454515382,3.6913992722461133,2.121270261329805,4.901290109163083,4.590506119748594,3.3630168706582864,2.2306649024148197,1.5318226926893814,1.1931194177968905,4.584287131988091,4.314290439960304,7.918127687727423,1.6541184254052266,1.8307641415812108,4.274892490903077,5.262421435659941,2.070029771749917,1.3359576579556731,1.0,1.1931194177968905,3.523367279429139,30230,285.0,106.0,False,0,0.0,14,1,13,0,70.0
CC du Pays de l'Arbresle (CCPA),epci,246900625,2.5615703999579544,5.807825721343354,4.892389761917276,8.0,1.0,3.7042360855626217,1.117096757239712,2.966652651495244,1.6023019919062385,4.139932727177169,2.906133389394019,4.859804488358648,3.2898249855468547,3.653807746886004,3.354653912860672,1.827639669942713,3.284280233352604,4.923845062279918,4.925421769065013,7.741288695012351,2.6027487254953487,3.4082356651074788,4.187812056551217,5.9065012876438745,2.8347085720292218,2.183922846481316,2.841173069848111,3.721474746412992,3.7230458221024265,38055,206.0,184.0,False,0,0.0,9,1,6,0,76.0
CC de l'Est Lyonnais (CCEL),epci,246900575,4.39464307356684,5.110071506484062,1.3901102896618591,9.0,6.0,3.8601381650709006,1.0,4.908059629135862,2.2224457641498,2.474245545994425,1.0,4.811101684644285,3.8768391710095744,3.1066779784268572,2.3266028360198763,2.3112350018179613,1.8807174887892377,5.451314992122167,7.2629741849472795,7.801696764028603,1.2829475215125439,1.818300812022785,3.713780147860865,5.883383832262756,2.819633983759544,2.2873833474730336,2.0232214277057325,1.6814689128590474,3.632106930761639,41258,290.0,142.0,False,0,0.0,3,1,3,0,70.0
CA Colmar Agglomération,epci,246800726,3.1580096296883116,5.4704991769873335,5.533400230619592,4.4185129437446635,7.813884707808498,4.462656350400944,10.0,3.1790030543892542,1.2731697870729797,6.5471141743026395,7.4322973056237736,6.763077979349864,5.958787750754795,3.356967440386596,6.08914063393981,7.697624266110363,6.000563345568495,7.70101314179584,9.015368771290502,9.421567332998848,5.782935910639309,5.213252704498842,5.145677643102978,6.961032330754267,4.3167322436117495,2.03998873308863,3.357125881327735,5.9355409437798725,5.715890871915588,113621,465.0,244.0,False,2,9.0,10,2,4,0,98.0
CC de la Vallée de la Doller et du Soultzbach,epci,246800676,6.524846072516947,7.728030350146153,4.353131413645127,8.0,2.0,8.380620685366006,10.0,6.809067728092543,3.915417625474221,4.2154984762734005,3.2090926052615214,5.110454630263076,5.913054294421295,5.519808445798868,3.7572610236955035,2.7013495864170656,2.4675663909447105,4.491448473163754,4.951427327570123,6.980844579886809,2.396790845201816,2.1215249704583616,5.626158343180546,6.247900988867467,5.879034765843647,5.779774861620748,2.935132781889421,1.4675663909447105,4.981528702033711,16079,100.0,160.0,False,0,0.0,2,1,1,0,101.0
CC de la Vallée de Munster,epci,246800585,4.3892824145364955,9.085247921157992,4.996981829380967,8.0,4.0,5.745303356944873,10.0,8.276070218663381,6.775485063135202,5.425685247921158,4.7149368647982755,4.912473052048044,4.573206036341238,6.387126578380043,4.439913766553742,4.433015090853095,5.8598090545118575,4.882476131813982,4.918878965198645,7.5092085001539886,3.124668925161688,3.4044964582691715,6.8591931013242995,7.547028025870034,6.295534339390207,3.649461040960887,7.146412072682476,4.433015090853095,5.778032469532314,16235,83.0,195.0,False,0,0.0,1,1,0,0,122.0
CC du Pays de Ribeauvillé,epci,246800577,5.067811440446243,8.166903642130592,5.117357541288418,8.0,4.0,5.688340807174888,10.0,3.3896423493382914,1.6824893361041233,5.239308760800612,4.750738269714535,5.503554631958876,4.743136825987094,6.02209340479055,4.128021437165044,4.055069452039812,4.770589522038718,6.244175872251996,6.65651317948157,8.806737394728207,2.33271355135076,2.944875861314667,6.275511320135623,7.460406868642678,4.693973531663568,3.5188668927048017,2.7705895220387182,2.7705895220387182,5.171428962047467,18286,109.0,167.0,False,0,0.0,0,0,0,0,113.0
CC de la Région de Guebwiller,epci,246800569,4.846347871781398,6.500919600630583,5.004466631634262,1.0,3.0,4.443326326852338,10.0,5.41960063058329,3.510352075669995,5.182002101944298,4.747162375197057,5.92955859169732,7.666868102995271,4.122806095638466,5.996531791907515,7.960352075669995,8.670520231213873,7.05635838150289,8.843589069889648,8.849132947976878,4.102101944298476,4.396321597477667,5.47708880714661,6.929164477141356,5.715002627430373,4.329085654230163,4.935155018392012,7.507987388334209,5.790778657758428,38064,200.0,190.0,False,0,0.0,1,1,0,0,96.0
CC de la Vallée de Kaysersberg,epci,246800551,5.6270151441133365,9.031753786028334,2.637701514411334,8.0,4.0,5.754824132877381,10.0,5.389777723497802,3.6910723009281874,5.929347826086956,4.409562774792379,4.792684416218857,6.521128480703468,6.735527601367855,4.187835857352223,3.2589765510503175,2.5131289692232537,4.879946262823644,4.626343429408891,7.958170493404983,3.2703346360527603,3.4345383488031267,6.612237420615535,7.76947972642892,4.617183683439179,3.303370786516854,2.292989741084514,2.375122129946263,5.129287633470584,16376,90.0,181.0,False,0,0.0,1,0,1,0,125.0
"CC du Pays de Rouffach, Vignobles et Châteaux",epci,246800494,3.9164634146341464,8.185442073170732,3.974923780487805,8.0,2.4690548780487807,7.292759146341464,10.0,7.779115853658537,4.989710365853658,4.869359756097561,2.4983993902439026,4.7403963414634145,2.0,5.776524390243902,3.5767530487804877,2.4006859756097563,5.009984756097561,5.07842987804878,5.713871951219512,7.496341463414634,3.4703506097560974,5.118445121951219,6.367454268292683,7.095426829268293,3.205487804878049,2.001905487804878,1.0,4.009984756097561,4.92990254790941,13120,113.0,116.0,False,0,0.0,1,0,0,0,107.0
CC du Centre du Haut-Rhin,epci,246800445,4.46612964607383,6.632056323734619,3.738614740580997,8.0,2.0,6.042813649625777,10.0,7.459660027908157,5.567804135481416,4.2393758721299,3.4767220601293922,4.461626284409489,2.522897374096156,5.000570848661677,4.823100342509197,6.431307877711531,3.3855131295192185,4.739185589242674,6.367182544716479,7.008055308892554,2.682291005962197,3.0832170493466955,4.002219967017633,5.7322719776734745,5.745655207408347,6.937587212989978,4.942788278574147,2.4313078777115313,5.068569797575253,15766,114.0,138.0,False,0,0.0,3,0,3,0,75.0
CC du Val d'Argent,epci,246800395,6.103404525269613,9.308521886233876,6.3209980968492285,8.0,4.0,7.955698879255657,10.0,5.488686825967435,4.819835060266441,6.833580038063015,6.135863818989216,6.967857898075703,10.0,8.071579615140621,7.570416578557834,7.5278071473884545,10.0,7.0311905265383805,7.7246775216747725,9.012476210615352,7.4627828293508145,7.5228378092620005,5.975047578769296,7.447028970183971,9.100444068513427,7.317720448297737,10.0,10.0,7.632087726187961,9458,91.0,103.0,False,0,0.0,1,1,0,0,101.0
CC de la Vallée de Saint-Amarin,epci,246800205,4.861417450535193,9.35744404800519,4.825251378527408,8.0,2.0,7.511514758352254,10.0,3.3983133311709373,1.6796140123256569,6.2798410638988,5.76192020759001,5.892069412909504,7.0,7.3444696723970155,6.2688939344794035,8.36344469672397,8.0,5.310817385663315,6.806600713590658,7.379743756081739,4.559763217645151,5.638582549464807,7.74554005838469,8.10225429776192,8.839279922153747,8.287139150178398,6.181722348361985,6.0,6.47841562022149,12332,73.0,168.0,False,0,0.0,2,1,1,0,148.0
CC du Pays de Niederbronn-les-Bains,epci,246701098,6.457239373984435,7.234627554947404,3.8998118532455317,8.0,2.0,5.3819379115710255,10.0,6.948088600017104,5.239373984435132,3.656375609338921,2.0543059950397673,5.295048319507398,7.561361498332335,6.138330625160353,5.454417172667408,4.176772427948345,6.085777815787223,6.513768921577012,6.681989224322244,8.581972120071837,4.304070811596682,3.0264688275036344,6.119430428461473,6.826349097750791,8.456084837082015,7.566578294706234,8.466005302317626,5.688317796972548,5.993375157298017,23387,127.0,184.0,False,0,0.0,1,1,0,0,108.0
CC du Pays de Sainte-Odile,epci,246701080,5.66012682239445,5.31131104005203,3.789062923418785,8.0,1.0,4.292721261720232,10.0,6.674543385182375,3.4707061947861906,5.876050078586527,5.920708904666414,5.198038046718335,3.2301772261666035,4.243726627283074,3.5873394395967697,1.6150886130833018,1.6150886130833018,6.427781692049211,7.009863964012791,9.028128556717792,2.2301772261666035,2.1765757953498457,5.4268061351688255,7.56430545769877,3.9790797246761693,3.543927158419598,1.6150886130833018,1.0,4.624515125002903,18452,271.0,68.0,False,0,0.0,3,0,3,0,106.0
CC de la Région de Molsheim-Mutzig,epci,246701064,2.753420590345647,6.377118539228542,4.896800851127001,8.0,1.0,3.8819556127372143,10.0,4.982408392508103,2.051859366108321,4.576910705891086,3.4624786599698147,5.119207264269986,5.628151520399832,4.373060840735334,3.5287626493802113,1.2989336170423336,4.461785882178291,6.148650320409729,6.822624143306035,8.693049954227181,2.9489323799391345,3.5985352698122077,4.555706757057674,6.050003711309597,4.100502263898854,3.6474008461785883,2.165747086621966,3.842145631788604,4.6059340305882595,40420,251.0,161.0,False,0,0.0,6,1,5,0,88.0
CC de Sélestat,epci,246700967,2.2033001329823323,5.789019458843325,4.998941569191522,1.0,1.5252530735202323,4.447417700219828,10.0,3.0406545987461664,1.2476185306809238,5.483838575732081,6.52587727630472,5.999701468233506,4.4324096941406355,4.0326756588053305,5.2871604201156135,5.420142752462887,3.997041821586561,6.513257524357479,6.794691562406709,8.938990962629251,5.122750834531984,4.311287214698619,4.464325453903982,6.827882866990528,4.965533150595706,4.482780144923603,2.46389122587999,4.796292778245176,4.825454873240311,36853,216.0,170.0,False,0,0.0,7,1,6,0,88.0
CC du Pays de la Zorn,epci,246700959,1.8504451777597908,5.047755432413922,4.386837681339892,8.0,2.0,4.8827594794844655,10.0,6.176950376688874,4.057468401718449,2.196998941535396,1.2496108586015815,3.8604071975593053,3.0747774111201047,5.63364672187286,2.2357885561297555,1.2877778469584709,1.7488325758047445,3.5049498785878836,2.1162443185355833,6.20963825415603,1.4823485461677355,1.694664093144885,4.574310441442003,6.794222028516281,5.018741049747836,6.159143266297241,1.2496108586015815,1.2496108586015815,3.8479835804566522,16061,134.0,119.0,False,0,0.0,1,1,0,0,89.0
CC du Pays de Wissembourg,epci,246700926,4.0402266288951845,6.392193893610324,5.681082782499213,8.0,2.0,5.2343720491029275,10.0,6.556814604973245,6.569908718917217,4.874346868114573,5.443563109852062,4.206735914384639,3.9463015423355365,5.836323575700346,4.835001573811772,8.265281712307209,4.419452313503305,8.633364809568775,9.07655020459553,9.891658797607807,5.02373308152345,4.101479383065786,5.64255587031791,7.167642429965376,6.6269436575385585,5.173497009757633,3.8926030846710735,5.365753855838841,5.9606209811592255,15887,121.0,131.0,False,0,0.0,1,1,0,0,120.0
CC de la Basse-Zorn,epci,246700843,5.6576586936522535,5.0,5.844871205151794,8.0,2.0,4.487235510579577,10.0,5.045538178472861,2.2270009199632015,2.6145354185832566,1.2546573137074517,3.875459981600736,1.2554047838086477,4.161166053357865,2.4598091076356945,1.5108095676172952,1.359130634774609,4.553012879484821,3.8038753449862006,7.813132474701012,1.1979645814167432,1.1474241030358785,5.046745630174793,6.866720331186753,5.117352805887765,5.3058877644894205,1.4598091076356945,1.0,3.930900085425155,17392,217.0,80.0,False,0,0.0,0,0,0,0,93.0
CC de la Vallée de Villé,epci,246700777,2.757671270974321,7.5710577547047375,4.871512005191434,8.0,1.0,6.213405024566608,10.0,4.034856772040419,2.5922870121442476,4.635209047928061,3.382868267358858,5.256975989617132,3.0,5.479929544822472,3.487438583480115,2.0,2.0,3.7844627792713452,3.6848057847408917,6.381663113006397,3.40140910355057,2.9468805043107444,6.19393714656531,7.590062111801243,5.440252155372208,4.649856308519515,4.0,1.0,4.477019295713093,10787,92.0,117.0,False,0,0.0,2,1,1,0,109.0
CC des Portes de Rosheim,epci,246700744,5.796804792810784,8.70793809286071,3.7756143562434126,8.0,1.0,6.149442502912298,10.0,7.842680423808732,4.524102734786709,3.6629500194153213,1.3565207743939647,3.997947523159705,2.6620069895157266,4.516336606201809,2.584900427137072,1.7130415487879291,1.1846674432795252,4.63155267099351,4.203084262495146,7.802019193432074,1.9329339324346813,1.6694957563654518,5.125145614910967,6.18061796194597,3.1207632994952017,1.801242580573584,1.0,1.0,4.140778910998581,18027,133.0,135.0,False,0,0.0,0,0,0,0,101.0
Eurométropole de Strasbourg,epci,246700488,3.4538954654815477,5.11133869407787,6.699025634057247,6.634826588440295,8.996175273965486,3.3251157009599783,10.0,2.3210611716370786,1.1931186904010167,7.355993269761084,8.109604178822927,7.1479913194305675,2.616328422870023,2.9290707154675597,6.741753059381169,7.65109066638957,4.989586913601957,8.74742820145955,9.183409001894379,9.84129784904122,6.717268018576099,4.816920715867218,3.637732101321269,5.837908750109906,3.1745985436466384,1.4655355016106213,1.4167832335520794,4.889090938156937,5.535855307856473,500509,1476.0,339.0,False,19,5.0,23,4,20,0,70.0
CC de la Vallée de la Bruche,epci,246700306,2.5873479551767073,9.044823292788047,5.213102193276506,8.0,1.0,6.530983622258405,10.0,6.646920793027488,6.027344124126041,5.050330428119912,4.286706254190212,5.651422277559621,9.12671200076621,7.280576573125179,5.525907480126425,4.853222871372474,4.87328799923379,5.758452255531079,6.832343645244708,8.535149889857294,4.125419021166555,4.020687673594483,6.1363375155636435,7.144334833828178,8.015563643329182,7.355760942438463,8.152858921559238,3.87328799923379,6.130317293089057,20882,68.0,307.0,False,0,0.0,3,2,1,0,107.0
CC du Haut Vallespir,epci,246600548,7.625090420584892,9.883641624470394,8.574868244290586,8.0,10.0,6.0483620956908135,6.6882298232923425,5.268884985016017,7.55771416761393,8.73225173090834,8.11945850986876,5.836932933760463,9.276015293996073,9.637800971375427,9.317247080706831,10.0,10.0,8.022320967241914,8.997209879094761,9.358788880851504,9.801281388860184,8.890461920016534,9.549240467086907,8.621783610623128,8.252867624263718,4.540870104371189,10.0,10.0,8.450047240142313,9677,21.0,460.0,True,0,0.0,1,1,0,0,259.0
CC Pyrénées catalanes,epci,246600464,7.884628265237776,8.793871399866042,6.886135298057602,10.0,10.0,5.518754186202277,6.717180174146015,4.136805090421969,10.0,8.149866041527126,8.21483590087073,6.152712659075687,2.0,7.748827863362358,3.0991292699263226,3.6836905559276625,1.0,5.924648359008708,5.914936369725385,7.80040187541862,3.778131279303416,3.1135298057602143,4.735934360348292,6.044373744139317,2.5396851975887476,1.0,1.0,1.0,5.458502774854081,5972,16.0,373.0,True,0,0.0,8,8,0,0,97.0
CC des Aspres,epci,246600449,7.105546853404588,5.585091679719893,7.218603151202433,6.0,8.0,3.69911545194877,4.581359992628766,4.524923984151847,3.1304247673454344,5.4460517829171655,5.7627844835529345,6.948309223256243,9.11973647839307,4.891366442458306,8.031972726435088,9.641113056297797,10.0,6.492260204551737,8.025384686261862,8.320095826038884,6.773610983138303,6.33115267667926,5.75969777941583,6.583110660646826,4.7391043950981295,2.7868331336957524,6.717773887404404,9.358886943702203,6.484796830369484,21708,93.0,233.0,False,0,0.0,8,1,7,0,99.0
CC Agly Fenouillèdes,epci,246600423,7.032288254562471,8.662455155201997,6.551396038059585,8.0,10.0,3.7379503977538606,2.268444860396194,4.254718452659492,5.7473093121197945,8.006083294337857,9.163936983309936,6.943066604273905,10.0,9.70004679457183,9.096240836063016,10.0,10.0,7.391358602402121,8.235844642021526,8.716268912806115,9.150522539385431,4.792232101076275,9.226173763843395,7.3489315239432225,7.73810637965996,4.752612696927156,10.0,10.0,7.732713862334828,6411,17.0,377.0,True,0,0.0,1,1,0,0,189.0
CC Roussillon-Conflent,epci,246600415,6.999184649671142,6.5509593955536225,8.43093982714573,7.0,10.0,3.7415339457520247,3.0179920639234656,2.6784258302984183,2.376365711800837,5.807794749143882,6.24770342990705,8.053595694950264,9.704517040821873,6.770832200902321,8.386476055878676,9.553079306408653,10.0,7.004783388595967,8.900092406370604,8.924009349350438,7.422514540414198,5.4490406044463775,6.248246996792956,8.017122356906018,6.739305321519813,5.220742512366146,10.0,10.0,7.1159020492471585,18397,78.0,235.0,False,0,0.0,3,1,2,0,93.0
CC Pyrénées Cerdagne,epci,246600399,8.342870381095794,8.60002316691764,6.570601181512799,10.0,10.0,5.717711108537009,7.287848951696977,5.407621915904089,9.870496930383412,7.8432758021545235,6.963627939302675,6.769489169466002,4.0,7.8091045986331515,4.9794972778871776,4.0,5.0,8.940229352484652,9.844549982624812,9.73659214641492,5.16541179196108,6.938028495308699,5.693733348777945,5.899687246611839,3.39221591567242,1.1406231900845591,4.0,8.0,6.711187139051149,8633,19.0,454.0,True,0,0.0,1,1,0,0,98.0
CC du Vallespir,epci,246600373,5.729245052528707,7.507696066454923,7.543464451502565,6.0,9.0,3.8004886391399952,5.736379183972637,4.51106767652089,5.004300024431957,7.066357195211336,8.071927681407281,6.84505252870755,9.354263376496457,6.020669435621794,8.581627168336183,9.560615685316394,10.0,7.233911556315661,9.042707060835573,9.202540923527975,8.195357928170047,7.099193745419008,9.024529684827755,9.670510627901296,5.747275836794527,2.6133398485218664,7.617884192523821,10.0,7.3493001989459374,20467,110.0,186.0,False,0,0.0,3,1,2,0,182.0
CC Sud-Roussillon,epci,246600282,6.065074449582149,5.0,6.520298646756883,5.0,9.0,3.4905612353115854,5.0,3.200313918466042,1.586263946039961,6.437067831841514,6.11033809867221,7.106392907139524,9.212658550036059,3.762143129851949,9.035421880965512,10.0,9.6887116616468,6.811267127646036,8.080134051669283,9.299113392440503,6.581640011877996,4.726084927671488,8.044075849488822,7.7534891613286385,6.012132524498367,2.850337250243923,6.773469647478047,9.304288804988758,6.516117107344359,23575,575.0,41.0,False,0,0.0,1,0,0,0,171.0
CC Aure-Louron,epci,246500573,8.469830704673708,9.24149905947041,5.747503979163652,10.0,7.0,7.90840688757054,4.7176964259875565,8.689046447692085,8.734191868036463,7.323542179134713,9.77340471711764,6.219215743018377,1.0,8.406742873679642,2.548835190276371,2.0,1.0,5.197800607726812,3.2069165099117347,6.044421936043988,4.3115323397482275,6.147880190999856,7.287657357835335,5.211836203154392,4.35248155115034,2.0403704239618,1.0,1.0,5.520743328441202,6911,9.0,767.0,True,0,0.0,2,2,1,0,156.0
CC de la Haute-Bigorre,epci,246500482,5.956236850015029,7.579501051998798,6.659032161106102,5.0,7.019717463180042,5.344514577697625,4.6267508265704835,3.3368800721370606,4.036910129245567,6.928464081755335,8.169702434625789,6.334956417192666,8.0,5.777336940186354,5.522272317403066,7.69443943492636,7.2809738503156,6.189359783588818,5.831800420799519,8.683618875864141,6.319747520288548,8.24785091674181,8.728343853321311,8.49648331830478,5.597835888187556,3.0404568680492936,2.0,5.2809738503156,6.203005710850617,16635,42.0,396.0,True,0,0.0,5,4,1,0,184.0
CC Pays de Nay,epci,246401756,7.5741850097520205,6.863541376427975,5.05506408470326,2.0,5.0,5.627995263304542,4.097485371969908,5.389175257731959,3.7083797715241014,3.8464753413207022,2.7195945945945947,5.0940373363053775,5.088917525773196,4.7252716634159935,4.04851629980496,3.3001184173864586,3.2543187517414323,5.201971301198105,4.9428113680691,8.109640568403455,4.298028698801895,5.899589022011702,5.99690025076623,7.122840624129284,4.407181666202285,2.9076692672053497,3.1876219002507664,3.127159375870716,4.7355175038809065,28712,87.0,330.0,False,0,0.0,1,1,0,0,96.0
CC de la Vallée d'Ossau,epci,246400337,7.708983769254626,9.130879768427581,4.805024294427788,9.0,5.0,8.186291739894552,6.6077742168923805,6.355112167890003,6.542127571591027,6.376925462627933,5.811227127054688,6.236741445260002,6.0,8.512560736069473,4.672076915124573,4.2301250904579755,4.0,4.762845032564871,5.09903856094283,6.935697301767807,4.97136358937248,6.159102656879975,8.543161377028843,7.965057376201798,6.46759019952445,4.746924428822496,2.0,2.0,6.02952252957422,9673,15.0,644.0,True,0,0.0,2,1,1,0,153.0
CC Entre Dore et Allier,epci,246301097,5.7639354568315175,6.656328583403186,4.859230930427493,10.0,6.0,3.0461022632020116,2.2212384744341995,8.052336546521374,5.181108549874266,4.297883487007544,5.65276613579212,5.371437552388936,6.32606873428332,5.687604777870914,4.8045892707460185,6.671416596814753,5.32606873428332,3.3251257334450965,2.873742665549036,6.210603520536463,4.1653394803017605,3.3811818943839063,5.832460184409053,6.566010058675608,6.1491512992456,5.631181894383906,7.652137468566639,6.0,5.489466081906359,19088,83.0,229.0,False,0,0.0,2,0,1,0,87.0
CC du Massif du Sancy,epci,246300966,6.80151405164368,9.247329669190085,5.622938919423416,10.0,3.0,6.3678315876801825,5.329876594420823,5.5239033495800065,6.681945452659961,8.40557917660479,9.221715233848387,5.758373950015556,4.1843824535932805,9.096857824328529,3.6132946178575134,1.81561754640672,2.0,4.3547651145908945,4.799440008296173,6.87804625116665,4.491444571191538,5.002799958519133,7.799336306128798,7.109302084413565,7.695323032251374,5.690967541221611,4.0,1.0,5.767592331965452,9643,15.0,642.0,True,0,0.0,7,2,5,0,154.0
Clermont Auvergne Métropole,epci,246300701,4.659633361330536,5.163249761116987,5.670423052465851,4.995586190011459,9.707474572985987,3.793088204789902,1.0278192446196064,2.1373007749671005,1.0753340111603424,7.915811165103017,7.972337176997861,6.979277536155497,2.903953726404989,2.808237298394638,6.32065411439861,5.924696593069162,4.491374707984644,7.669273693624459,8.478218289767646,9.513600179544813,5.434814691390351,5.117210798532358,5.139602893119829,7.3906289849257165,3.163912852756251,2.366305423409515,1.7648234986075075,3.746525569833751,5.118970298838157,294126,973.0,302.0,False,5,1.0,29,7,14,0,90.0
CC du Pays de Lumbres,epci,246201016,1.842970075741898,6.11667563428666,6.116965357394148,4.0,3.0,4.293158395761765,9.0,4.4940606762965105,3.1740408095691404,2.7060138239311287,3.220148172674972,4.730474732006126,4.149290178386656,5.924630603037953,5.18413972931584,1.8507098216133437,4.447870535159969,1.7318405695128514,1.1868300153139357,3.5517569637018336,4.158064649641985,3.45503083481644,3.4824303629816646,5.464260585240677,6.142212656760895,8.730847233144324,2.746450891933281,3.4478705351599683,4.226740851549427,24161,88.0,274.0,False,0,0.0,16,1,0,0,64.0
CC de la Région d'Audruicq,epci,246200844,2.246832693839137,5.0,5.040396727720264,4.0,2.0,4.354050532107435,9.439549699558388,5.767899804531963,3.231774415405777,2.246579309346268,1.7148700499529428,4.64500832549048,5.8751176428002605,5.179830594367624,6.177622529501194,8.196952146528632,4.393904293057265,1.7833562585969738,1.24230797075219,3.6970245420980237,3.1792152320277998,1.9935205965394918,2.6904365452834287,4.8276985448490555,5.157822341272714,7.848982842250054,1.5135741692608413,3.3939042930572647,4.172794003578409,27627,124.0,222.0,False,0,0.0,20,1,12,0,60.0
CA du Boulonnais,epci,246200729,1.4430793777423214,5.23901963391393,7.591286619687098,6.360368745290963,10.0,3.075778930106812,8.226556752204937,2.3259495634445773,1.2897221114213535,6.170456056375482,7.094827815450073,7.230332845809511,9.255427026547888,4.099738509949918,8.341701014935957,7.960173735762089,9.40057616451713,3.435996986216372,2.687027434295085,6.663856756636972,7.343730886850153,6.020635553782742,5.243841687718832,7.095510348801135,6.55568851659797,6.711385897265434,8.638452333466294,8.984035810840757,6.231612754129707,112833,547.0,206.0,False,8,12.0,35,4,1,0,91.0
CC de la Terre des Deux Caps,epci,246200380,2.865447007930786,5.627928983417448,6.143520187454938,5.0,3.0,3.9466925018024512,9.0,5.438040735400144,3.238148882480173,2.8964491708723865,2.671232876712329,6.032714491708724,8.64352018745494,6.3857245854361935,7.023612112472963,4.620133381398702,9.22819033886085,2.5392483777937995,2.416997116077866,4.8262436914203315,4.301910598413843,4.169520547945205,4.1363103821196825,6.252658615717376,5.698494953136265,8.027983056957462,3.7402667627974044,7.092330569574622,5.177261432691317,22192,120.0,184.0,False,1,5.0,14,1,7,0,75.0
CA de Lens - Liévin,epci,246200364,3.126299847308028,5.0,8.646607051969065,7.369299396266702,10.0,3.246405117870754,7.021612741710564,2.028345257652185,1.0402916458042812,5.630344736264964,7.606269888232787,7.514029868039377,9.375721562671986,4.682591046208977,8.571605914020765,6.750090001365538,9.681295854143993,4.610548573840431,6.1562878885058945,7.258363920004303,8.442955686224204,6.845499724823411,4.051650438834244,6.6518540281300815,7.578437741814014,8.996519947199198,8.236416000794495,9.714412218668146,6.636919860656014,241695,1007.0,240.0,False,32,17.0,81,2,11,0,68.0
CA d'Hénin-Carvin,epci,246200299,3.425991809370207,5.0,8.606707461695365,7.0,9.587400977183245,3.2530082380658727,7.281232705595876,2.340749173821609,1.006475024903942,4.951109213667916,6.531774267507866,7.121381022405641,8.74020840251095,4.4826621128029975,8.671260060401941,7.232839998102556,9.942839523741759,5.133516752842212,7.643003968818683,7.378500387394652,8.275295289597267,6.788553673924387,3.659037363818921,6.315924292016508,7.128330408108408,9.049823695903104,6.97277959616084,9.685546226459845,6.543069701672236,126505,1129.0,112.0,False,14,11.0,29,1,5,0,65.0
CU d'Alençon,epci,246100663,5.027435970811275,5.358348833881815,6.885874230934325,4.843468307340106,10.0,4.064333237945343,5.447292173415367,2.9398876806410073,1.7041422234940622,6.613553441121763,6.80818071254829,5.818733009014165,6.002003147803691,4.635123050507941,5.135266132493919,4.466733438260123,8.794695235369867,5.4259729575046505,4.806499499213049,8.151577478895407,5.982633423951924,6.180748318786665,6.497871655458578,7.765739018457576,6.35616683359565,5.216590356274145,8.741915867792246,8.930408499069967,6.0214712405208175,55919,120.0,465.0,False,2,7.0,10,4,4,0,107.0
CC du Val d'Orne,epci,246100390,8.426887207460847,7.125109977124758,5.078303712827732,9.0,6.0,9.03114552173148,4.842512757346472,4.294914657751188,3.6091852894597922,5.3105754003167345,3.7598099595284182,4.659334858349463,1.0,7.340841105050149,4.8594052437093085,2.0,3.0,5.612352630652825,8.0,6.149392926271336,5.1142002463487595,3.379904979764209,6.4675347527714235,7.50519092028858,6.65423191976069,5.620095020235791,1.0,3.0,5.2800331816696415,5683,22.0,258.0,True,0,0.0,1,1,0,0,102.0
CC des Pays d'Oise et d'Halatte,epci,246000921,3.0134361490828367,5.645811426568525,5.2151536394438605,8.635120925341745,1.0,4.2117361841336605,1.7045507652763174,4.655391985044982,2.2473711882229233,4.105736651477977,4.253767963547143,5.919587568641196,7.356671340109826,4.216672508470616,5.838152821591307,5.324366164271527,7.4950344666432995,6.229845776375745,7.0991354130155395,8.64286131557425,4.566917864236476,3.970469681037504,3.531516532305176,5.696167776609417,4.783181446430658,4.151653230517584,4.872385792732796,7.136260077111812,5.054248451921953,34238,244.0,140.0,False,1,4.0,10,1,0,0,72.0
CC du Pays de Bray,epci,246000913,1.781396873975298,6.769264400480927,5.478085036616023,9.0,5.0,5.4602688818450105,5.988086129631654,4.831183735927424,4.449939884140343,3.263034211389223,2.773035304404853,5.205377636900208,5.2997048857798665,6.207727620504973,7.244835501147667,9.0,9.0,4.10017488250082,4.957372390425183,6.816482675702263,3.856432396983277,4.6135643239698325,3.5474915291288664,5.598371406711116,7.2734725106569025,7.637064160017489,9.149852442889934,8.0,5.796507815061756,18298,74.0,247.0,False,0,0.0,14,2,2,0,71.0
CC de la Plaine d'Estrées,epci,246000897,1.7591005232105088,5.275242124012022,5.901090949571413,8.910052321050873,6.550261605254369,4.871034175665145,1.5665701881331404,5.929255259935434,3.7219191806746075,2.697595458087499,2.3772681732160748,5.136313035734164,4.626015807636647,5.194589780696872,4.475064009796282,3.626015807636647,6.0,4.70538795502616,6.182789713904041,6.828119781810086,2.3342981186685963,2.5867193587888235,3.041021930312813,5.233719247467438,5.552543693643549,6.886340866080374,5.0,5.0,4.713154609500484,17966,107.0,167.0,False,0,0.0,8,1,0,0,65.0
CC du Pays de Valois,epci,246000871,2.4646520903325486,5.861105621530335,4.894306606061695,1.0,1.0,4.30771994753957,1.7670361653581503,4.813280393812544,4.029823395195918,3.585454806776738,3.558182569483121,5.264763478917016,5.972512171897738,4.59097033829791,4.766533120137978,4.7766658881443025,3.926375738847667,6.249528395106089,7.708646988016744,8.39449524801926,3.1851026751226175,3.5111119095955874,3.00540773611685,5.077163543594258,4.940496936813927,5.101920554787014,3.2770521550097915,4.1158261619446295,4.326647665587856,55664,89.0,625.0,False,1,3.0,25,3,10,0,62.0
CC du Pays des Sources,epci,246000855,1.8432189949703204,5.9443110245140245,6.56214599664688,9.0,7.0,6.311205763740994,2.6952286012053106,6.229326204177806,4.068784267524582,3.175404413430604,1.5227241832434637,4.744437899315782,3.306674520821061,5.990801576872536,5.337305722959808,6.0,5.0,3.883184557524129,5.057184285649553,6.14590602202184,3.71892700167656,4.871176763786306,3.5402600933436044,5.654402102496715,5.995468757080067,5.82024559336626,4.0,4.0,4.90779729808458,22069,62.0,355.0,False,0,0.0,8,2,0,0,72.0
CC de la Picardie Verte,epci,246000848,1.5413786775949598,5.673191020857545,6.399993883417946,3.0,4.0,6.079576732521867,6.505015597284237,7.630527861031256,7.5843782494342165,4.3039329622606886,5.155544681631904,5.888066548412747,8.17615756315371,6.95871307113585,6.736956388769955,6.393907884274268,9.088078781576854,3.016912349379167,2.986727016942932,4.878738760780476,6.018257997431036,6.134534222276592,4.7043244235121415,5.835739188941219,8.191877179032357,9.705945317756438,10.0,7.2642363447305645,6.066168310862175,32698,51.0,641.0,True,0,0.0,17,2,0,0,78.0
CC des Deux Vallées,epci,246000772,1.278882720636447,6.376535384884382,5.850504873890808,9.0,7.0,4.323993530620274,1.0591860820911834,5.7081785199108275,2.994361148752022,4.509682213576955,3.8069239847882153,6.128425929973336,9.837216418236657,5.103859771823228,6.94540368055252,3.1980591860820913,9.24614241377803,5.476592210517113,6.586440529789745,8.07841937316956,4.809284434147834,4.969838702627093,4.7806093456309835,6.479258644052979,7.389736416488176,8.152948376098264,8.149145429907767,9.475543121912839,5.95411330156926,22877,200.0,114.0,False,0,0.0,6,0,0,0,87.0
CC de l'Aire Cantilienne,epci,246000764,3.9508864025624484,5.460239784683142,2.5680761616655916,1.0,1.0,3.8489890339657897,1.740907978735236,5.465133349645217,3.043730675979269,5.840247347465356,4.494917365482572,5.442912116021977,2.443067820361679,3.489934826612096,4.182774651333497,4.379229041083702,3.324910470004671,7.428409368952555,7.9695931668038344,9.779989768000533,2.3896389883666616,2.0960250906421694,5.681117512289521,7.341926729986431,1.9971750784082567,1.0832350913094735,1.0,2.682207442667438,3.968759830822468,44962,299.0,150.0,False,0,0.0,7,1,0,0,101.0
CC du Pays Noyonnais,epci,246000756,1.6838124980864027,5.792535439821194,7.370043783105232,6.0,9.405131502403478,7.0246777502219775,2.7143994366369677,3.8726003490401397,1.700192890603472,4.914423930681853,5.962983374667034,6.5051896757600804,10.0,6.032117816355899,8.106732800587857,9.405131502403478,10.0,6.533847708275926,8.779033097578152,8.178132941428615,6.525274792566058,7.532684241143872,4.682465325617709,6.063439576253024,8.389271608340222,9.304797771041915,10.0,10.0,6.8742471361650175,32664,121.0,269.0,False,2,4.0,9,1,0,0,78.0
CC des Lisières de l'Oise,epci,246000749,2.0900141512336186,7.425952131914108,5.821940564818803,9.0,7.0,4.429889866486187,2.5648188026825816,9.31015812465391,7.400726019811727,3.994708669168769,3.3926044422568142,4.991201624315511,3.540454070017843,6.120654648372608,5.606903340921676,7.263766689226604,5.0,5.9027871777518,7.6597551221312985,7.6350827539531165,4.7566603088660555,5.631821817510613,4.630222112840706,5.25429151541254,5.4213991263151415,4.602227281117332,6.270227035008921,4.0,5.5970809784567255,16253,76.0,213.0,False,0,0.0,12,1,5,0,88.0
CC du Vexin-Thelle,epci,246000707,1.59949931278225,5.978401727861771,5.188199489495386,9.0,5.0,6.398389946986059,4.4630865894364815,7.031170233654035,5.9475260161005306,3.1600235617514234,2.7547123502847044,4.829962693893579,6.648929903789515,5.600382878460632,5.187806793638327,2.3917632043981936,7.3244649518947575,5.012468093461614,5.813518554879246,7.302032201060279,3.3925976830944435,5.232770469271549,4.086982132338504,5.0193893579422735,5.1501079913606915,4.480021598272138,5.811162379736894,6.3244649518947575,5.218922680990715,20372,64.0,318.0,False,0,0.0,15,7,6,0,71.0
CC des Sablons,epci,246000582,1.9061729036279118,6.020931259251564,5.713195003505856,9.0,1.0,4.127820915677669,2.233515984106786,4.7763263822162205,1.8633235515620536,2.753655179577739,2.356220946840834,5.661334302854026,9.178798659983899,4.415067390344612,6.314877814423352,6.962630171137715,7.425636897187524,6.481315085568857,7.696990157633677,8.782533045939699,3.7130911262887265,2.7800140234243123,2.4330900875165553,3.985171527254785,5.635884384657335,7.1262627574207285,6.394317916223025,6.63393668683616,5.120432648609344,38511,169.0,227.0,False,1,7.0,9,1,0,0,52.0
CC du Plateau Picard,epci,246000566,1.521854480334284,5.316143795184718,6.174736353385952,8.0,1.0,4.645818133580951,4.113185647012005,5.772965444053857,3.0101810705047423,3.767891490349539,4.402168866485375,6.503780592956159,7.600218876434304,6.613185647012005,6.096073489420973,4.423592226570273,9.289115871857797,3.4809643828347814,3.47681899582145,5.868773628705976,5.162996617364197,6.518604496915832,3.083902633149831,5.496683690389335,7.369536379916429,9.022351926775883,9.289115871857797,7.86734761557339,5.531714579444566,30154,68.0,443.0,False,0,0.0,12,1,1,0,67.0
CC du Clermontois,epci,246000376,2.0630368670970496,5.60718668302833,5.472069572640453,8.0,3.8147841860961424,4.075654911166835,1.900229418983087,4.280317985381209,1.592541215387078,5.088833164381369,5.5610894734034035,6.233553860107773,7.514058581870565,4.482660193138772,5.06076935389212,2.7669263191591527,6.704716427466254,5.279384303473297,5.773648828896121,7.894894093795017,4.3598943605612765,4.690631168969749,3.7206423731526437,5.684042042362482,4.865203009123406,4.787147201621939,4.6360241156698505,6.3451955396681425,4.93768340180334,37489,238.0,157.0,False,1,3.0,21,2,2,0,73.0
CC du Liancourtois,epci,246000129,2.3989301208879152,5.547112590034118,4.82165873383598,8.0,3.0,3.535781980539994,2.055979107872457,2.903331788888421,1.055979107872457,4.217261277957963,4.4113558822290555,6.441472558021987,6.897898150878228,3.456551956530896,6.3555452592561394,7.156606714123247,5.641716861126322,6.884166631565646,8.582410176487933,8.699844151467925,4.886062086685481,4.400235878859357,3.358198896423908,4.670401415273156,6.0761130533675916,6.721789309633124,6.270502506212881,8.332757676593236,5.242130852593767,23743,494.0,48.0,False,1,6.0,11,1,1,0,67.0
CA Valenciennes Métropole,epci,245901160,4.432162237878332,5.037628272305633,8.401335380848128,7.0,10.0,3.552102680100024,6.626778173215601,2.729769550826442,1.3344055116884734,6.112869253037551,7.585020284922751,7.872329497701734,7.61756954460089,4.9256669122300965,8.524725816325471,8.512093134254023,8.96145864677257,6.668536061508451,7.504695103603557,9.012062006495325,8.760715730931654,7.8590898243356815,3.9269379623769156,5.93044502319018,5.8138093113502185,6.1372993556553945,6.3465660894196745,8.730469925397138,6.639876474677566,192784,730.0,264.0,False,20,15.0,67,6,6,0,69.0
CC Cœur d'Ostrevent,epci,245901152,1.514487960708707,5.0,8.222350441182678,7.0,10.0,3.313373393940247,6.7581024219310715,2.4575775060161273,1.2120913607002632,4.198314077034577,4.792637104378052,7.170168451568415,9.443152872964719,5.86041177050057,8.553047467597349,8.776157840667615,9.74179203197343,4.092176923401681,5.575057346711887,6.3516655173869605,8.076457591578828,7.187112118099044,3.808581601204633,6.365203563236184,7.363697772273745,8.85300947100297,8.32786839105532,9.545279274968689,6.412849081145849,71065,514.0,138.0,False,12,17.0,28,2,3,0,69.0
CC du Pays Solesmois,epci,245901038,1.566392003241929,5.032149128731596,7.759151695258679,6.0,10.0,4.769350263406727,4.676887748210185,3.0478184519789275,2.079292178846414,4.624003782250439,5.017357827907605,6.1475077671214375,9.289747399702824,7.628056193435094,7.962582736728353,10.0,10.0,2.17722544914224,1.6589895988112928,4.808456031338647,5.974604889909497,4.9286775631500745,5.160070241793868,6.671957314602189,6.334661623666081,7.820883425638255,6.158989598811293,9.289747399702824,5.949448582620946,14806,125.0,118.0,False,0,0.0,10,1,2,0,82.0
CC Flandre Lys,epci,245900758,1.9870634880292788,5.0,4.040741117267321,1.0,2.0,4.5196970467137705,8.0,5.610506785950287,3.06791033396025,3.2218522848574187,2.7877293752859247,5.016189701621512,6.339272098815636,4.79578610278046,5.2346617191074065,2.775606160727901,5.058938646876429,2.6182076958267677,1.412875514664769,6.117089411884309,3.509505413510903,3.682559853606466,4.3115945712397705,5.748970670462055,5.31413612565445,6.43455497382199,4.054922990901235,4.3784628678900015,4.215672676837725,39348,309.0,127.0,False,0,0.0,29,2,15,0,72.0
CU de Dunkerque,epci,245900428,2.7554191894955022,5.0,6.840216869684191,5.348783426418485,9.78638744524653,3.1378051644390896,9.963395582964907,3.672525755827607,1.2671662973891913,5.810203289802836,6.943235074893556,6.749798343867101,7.940764149113224,3.5340262816651182,8.029431584966153,8.530222893842085,9.145789726258181,5.241737203769693,5.355537630565965,8.226620651630096,7.877112284176886,6.760034307068685,4.862950407906962,6.942566291262929,6.518731046876117,6.834315237035297,5.252790001939983,9.36099000398207,6.346019862217444,195914,648.0,302.0,False,6,7.0,71,4,18,0,84.0
CC du Nivernais Bourbonnais,epci,245804497,6.641898105572926,7.132977745080007,3.697995217951076,9.0,7.0,6.011587272392863,4.435902151922016,4.04193489056465,4.091410704432591,7.655324627551959,10.0,6.031819017840721,4.0,9.23137759794004,5.474710318190178,2.294463858745632,9.0,4.735331984550304,4.775979400404635,7.175648335479124,7.826742688982895,8.490711789589847,7.411256207467353,7.561890748574582,8.63987493102814,7.965606032738642,7.0,9.0,6.654444415250006,5437,18.0,302.0,True,0,0.0,2,1,0,0,124.0
CA de Nevers,epci,245804406,5.941488956877787,5.331019681263984,6.1300059363441255,5.012831636147769,9.506415818073885,5.637989558122897,7.013912355206478,2.691705861759289,1.3302586115043304,7.674475242400718,7.814542520967472,6.608094737963682,6.612539385360062,4.840936420232278,6.338630378860526,4.213723609906084,7.762013486156141,6.231182550192551,6.804922599205443,8.880009741692923,7.7692588702680485,7.923527710549949,7.302190358768285,8.638278764631567,6.255430232735132,4.543556022345008,6.8639968339498,8.447950439137252,6.432888868593698,65707,266.0,247.0,False,4,2.0,31,5,9,0,124.0
CC Loire et Allier,epci,245801063,6.92401892568884,6.90537155580295,3.1850821040912884,9.0,7.0,4.408293904814918,6.4107987753966045,4.838296688004453,1.7884775953242416,4.173949345950459,3.161424993042026,3.4394656276092404,1.0,5.977177845811299,1.9730030615084888,1.3039242972446423,1.0,3.983022543835235,3.739771778458113,6.698858892290565,4.423601447258559,3.1694962426941276,6.374338992485388,7.121068744781519,4.711661564152519,2.8956303924297244,1.0,2.0,4.235954832809829,7186,39.0,184.0,True,0,0.0,2,1,0,0,112.0
CC du Pays Haut Val d'Alzette,epci,245701404,7.365972775449413,6.503030722870701,7.165806518651935,7.0,8.0,3.5567178137231132,8.0,5.951127428907901,3.7388729174604274,6.392781684042811,6.75064944061515,5.734058397700115,5.698070728412594,5.573066398808493,6.765751099719441,7.914516296629836,6.35402306813065,9.74732430466558,10.0,9.9139274704721,7.819022548578158,2.862180042256936,4.607322226455613,7.664334453257594,8.72959024626788,9.931072702712065,8.281735998060338,5.870250424301202,6.9246859181482145,28873,401.0,72.0,False,0,0.0,13,1,11,0,83.0
CA Portes de France-Thionville,epci,245701362,3.9778688627019734,5.183797158316984,5.670232308211389,5.0,6.71349487022481,3.6542244104819863,8.906539369931144,2.619146995238869,1.1473451382727466,6.79893280681804,7.695037676667958,7.054721767491846,3.934181422840933,3.4431350986591354,5.936243330042613,5.9939767316896395,4.384639416167852,7.395286355172888,9.59038026567362,9.606900516101621,7.174424852854804,5.331867088212139,4.902365569898654,6.946940254676781,4.225197755645252,4.310923109605988,1.1818477187808505,5.144595928670507,5.49729452782325,80037,513.0,156.0,False,3,5.0,19,0,18,0,92.0
CC de l'Arc Mosellan,epci,245701354,2.591835557990025,5.516331766944388,4.7486089889584,10.0,2.0,4.370888229019517,9.0,3.794735779975207,1.5325049730446565,2.5617089976071727,1.541038429382766,4.40531034681581,4.117219707671462,3.9950990284544643,3.365900769740825,3.4415198777640037,4.33528411220342,5.298007899212962,7.672153832848041,7.295182633263182,2.555049442154121,2.357540288869029,3.74809006255946,5.557125147749877,4.7465621126070285,6.214287773517456,1.8464266151584168,3.5056649465217515,4.36121704714405,34688,154.0,225.0,False,1,3.0,16,2,16,0,70.0
CC du Pays Orne Moselle,epci,245701271,7.275833935955202,6.207839646956296,6.0788414826352195,4.0,7.0,4.0754297157479,9.0,2.8649941592034267,1.2212456657580983,5.770280543657637,5.466763086165656,6.9502883313864015,6.281915781276075,4.595334779625818,7.206207932358013,9.435148615823923,6.542229886336244,7.317590995902171,9.127700209526989,8.76238156162504,6.329142793569561,6.517976673898129,4.872893141236024,7.6139697020266635,7.103020526227958,8.947099071035211,3.8240158721329105,5.707237025087612,6.289120754826934,53939,544.0,99.0,False,0,0.0,6,1,5,0,90.0
CA du Val de Fensch,epci,245701222,3.7099120601230307,5.337410674963418,8.220290102146642,6.774339740584466,10.0,2.99613575984884,8.539487704044666,3.297191322507778,1.1241103013254912,6.121567290343662,6.998820838483286,7.11838497492506,7.06833454090838,4.363394848626916,7.356675048658171,7.722911250337411,7.541405617354984,8.35228515819233,9.90093622583074,9.730597110343945,8.772975891119351,6.239895438207674,5.530594268990893,7.948173720325619,7.629785904047507,9.559434002471978,4.129878248021708,8.451206864708974,6.804861960980104,70400,818.0,86.0,False,2,8.0,15,2,14,0,84.0
CC du Saulnois,epci,245701206,2.641549344614744,6.582217906928358,5.6476870795478185,3.0,5.0,6.947361120743463,9.532561203966988,7.451348914626535,7.20736528191969,5.202059782231777,6.201851723420487,5.839586656494903,10.0,7.74120951522297,5.516193910812123,5.731950898120536,4.497260558984673,3.440356474096678,4.0276371454331095,4.3647270961925235,5.868333448921562,7.314827657951314,5.638185727165546,4.936438033150704,7.323462098619877,7.025556557320202,4.282439836327068,4.11536861086067,5.824197735131224,28838,29.0,994.0,True,0,0.0,21,3,19,0,96.0
CC du Warndt,epci,245701164,4.035700362016152,5.485937064884434,7.306321358952938,10.0,10.0,5.665329991645781,10.0,7.882316903369535,4.400724032302979,6.184071289334447,5.7368421052631575,7.083430799220273,9.053968253968254,4.4473962684489,7.875355054302423,2.842328042328042,10.0,8.470286828181566,9.458479532163743,9.530214424951268,8.253244221665275,7.833472570314676,5.698357003620162,7.462768031189084,8.736730715678084,8.308326371484267,7.254692286271234,10.0,7.464510482555595,17959,382.0,47.0,False,2,6.0,8,0,8,0,108.0
CC du Pays de Phalsbourg,epci,245700950,4.02654462242563,8.25491990846682,3.9281464530892447,9.0,3.0,3.985411899313501,10.0,4.946739130434783,2.6509725400457667,4.544794050343249,3.3991990846681923,5.9363844393592675,5.437814645308925,6.069279176201373,4.473112128146453,5.515102974828375,1.5408466819221969,3.865274599542334,5.071681922196796,5.7104691075514875,3.611212814645309,4.150228832951945,4.812528604118993,6.441762013729977,6.480606407322655,6.446967963386728,2.642105263157895,4.24233409610984,5.006587119973848,17480,94.0,185.0,False,0,0.0,15,1,11,0,93.0
CC de Cattenom et Environs,epci,245700695,2.1489550055810014,5.8341095415880835,4.416419691312883,3.0,6.0,6.571071167391556,8.914206535545206,5.018205611793234,3.385512489896463,4.42992956391209,2.351449135907009,4.789692467572457,1.6961625803471767,4.067934259651284,2.863246218390362,4.734652245871984,1.0,7.746122166198376,9.277279550440706,9.628189831030369,3.298641314806974,1.0434933220430314,2.247719487317655,4.680997652130403,2.6012855548285287,4.506793425965128,1.0,1.0,4.223288172125784,25983,138.0,188.0,False,0,0.0,16,1,15,0,60.0
CC de Freyming-Merlebach,epci,245700398,8.0,5.342901302715831,8.63766835946125,7.0,10.0,6.336561208718418,10.0,7.808188499511087,3.3906254928555657,5.623505661924739,6.366589912626566,6.068226981673659,9.207172822761253,4.80522348042772,8.264486010787623,9.802163833075735,10.0,8.11828533577264,9.347222660316058,9.566129388385956,8.659937545342713,8.61593540043529,6.237863924549727,8.125697883481058,8.706084597672145,8.92748320348232,8.950320158975492,10.0,7.9252954880340285,31708,428.0,74.0,False,3,11.0,5,2,3,0,101.0
CA de Forbach Porte de France,epci,245700372,4.026786293093389,5.286532951289399,7.599385445163298,6.561293417521296,10.0,5.707360396219321,10.0,8.116687627221927,4.927783324041541,5.433040749912484,5.789651103994607,6.935964423238989,9.310648394248597,4.011992895020032,7.772096098743663,8.071568411362781,9.704819199004266,9.049721894488455,9.847294791842238,9.818485913210337,7.956319931543259,7.211502806985699,5.486781884894138,7.24425313435932,7.962685889872811,7.125491060431226,9.017282734120759,9.576786941357984,7.4840077754707774,77139,554.0,139.0,False,3,11.0,5,1,2,0,100.0
CC du District Urbain de Faulquemont (DUF),epci,245700133,2.9080195458465075,5.488810413501417,5.569252248182975,2.0,4.0,5.514926292448569,9.429433745329117,7.397199523672648,4.4098878988215,4.694452428858868,3.5225228924567813,6.029975773005379,7.226050178622757,6.244487332156202,5.683078060197922,5.1111156736336385,6.459122079415267,4.962222313472672,7.684761631010553,6.734611752145526,5.91052437071408,6.851763643082988,4.968874471317702,6.0694370303453375,6.535170204902887,7.298484786268633,2.916806964234386,5.888555824744385,5.62534096708531,24354,93.0,261.0,False,0,0.0,10,1,9,0,91.0
CC Pontivy Communauté,epci,245614433,8.426979396138396,6.156364735864542,5.723554058140037,2.0,5.964558766359985,4.258887305084014,5.963954040862165,4.697205304306509,2.5961513541531684,7.003757937022159,6.754222279815127,5.051790419420327,3.6341626711589132,6.533972614573885,5.380761090233683,4.853073301369271,4.808237225173858,6.042071616776813,4.856788043713014,8.379551639238047,5.1955207118483,6.359854865880523,6.08854909075202,7.644248628568961,5.987214375188977,5.152088462701395,4.165198047600535,5.330396095201071,5.536039788469489,46304,64.0,723.0,True,0,0.0,5,3,1,0,97.0
CC Roi Morvan Communauté,epci,245614417,8.52464086599113,8.28616774508607,6.078582183697554,6.0,5.0,4.09848207382086,3.73902250437472,8.584991657510276,8.076954380824482,7.956171407642534,8.603467220119644,5.284010906279249,3.9263826150653154,8.751353111138242,6.9800187197330406,5.207219305742075,6.382411589956456,6.404264843527449,6.390550604321817,8.682497049607292,6.813372400602287,5.988727465103976,8.563016318723802,9.23082244740162,8.303503845684288,6.616571033247873,7.382411589956456,6.382411589956456,6.8656437669683905,24573,31.0,792.0,True,0,0.0,21,2,3,0,161.0
CC Questembert Communauté,epci,245614383,8.978499619836107,6.633141843372476,4.796908000337924,2.0,2.0,4.005744698825716,6.830404663343753,7.665582495564754,6.747106530370871,5.320816085156712,5.737644673481457,5.117005998141421,4.9503252513305736,5.80307510348906,5.871377882909521,7.326180620089549,2.67381937991045,3.092253104671792,3.042916279462702,5.9817098927093015,2.6985722733800794,3.167229872433894,5.559896933344597,7.025217538227592,5.761426037002619,5.779251499535356,3.0,2.3476387598209008,4.996919465598185,23675,72.0,328.0,False,0,0.0,5,1,4,0,90.0
CC de Belle-Île-en-Mer,epci,245600465,9.0,7.365674384417494,5.314957736126424,8.0,7.0,4.801176038221242,8.165380374862183,2.59316427783903,6.758544652701213,8.468945240720323,9.484748254318266,6.807056229327453,8.937890481440647,8.181183388460125,7.996692392502756,10.0,10.0,3.7963983829474457,2.4961411245865492,6.727673649393605,4.056964351341419,4.467107680999632,8.79970599044469,8.334068357221609,4.015803013597942,1.4689452407203234,1.5310547592796766,10.0,6.591759857195359,5442,62.0,87.0,False,0,0.0,1,1,0,0,169.0
CC de Blavet Bellevue Océan,epci,245600440,8.556320053268228,5.297802685606481,2.360836755077128,8.0,7.0,4.188880257463101,7.0,3.836033736544224,1.8360337365442236,4.032682277216735,2.2415936078126735,4.023526800577073,4.825491066474309,3.8111197425368992,4.704527799356343,6.18826989235379,4.45633115081567,2.069637110198646,1.0,4.960714682055266,1.8438020197536344,1.9134391299522806,4.5563200532682275,5.417045832870936,4.498723782044168,4.240206414382421,2.0,3.0496060370658085,4.211033736544224,18022,147.0,122.0,False,0,0.0,1,1,0,0,95.0
CC du Pays de Montmédy,epci,245501259,3.621410292863236,7.951947682684105,6.773386408871197,10.0,8.0,6.361387546204151,4.735143588285471,6.501563832812056,7.993033835655388,6.760733579755473,9.2976969007677,6.1202729599090135,9.2976969007677,8.672448109183964,4.070656809781063,5.0,1.7023030992323003,9.47938584020472,10.0,9.529144156951947,7.728319590560137,7.626101791299403,3.963036678987774,4.890531703156099,7.287034404321865,6.0725049758316745,10.0,10.0,7.122705024574516,7034,28.0,251.0,True,0,0.0,1,1,0,0,81.0
CC du Pays d'Étain,epci,245501242,4.819601154552611,7.236027289425348,6.306874836001049,10.0,8.0,4.9881920755707165,8.0,5.785095775387037,4.389661506166361,4.860404093413802,6.929677250065599,6.230910522172658,10.0,7.81933875623196,6.617554447651535,10.0,6.096956179480451,3.865258462345841,4.5351613749672,4.690632379952769,6.162424560482813,4.243374442403568,5.197323537129362,6.3230123327210705,7.053135659931776,9.075045919706113,6.545526108632905,5.175413277355025,6.462378640776699,7622,31.0,245.0,True,0,0.0,1,1,0,0,82.0
CC du Pays de Revigny-sur-Ornain,epci,245501184,2.261418853255588,7.404275996112731,7.175204775787866,9.0,6.0,5.54546716645842,4.448285436623629,9.001804803554075,7.166180758017493,5.564764681382758,6.00249895876718,5.3205608774121895,9.389698736637513,8.255032625295016,5.681382757184506,6.558794946550049,7.558794946550049,4.359017076218242,5.833402748854644,6.423712342079689,6.523670692766903,8.037067888379841,6.163959461335555,6.992780785783701,7.970845481049563,8.231709010134667,5.779397473275024,5.948493683187561,6.592793677237659,7203,39.0,184.0,True,0,0.0,2,1,0,0,105.0
CC du Territoire de Fresnes-en-Woëvre,epci,245501176,6.910304547350855,7.6251564455569465,4.5306633291614515,10.0,8.0,7.708385481852315,7.570921985815603,7.738214434710054,7.1439299123904885,5.662911973299958,5.0,3.9574468085106385,2.0,8.03337505214852,4.729662077596997,3.0,3.0,2.950563204005006,2.8833959115561116,1.6848143512724238,6.2745098039215685,8.410304547350854,5.5494367959949935,5.713600333750522,6.983521068001669,7.349812265331664,6.0,2.0,5.657533226056381,4794,18.0,266.0,True,0,0.0,1,1,0,0,97.0
CC du Sammiellois,epci,245500327,7.817703461178672,9.421772684752105,7.820860617399439,10.0,4.0,7.038587464920487,5.93311506080449,8.086997193638915,8.519761459307764,6.412885874649205,8.952759588400374,6.9282039289055195,8.952759588400374,8.444691300280637,7.624181478016838,10.0,5.570860617399439,5.316183348924228,6.684518241347053,6.4790692235734335,7.877104770813845,6.358395696913003,6.750818521983162,6.382483629560337,9.034494855004677,9.402946679139383,10.0,10.0,7.707541260189763,8552,34.0,251.0,True,0,0.0,2,1,1,0,128.0
CC du Pays du Sanon,epci,245400759,3.4821066846725186,5.981431465226199,4.901080351114112,9.0,7.0,6.7651924375422015,9.0,5.212356515867657,3.2445982444294397,3.6679608372721133,2.1939567859554354,4.634199864956111,7.0,7.397535449020932,3.953072248480756,1.0,4.0,1.926401080351114,3.1939567859554354,2.0092842673869007,5.4407494935854155,1.8830182309250507,5.149729912221472,5.840141796083727,5.688386225523295,6.193956785955436,2.0,4.0,4.705682695090189,5924,23.0,257.0,True,0,0.0,2,1,1,0,90.0
Métropole du Grand Nancy,epci,245400676,3.517338244378912,5.025903434235116,7.019648067635666,5.6405534251046126,10.0,4.130403024333765,8.0,3.5041475800278965,1.20798122612956,8.400494989878739,8.795060980111042,7.784994113738883,3.208606762789505,3.0400110343112687,6.711305118133181,6.83297394115293,3.848620128293295,7.666752143725789,8.291294161528329,9.569374346780428,6.603829372248708,5.465896596070387,4.15996643082769,6.1676360542235384,2.624872270076424,1.6719196204818576,2.0734170231448563,3.575482071186849,5.5192315057339005,257429,1812.0,142.0,False,13,13.0,28,3,22,0,81.0
CC du Bassin de Pompey,epci,245400601,5.724334506518614,7.015540574034601,5.631487631983344,1.0,3.0,5.279730332622813,8.0,6.431170376245476,3.2443612749714967,4.847692460219105,4.817478808308135,6.1812571258613,8.165319982154365,5.425891042482526,6.0017597779209835,3.6073464531799933,7.5130867991870325,5.398056808605562,5.985153422891984,8.159594507510038,5.161750855103356,3.529792296634115,6.346254895156893,7.375377980468944,5.169161750855103,5.373147276062063,3.9044762801764734,6.534129777425272,5.529405464163557,40350,258.0,156.0,False,2,5.0,8,1,7,0,100.0
CC du Pays de Colombey et du Sud Toulois,epci,245400510,4.202423816633003,7.8075875998946165,4.902608237463775,8.03547905506279,3.0177395275313956,5.367700008781944,7.301308509704048,5.39509967506806,4.382804953016598,3.7159919206112235,2.7790462808465795,5.163080706068324,7.0,7.228769649600421,4.630807060683235,1.0,2.0,2.4992535347325897,3.5007464652674103,3.945639764643892,3.9771669447615703,2.8437692105032055,4.132519539826117,5.599806797224906,5.633266005093528,7.343286203565469,2.0,1.0,4.514496480949453,11387,30.0,379.0,True,0,0.0,2,1,1,0,70.0
CA de Longwy,epci,245400262,7.628772992301002,6.360580485133524,7.305849950069259,7.381358116161453,9.237187127532778,3.7986019392455628,7.172679831201881,2.0732371227007698,1.1160164932512966,6.2851206391134875,6.393631414489579,7.033469703314757,6.076023580195213,4.532245594820088,6.6736784460264795,6.741149373449731,7.793544438359695,9.245353219727475,9.885674709274232,9.903102148632541,7.774538543310891,4.211931836484876,4.462197596881745,7.221064330122733,6.5656025512998095,7.806639177914506,5.552878265631543,7.514930902296814,6.562395018890847,62091,356.0,174.0,False,4,9.0,4,2,2,0,78.0
CC des Pays du Sel et du Vermois,epci,245400189,4.586990191017037,5.107657890208226,3.820375150576493,9.0,4.0,5.173464119772845,8.92214765100671,5.713887454827052,3.241438650834624,5.275546377559801,5.783961452417828,5.864326277749097,7.833970056788849,5.402787816210635,5.60216830149716,2.790604026845638,7.658544140423335,3.1043538117363623,2.223438306659783,6.41242471175357,6.555154018241266,6.732025468938221,5.759834796076407,7.468112200998107,6.041748408191361,6.729203235243504,5.855136809499226,7.150782997762864,5.707503011529856,29056,209.0,139.0,False,0,0.0,2,1,1,0,97.0
CC Moselle et Madon,epci,245400171,5.409768907563025,6.463620448179272,3.8903011204481794,8.975035014005602,8.850210084033613,4.7933473389355745,8.0,5.988655462184874,3.975875350140056,4.532913165266106,3.8897759103641456,5.582843137254902,6.802801120448179,5.5303571428571425,4.0283613445378155,1.9974789915966387,4.798564425770308,4.545868347338936,4.715686274509804,6.909838935574229,3.1187324929971987,2.997689075630252,5.766596638655463,6.906547619047619,4.806582633053221,5.065896358543418,4.89828431372549,6.732352941176471,5.3562137354941965,28560,150.0,190.0,False,0,0.0,5,1,3,0,96.0
CC du Pays de Château-Gontier,epci,245300447,4.936727272727273,5.470148760330579,4.21196694214876,1.0,1.0,6.65500826446281,7.948760330578512,6.351900826446281,5.475636363636363,4.883404958677686,5.188297520661157,4.26796694214876,3.1179504132231406,5.440429752066116,4.361256198347108,2.4410247933884297,5.794876033057851,3.487504132231405,1.6386776859504133,7.2511404958677685,3.6595371900826446,4.210247933884298,5.532793388429752,7.345917355371901,7.193421487603306,8.280231404958677,5.55897520661157,5.794876033057851,4.946381345926801,30254,66.0,458.0,True,0,0.0,3,2,1,0,91.0
CC du Bocage Mayennais,epci,245300389,6.990633315593401,6.012772751463545,4.737200638637574,5.0,2.0,5.731346460883449,6.52634379989356,5.9433209153805215,6.936083022884513,6.073762639701969,4.844917509313465,3.2720596061734963,1.0,7.904949441192123,3.239276210750399,1.6782863225119744,1.0,6.147738158594997,6.699680681213412,7.682171367748802,4.613411389036722,5.777967003725386,8.28350186269292,8.827514635444386,8.844917509313465,9.724002128791911,4.570675891431613,1.0,5.395090473656201,18790,35.0,536.0,True,0,0.0,4,3,1,0,146.0
CC de l'Ernée,epci,245300355,6.299391733320562,6.581589156568802,3.280760572824369,4.0,2.0,4.28564586426553,7.27975477752766,5.574692274534221,4.40552708463049,5.37099477944346,4.399540207864361,3.712725705254083,2.8253747784855596,7.621964653479573,3.034101250059869,1.0,1.8205852770726567,3.630873126107572,3.4364193687437137,6.489008094257388,2.6952440250969874,2.3782269265769433,6.029790698788256,8.238181905263662,7.764069160400402,9.276066861439723,3.5470568513817713,1.547056851381771,4.590165785170334,20879,43.0,485.0,True,0,0.0,4,2,3,0,89.0
CC du Pays de Meslay-Grez,epci,245300223,5.696021908330931,5.534015566445661,3.3895214759296626,8.0,1.0,4.906385125396368,7.236235226289997,7.036826174690113,6.839290861919862,4.794465263764773,3.7530988757567023,4.026664744883251,1.204814067454598,6.796122801960219,3.1792303257422887,3.8192562698183914,1.0,3.627053906024791,2.388080138368406,6.641323147881233,2.8891611415393483,2.739045834534448,4.55880657249928,6.30325742288844,6.722758720092245,8.144205823003748,4.0,1.0,4.543772906971955,13876,32.0,433.0,True,0,0.0,2,1,1,0,75.0
CC des Trois Forêts,epci,245200597,6.659933554817275,8.731694352159469,3.4645847176079734,9.0,6.0,6.790299003322259,4.539136212624585,9.779003322259136,8.261794019933555,5.644784053156147,5.713355481727575,4.811960132890365,7.0,9.498073089700997,5.184318936877077,4.0,7.0,4.099401993355482,5.775681063122923,4.819136212624585,5.049302325581396,6.776744186046511,7.6875747508305645,6.399468438538206,8.828704318936877,9.307774086378737,4.0,6.0,6.457954437588989,7525,10.0,752.0,True,0,0.0,3,2,1,0,138.0
CC du Sud Marnais,epci,245100979,5.724893797790994,5.411894647408666,4.5359388275276125,8.0,3.0,7.380458793542906,4.485131690739167,9.618691588785047,9.572982158028887,6.584197111299915,6.190994052676296,5.7150382327952425,10.0,9.165335598980459,6.885811384876805,6.0745964316057774,8.0,3.153950722175021,3.4078164825828376,4.710280373831775,6.172982158028887,4.634324553950722,6.401019541206457,6.965675446049278,9.700764655904843,9.85658453695837,10.0,8.0,6.762477242383786,5885,18.0,326.0,True,0,0.0,2,1,2,0,95.0
CC de la Brie Champenoise,epci,245100888,2.987841945288754,6.488965243821858,5.403991013611735,8.0,3.0,8.7897449451566,2.0770450640940927,9.222545262323246,9.841152372142197,5.69737015990485,7.894542090656799,4.880401744416545,8.4209065679926,7.805074666314259,6.453812607374124,7.9472710453283995,6.9472710453283995,5.144442976080349,3.0527289546716005,6.645830580150654,6.839302233381789,3.4049160829919387,6.370159904850007,6.319413241707414,8.572353640808775,9.198757763975156,10.0,7.894542090656799,6.617870830108176,7567,26.0,291.0,True,0,0.0,1,1,1,0,102.0
CC de la Grande Vallée de la Marne,epci,245100615,6.365022116366111,7.148758080979925,2.760666893501191,8.0,3.0,4.726165362368152,1.4975161619598503,4.315141204491324,2.135284110241579,5.35910173528411,5.180537597822388,5.350323239197006,3.112827492344335,5.666008846546444,3.1029601905410003,1.0,2.0,3.119020074855393,3.386185777475332,6.452670976522627,2.8845185437223546,2.8694794147669276,6.47247363048656,7.062606328683225,6.248928206873086,6.456345695814903,3.3709424974481115,1.7418849948962232,4.313763184756721,14695,80.0,183.0,False,0,0.0,1,1,0,0,113.0
CC Baugeois Vallée,epci,244900882,7.795356494096276,6.811705267938238,4.225249772933696,4.0,2.0,5.052565849227975,7.675068119891008,6.783463896457766,6.268250454132606,4.2182674841053585,4.303502497729337,3.5491030881017256,3.2775885558583107,6.526453224341508,5.835291780199818,5.828706857402361,5.731636012715713,3.8188862397820165,3.85158378746594,6.538658038147139,4.969856948228883,2.8762772479564034,5.374829700272479,7.606522479564033,7.931965258855586,8.162664623069936,7.448966848319709,5.17591961852861,5.487083576618659,35235,47.0,749.0,True,0,0.0,4,3,1,0,94.0
CC Anjou Bleu Communauté,epci,244900809,7.51711445381561,5.73984870880793,4.46926354230067,3.0,4.0,4.792510796162652,7.663681419007043,7.339506709561487,4.260441121061937,5.583224647132133,5.1746514795814855,4.084746253948932,1.6582326174535547,7.2766426107874675,6.230588644465699,3.3284931745065647,7.012578616352202,4.098049444975799,2.5872242993362895,7.467872358925311,4.52746138016984,4.619192533982552,5.914529171376402,7.4500478219285275,8.170535895429383,9.42002144741037,7.779236588122772,5.038431440744283,5.578718827762389,34506,52.0,663.0,True,0,0.0,13,2,12,0,88.0
CU Angers Loire Métropole,epci,244900015,4.203192786173499,5.1938148117224685,5.427753193621107,3.5477364949486514,8.5952675962261,3.5333121816815565,8.923533439091592,5.4236987559489025,2.4061785088085497,6.829409701928697,6.5763112632545715,6.214771645654171,2.4017132837939386,3.299580863321366,6.3747783251231525,7.169992485597395,4.300672956499958,5.888035401185606,4.638433664523671,8.589005594055273,4.469800450864156,4.591253235367788,4.598964682307757,6.6930984386741255,3.0924538699173416,1.9494163813976788,1.99650329798781,4.086245303498372,5.036247450470543,299473,442.0,677.0,False,8,3.0,37,1,29,0,77.0
CC du Gévaudan,epci,244800470,5.9932663420698224,8.08370454780897,6.676991608826271,10.0,4.0,5.3136848648088675,7.248109396042681,5.517041334300218,4.496115197347975,6.580130529369108,7.776649746192893,5.110535584792292,1.5165233606132809,6.5253289132912045,3.4291929969957526,1.0,2.4504299181601574,5.058323837149072,4.808246141096032,7.965192168237854,7.68486480886771,9.980420594633793,7.428778618046203,7.202631306329638,5.690044545737076,3.45188024448358,7.483476639386719,8.0,5.94541297302097,9653,36.0,268.0,True,0,0.0,1,1,0,0,125.0
CC Cœur de Lozère,epci,244800405,5.816481815836988,7.608202218209956,4.515024503482074,10.0,7.788238328604591,4.9395150889863295,7.875612587051844,5.042042816610781,1.5286303843177715,7.097369099819449,9.285787980397215,5.686677843693578,1.0,5.069190095434615,4.377418106783596,1.0,2.0,7.772117616713955,8.381029146247098,9.486781016249678,5.358589115295332,5.581570802166624,4.76998968274439,7.008576218725819,2.3167397472272375,1.1243874129481557,2.0,4.0,5.301070415269538,15511,72.0,215.0,True,0,0.0,2,2,0,0,85.0
CC Lot et Tolzac,epci,244701405,8.01858939311099,8.432340076544559,4.746856205576818,10.0,8.04209950792783,3.6898578458173867,4.483870967741935,6.998769819573537,5.643657736468016,6.367413887370148,6.813832695462001,5.126161837069437,6.0,7.348414434117004,6.686030617823947,9.279934390377255,4.0,8.617550574084198,9.91962821213778,9.320120284308365,6.297566976489885,6.716785128485511,8.822854018589393,7.670721705850191,7.125888463641334,4.499589939857846,6.0,7.0,6.916733382800905,7316,28.0,261.0,True,0,0.0,1,1,1,0,145.0
CC des Coteaux et Landes de Gascogne,epci,244701355,8.38938124395746,6.981308411214953,4.739203996132774,6.0,5.605543022881083,4.673219465033839,6.964147599097648,7.161617789236223,6.489848533677087,5.935304543989687,7.460844344183049,6.194972607154367,10.0,7.752739284563326,7.209474701901386,7.904366741862714,6.730422172091524,5.543022881082823,4.099742184982275,7.504592330003223,6.309700290041895,7.6848211408314535,8.52803738317757,8.136641959394135,8.707460522075412,6.5224782468578795,8.095633258137287,7.095633258137286,6.943577068274942,12412,17.0,730.0,True,0,0.0,3,1,1,0,179.0
CC du Pays de Lauzun,epci,244700464,8.092131809011432,5.64866942069363,4.488711691805169,7.0,7.0,4.963493130944375,6.888942261504467,8.767893169372659,7.88750120088385,6.850610048996061,7.718704966855606,5.463252954174273,9.0,6.952541070227688,6.833701604380824,9.300028821212413,8.0,8.590738783744836,9.592371985781535,8.717936401191277,7.0366990104717075,5.209818426361802,9.513690075895859,8.519550389086367,8.971466999711788,7.649245844941877,9.0,8.0,7.559203573830338,10409,42.0,247.0,True,0,0.0,3,1,2,0,213.0
CC du Pays de Duras,epci,244700449,7.897015185896317,6.540408448245767,3.8996334438820037,10.0,7.0,6.942049223250131,6.91848490137895,8.140164077500437,6.9310525397102465,5.585267935067202,4.933670797695933,4.758247512654914,4.0,7.735555943445627,5.561005411066504,6.0,4.0,9.71338802583348,10.0,9.662942921975912,7.009251178216093,4.12550183278059,8.569383836620702,7.167917612148717,7.305987083260604,2.966486297783208,9.0,5.0,6.691550507443334,5729,25.0,229.0,True,0,0.0,2,1,0,0,172.0
CC du Causse de Labastide-Murat,epci,244600573,5.380818414322251,7.770332480818414,3.676470588235294,10.0,7.0,5.4286445012787725,3.7982097186700767,8.124552429667519,8.112787723785166,7.075959079283887,7.718158567774936,5.219437340153453,1.0,8.866751918158569,5.329156010230179,9.0,4.0,6.521739130434782,7.89002557544757,5.953964194373402,5.537340153452686,4.012531969309463,9.262659846547315,6.5240409207161125,5.798209718670076,2.7043478260869565,2.0,4.0,5.989504932407746,3910,11.0,355.0,True,0,0.0,2,1,1,0,225.0
CC du Pays de Lalbenque-Limogne,epci,244600532,3.8394151907761795,7.274575062403423,3.4069891834066324,10.0,8.0,5.3102341614168544,6.397480090336384,4.87828360870082,4.192083680019018,6.213360275763699,6.507310115297753,5.174135266848924,2.0,7.335789849043148,6.078093426839415,7.968857720194936,8.0,6.082491382384405,8.03898728158802,6.852014739094259,6.105194342089623,4.944371805539046,8.46665874242244,7.030429097824795,4.172708902888387,1.6272435516462618,1.0,7.0,5.853453838447302,8413,18.0,467.0,True,0,0.0,4,2,2,0,152.0
CC Quercy - Bouriane,epci,244600482,4.5414972731779875,7.738720872583044,4.729003470500744,6.0,7.0,5.051165096678235,1.6693108577094695,7.620228061477442,7.086465047099653,7.439960337134358,7.673277144273674,4.302032721864155,5.0,7.90252850768468,7.1633118492811105,7.604858701041151,5.604858701041151,7.3461576598909275,8.09766980664353,8.22310361923649,6.686663361427863,6.725929598413486,9.410510659395142,8.631432821021319,6.9300941993059,2.9775904809122458,8.39514129895885,8.39514129895885,6.640951908775409,10085,32.0,315.0,True,0,0.0,4,1,2,0,224.0
CC de la Vallée du Lot et du Vignoble,epci,244600433,4.674841554147148,8.195577294020392,3.614632130063378,6.0,8.0,4.7659134747864424,5.456806282722513,6.085698539542574,5.743524386883439,7.326742904381372,8.00468448608432,5.31461835216313,9.0,7.676357123174428,7.206461835216313,5.724579774042436,9.0,7.917263709010747,9.793744833287407,8.486635436759437,7.425530449159548,5.49676219344172,9.323022871314413,8.677183797189308,6.644116836594103,2.606296500413337,8.0,8.0,6.934321241585638,14516,39.0,372.0,True,0,0.0,17,2,15,0,217.0
CC de la Plaine du Nord Loiret,epci,244500542,8.836067954116452,5.589080877014665,4.984899085233048,8.0,2.0,5.577464788732394,5.25381152896762,8.652098155945986,6.563961086104254,4.071438942935966,3.543487730506752,4.227530129228982,2.0,7.436619718309859,5.260200377522869,9.0,6.0,5.81370698417308,8.089879483084072,7.523159576012778,3.211703208944388,3.077246987077102,4.430811674168724,6.73631479599245,7.524175983737476,8.83258312763177,7.0,4.0,5.829865792694311,6887,27.0,255.0,True,0,0.0,1,1,0,0,72.0
CC de la Forêt,epci,244500484,5.424003761608088,7.605736452333373,5.155871635124016,8.0,4.798812742447396,3.994181262489714,3.482778887974609,5.980251557540849,4.572704831315387,2.678500058775126,2.6889032561420008,4.173269072528506,3.644998236746209,4.30163394851299,3.118902080639473,2.5714117785353237,3.3716351240155165,4.695133419536852,4.610262137063595,7.61220171623369,1.9546843775714118,1.2855295638885624,3.3039261784412837,4.725343834489244,4.1985423768661105,4.239038438932644,4.571059127777125,2.657164687904079,4.2648743051940405,17014,81.0,210.0,False,0,0.0,1,1,0,0,65.0
Orléans Métropole,epci,244500468,2.967456074935707,5.159966685948858,5.5000174236669155,4.214913961932773,8.254448262163463,3.2394917864834163,1.0877664949854686,4.286121003881993,1.4316434699581135,6.581574123763791,7.0435243199542805,6.914404493912171,4.437755692311981,2.949450457545493,6.259675362238035,5.046615278465045,4.592080594913683,8.282371430761833,8.7833854881763,9.833161419819769,5.6621585832467956,4.5610873762048465,3.9742129729654385,6.344312566645526,3.3707372998891856,2.2763184488754766,2.342953520626137,4.656028937226012,5.001915483267804,287019,856.0,335.0,False,10,6.0,23,2,8,0,71.0
CC des Loges,epci,244500427,6.600532717329814,6.57231755610032,4.337261927211013,1.0,1.0,5.252427871016406,1.6266971525551575,7.0692061097491985,6.365736375636432,4.218531963039789,4.397133697906845,4.871346407693758,3.2702951159720914,5.388058646049406,4.074698283990195,3.0350037714501226,4.4794927399585145,5.579577597586272,6.09958985479917,8.284225909862341,2.2320384687912505,1.4075994719969829,4.732368470676975,6.798958136903639,4.349754855742033,4.1685838204789745,3.550608146332265,3.964595511974354,4.4545228778858315,42424,76.0,558.0,False,0,0.0,1,1,0,0,78.0
CC des Quatre Vallées,epci,244500419,6.390461306939862,5.477397696359322,3.584187069514383,9.0,8.0,4.870521502575679,3.665509058285582,7.032933958441859,6.017422006135324,5.060890200845054,4.545754471262372,5.209237714881056,6.828905481275685,6.369855877756555,6.627250101290733,7.048735312843665,6.786421253689877,6.131562192510274,6.445621346298547,8.402153151588818,5.391734676159055,3.735312843664988,6.29623198471957,7.461538461538462,8.394918099207038,7.58823869884818,9.786421253689877,7.143601319673555,6.403314894285549,17277,60.0,287.0,False,0,0.0,1,1,0,0,94.0
CC Giennoises,epci,244500211,4.5758368414599255,6.208117055625945,6.951158703559897,4.0,7.122246290922467,4.874647484366698,5.253566027710794,6.8447705072137985,8.447418972493562,6.783831282952549,7.717905750602853,5.393877467609433,7.0,6.473944496668983,6.4535905505374584,7.774430866064495,9.561123145461233,7.323210855437937,7.714513426247599,9.099562676257817,6.261781174643398,6.206727428781624,6.796337924551437,8.19356684513835,8.285118731352433,8.31752973392733,8.122246290922467,9.561123145461233,7.047077988427562,24470,67.0,365.0,False,2,6.0,3,1,2,0,106.0
CA Montargoise et Rives du Loing (A.M.E.),epci,244500203,3.343847921453938,5.127717696967749,6.3669393067763655,5.0,10.0,4.452539731002234,4.0641802317173115,2.3357651331330045,3.998264530539442,6.4335941893911395,6.591537979463611,7.02048818113159,9.363516575340265,4.705629027333644,8.159341807137922,7.542719866304575,9.048143208368819,8.279603413089939,8.326605710980058,9.695103726438592,6.950137391332294,5.639536565377385,6.625524256399544,8.22226864424483,7.903585029968987,7.0017033311372145,9.492985810930243,9.005736690716846,6.8106077127384825,62239,268.0,232.0,False,7,17.0,9,1,0,0,94.0
CA de la Région Nazairienne et de l'Estuaire (CARENE),epci,244400644,6.923422850786588,5.073255998728746,4.439980931193389,3.121913236929922,6.682869855394883,4.334776736055935,7.94137136500874,3.610456062291435,1.9084856189416812,6.914992849197521,7.741029715556968,6.558263149531225,6.081042428094708,3.4450023836008263,6.729175274114095,7.187772127761004,5.603750198633402,5.343294136341967,3.5844589226124266,8.862021293500716,6.069585253456221,5.998172572699826,5.732385189893533,7.325687271571588,5.519037025266169,4.714738598442714,5.5921976799618625,4.653472111870332,5.631878958479944,125883,376.0,334.0,False,3,1.0,38,1,10,0,100.0
CA de la Presqu'île de Guérande Atlantique (Cap Atlantique),epci,244400610,3.6836987530637666,5.361316850381045,2.0516186062708437,1.0,1.0,5.088959725700816,7.918580823165423,5.091745576791717,2.4930286755153155,6.275745683939836,5.887990035224944,4.379317734353026,3.2704418520552347,4.181522306899,6.102768439521584,7.043716432503381,4.958520284478255,2.8145132127024093,1.7702610396046234,6.323654286594431,4.217135662912018,4.30434083816616,7.554652237386658,7.952091397345406,4.831938175535406,2.596265888057003,2.172736161150771,4.192732678836907,4.447117619934142,74668,190.0,392.0,False,0,0.0,24,1,5,0,185.0
CC du Sud-Estuaire,epci,244400586,7.938158679657984,5.628123550076225,2.6159276198051304,1.0,2.0,6.771028037383178,8.0,5.465268111619275,3.4483992841519187,5.325180619076026,6.406442632730165,4.714257307615828,2.7745078544442237,4.6192085901769735,4.562669848213694,3.4170809306025056,3.5691655067276464,3.018492742095844,1.2741101610658183,6.1758136143699875,4.932358984556241,4.506694505203155,5.609133691257374,7.553158348246835,6.407801418439717,6.556903294226818,3.9056472459733547,4.431961291177835,4.736696209603347,30177,135.0,223.0,False,0,0.0,7,2,2,0,105.0
CC du Pays d'Ancenis,epci,244400552,7.875148086719583,6.045062788769103,4.162214192631205,2.0,1.0,5.63857955218576,7.952523397701694,5.551548987086838,3.7002724795640325,4.059116218457529,3.1842494965051533,3.9330944200924063,2.086142044781424,5.3466413931998575,3.8943549342494963,2.3922224854875016,1.3710757019310509,4.010647435138017,1.820030209690795,7.510677052481934,2.800260632626466,3.4385143940291436,4.02655194882123,6.100239900485724,5.530268925482763,7.23859732259211,2.6690409904039805,1.1630286695889112,4.1607179878822755,67531,78.0,865.0,False,0,0.0,44,5,13,0,65.0
CC de Nozay,epci,244400537,7.016597770261806,6.016096705499185,4.399411248903921,8.0,1.0,4.557810346987348,5.872666917199048,7.457472128272579,4.0055743454841535,4.548916447450833,5.341788801202555,5.089064261555806,2.430477264186396,6.225980207941877,3.5143429788300136,2.491419265940123,1.5085807340598771,2.7425153451083553,1.247212827257923,5.976449956156833,2.215708380308155,3.490354503319554,2.6094826506325943,4.872666917199048,4.900914443191782,8.339721909056745,2.7386320931980457,1.0,4.2717806589001635,15966,57.0,280.0,True,0,0.0,18,1,2,0,52.0
CC d'Erdre et Gesvres,epci,244400503,7.499604917980973,5.281029741774392,2.7077341256044756,1.0,1.0,5.022282625873132,7.436976516324789,8.984765637346314,7.6665033660988025,2.058440532254496,1.558977843800373,3.5915484054489712,1.3548626694901862,3.434384778279971,2.7558393122412213,1.4280160561332533,1.803754859508834,2.8722620816081417,1.375422737760359,6.638515755870919,1.2192863238408294,2.145405986282752,2.1975726160750972,4.456272322134075,2.4481652391036377,3.8984955276715447,1.5081228863111982,1.194032681184614,3.376366983785833,63279,124.0,510.0,False,0,0.0,20,1,12,0,50.0
CC de la Région de Blain,epci,244400453,7.394999693608677,6.765488081377535,3.1387339910533734,8.0,1.0,7.848336295116122,6.794472700533121,5.1689441755009495,3.7906121698633495,5.227281083399718,6.411667381579754,5.41614069489552,5.518291561982965,6.543905876585575,4.448863288191679,5.189472394141798,1.0,3.321098106501624,1.189472394141798,7.037195906611925,3.9427661008640236,6.8816716710582755,3.910043507567866,6.210613395428641,4.922237882223175,5.996139469330228,3.4155279122495252,1.0,4.9101419904931145,16319,76.0,214.0,False,0,0.0,10,1,5,0,62.0
CC de Grand Lieu,epci,244400438,7.0841447684564605,5.228533852651812,2.3701155820835127,1.0,1.0,4.950428690659855,9.0,9.944459900351552,8.93429272363995,2.5693618958496676,1.8093274994309416,3.960115329168669,2.0349022484129593,3.616151141910519,2.435696401021776,1.5062090594096968,1.549508080629252,2.338223020309062,1.0797440501783049,5.743746680492678,1.3841017729330534,1.5901514959912997,2.4590910240522015,4.393156124332937,3.800045524671843,6.276663547383596,1.9514656415185008,1.549508080629252,3.6271122905774758,39539,131.0,301.0,False,0,0.0,10,0,3,0,54.0
Nantes Métropole,epci,244400404,4.214972385120884,5.009837419685202,3.9990231160312604,2.6418417234610647,5.6841784421062895,4.124015496031504,8.05744565416174,8.01695907145731,4.073938381633972,7.322016617695469,7.200220065592958,6.429629302251862,2.402753563111886,2.7411166042842687,5.840461589105229,5.11340998037088,2.8119688860169956,6.491913656258763,5.372784104070909,9.494152412187123,5.530732983016544,4.343253557015887,3.5083515197327513,6.0898839931237125,2.1656984186976507,1.5107716316553077,1.0928375050291999,2.877133599931725,4.791475059958512,656275,1231.0,533.0,False,16,4.0,102,6,25,0,68.0
CC Loire et Semène,epci,244301131,4.820491563444845,8.355505705647127,1.9799083195162392,8.0,1.0,2.7793328781819957,1.207890373549205,5.269091973081049,2.0313566760948016,4.724227055495953,3.8147859163171756,4.878377060372574,4.311616112357359,5.433482883058617,3.420852433434117,7.359163171754608,1.91456159172925,4.000975324295328,4.335023895445236,6.486638057154003,1.9410416463474105,3.2150590071198675,5.189944406515166,6.509363113235151,3.9754218277577293,3.8764751779966837,2.0,1.8028381936994051,4.094050870128602,20506,178.0,115.0,False,0,0.0,3,1,2,0,79.0
CC des Pays de Cayres et de Pradelles,epci,244301123,6.613592606854063,8.439160569888333,5.041971505583366,9.02753176742395,4.972468232576049,3.0082787832113977,3.792645360030805,7.572968810165576,6.840007701193685,7.44012321909896,7.786676934924913,3.480747015787447,1.0,9.200616095494802,3.3500192529842128,4.0,1.0,2.842125529457066,1.7564497497112053,4.777050442818637,5.330958798613785,8.243935309973045,8.601078167115903,6.082980361956103,7.51289949942241,6.063342318059299,2.0,1.0,5.242058144012323,5194,14.0,371.0,True,0,0.0,4,1,0,0,156.0
CC du Haut-Lignon,epci,244301107,5.908586232420429,9.066493955094991,4.755983222304466,8.0,1.0,3.5107327905255366,2.459659511472983,4.393782383419689,3.518504811250925,7.465581051073279,6.532568467801628,3.3414754502837405,2.0,8.221564273377744,5.3967431532198376,8.988033555391068,2.0,3.6243523316062176,1.0,7.5851221317542565,3.7994078460399705,6.828645447816433,8.523562792992845,8.425117197137922,6.586355785837651,3.384406612385887,3.6181840611892424,1.6181840611892426,5.055465968770927,8106,40.0,202.0,True,0,0.0,2,1,1,0,155.0
CC Auzon Communauté,epci,244301099,3.986718080548415,6.109147386461011,5.589545844044559,10.0,4.0,3.0253856041131106,2.0130676949443016,9.553556126820908,6.678127677806341,7.413988860325621,8.649957155098543,6.449443016281062,9.341152527849186,6.723007712082262,6.383568980291345,10.0,3.341152527849186,3.2491431019708656,3.017566409597258,5.490145672664953,5.275064267352185,7.826156812339332,7.596293916023993,8.043166238217653,8.81780205655527,9.256748071979434,7.0234575835475574,2.658847472150814,6.339721814175543,9336,61.0,153.0,True,0,0.0,1,0,0,0,128.0
CC des Sucs,epci,244301016,5.697411451693365,8.623468765589491,4.315392716589989,3.0,1.0,5.177207471869631,1.9477301701679508,6.203924394434898,2.439831494928219,6.363117343827947,6.201818081037636,5.353694362840197,2.7246826672579125,7.475527964081814,4.01319217338285,5.329305470871903,1.0,3.367329970622471,1.866470816473588,6.7074441549803225,3.176764037470207,6.454797405908764,6.337010143561887,7.124217061138518,6.290283243722632,6.979823734826229,4.2188348761155146,1.4015298486780112,4.671100350788285,18042,63.0,286.0,True,0,0.0,2,1,0,0,98.0
CC du Pays de Montfaucon,epci,244300307,6.821992110453649,8.215853057199212,2.6309171597633134,8.0,1.0,2.7594921104536487,1.9352810650887573,7.152490138067061,5.9016272189349115,6.062253451676528,5.15396942800789,3.138436883629191,1.3361686390532543,7.6129191321499015,3.423939842209073,3.9914940828402368,1.0,3.407914201183432,3.1678994082840237,5.269600591715976,2.897312623274162,5.947731755424063,7.229783037475345,7.393491124260355,7.330004930966469,7.316074950690335,3.6723372781065087,1.0,4.670320865032402,8112,38.0,213.0,True,0,0.0,3,1,0,0,114.0
CC du Pilat Rhodanien,epci,244200895,1.7697438951756999,8.399642644431209,3.9506849315068493,10.0,10.0,3.3789755807027992,2.4610482430017866,3.2689100655151875,2.048302561048243,5.372424061941632,4.82263251935676,5.460750446694461,2.721917808219178,4.868612269207862,3.45842763549732,3.635139964264443,2.6868374032162,4.006730196545563,3.3727218582489575,6.903037522334723,2.5198332340678977,1.998094103633115,5.1967242406194165,6.2013103037522335,4.009946396664682,3.4141751042287076,2.120011911852293,2.2917212626563432,4.29779843444227,16790,116.0,144.0,False,0,0.0,4,1,1,0,87.0
CC du Pays d'Urfé,epci,244200820,2.285193009410409,9.178605723065104,4.597657000192049,8.893604762819281,4.574419051277127,3.7142308430958324,2.451507585942001,5.993662377568658,5.330132513923564,6.835221816785097,5.138275398502016,3.753216823506818,1.0,9.174764739773382,3.717303629729211,7.0,1.0,3.251968503937008,2.9431534472825045,5.361628576915691,4.435951603610524,6.053197618590359,8.211446130209334,8.847512963318609,9.030727866333782,9.680814288457846,4.0,1.0,5.266221295508793,5207,20.0,260.0,True,0,0.0,3,1,0,0,141.0
Saint-Etienne Métropole,epci,244200770,4.343502958930928,5.573283597585394,7.102571328280656,6.465110817772373,9.913555710464777,3.3387864675259182,1.0074257548116616,2.195314160845211,1.2415150121867413,6.936918163435821,7.848392487232349,6.567425062664076,4.59542984837024,3.4178371376730987,6.924820412421083,7.8285426832584335,6.429304539993771,7.62904597343142,8.553181654133851,9.31625953556897,6.630539034651875,6.520984431623234,5.653424400179959,7.815836831150596,5.246078242340645,4.945992712674705,4.920410443518285,6.142389590100312,5.896567106886657,404601,559.0,723.0,False,17,5.0,69,6,43,0,86.0
CC du Pays entre Loire et Rhône,epci,244200630,2.124748490945674,7.495185398102903,5.691003161828111,9.0,5.0,2.9489077321069272,1.1597441793618857,7.4435901121011785,5.433386030468525,4.789522851394079,5.555835010060362,4.281546421385456,3.0,7.1341621155504455,4.013222190284565,4.0,2.0,3.6064961195745906,3.5344208105777524,5.999425122161541,2.462345501580914,3.742526588100029,6.081273354412187,7.122880137970681,7.274001149755677,8.329908019545847,5.0,2.0,4.865147517759619,13916,55.0,253.0,True,0,0.0,12,1,7,0,86.0
CC des Monts du Pilat,epci,244200622,2.509484739087627,8.572038070233017,5.025730226452248,10.0,10.0,3.459730882835576,1.460715457827371,6.524450278962914,3.803478831637676,5.654545454545454,4.68697079094191,3.2730554643912044,1.0,6.853560879553659,3.1104036757466362,1.0,2.1539218903839843,3.1305546439120446,1.6778470626846078,6.2979980308500165,3.732326878897276,5.524253363964555,6.641023957991467,6.6908434525763045,4.278306531014112,4.121627830653101,1.3846406301279948,1.5769609451919921,4.433731070373669,15235,49.0,310.0,False,0,0.0,3,2,3,0,102.0
CC des Vals d'Aix et Isable,epci,244200614,2.116271243479724,7.787481070166582,5.67575298670705,9.0,5.0,3.772505468618543,1.7730102641763419,6.218071680969207,5.611812216052499,6.163553760726906,7.855796735655393,4.652195860676426,6.0,7.8414941948510855,4.544506141679286,4.0,2.0,2.0393740535083293,1.1337708228167591,4.029782937910146,3.859666834931853,3.3991250210331483,7.44859498569746,7.852936227494531,6.672219417802457,7.4706377250546865,2.0,1.0,4.889948558928872,5943,30.0,198.0,True,0,0.0,3,1,0,0,115.0
CC de la Sologne des Rivières,epci,244100806,7.621441947565543,9.076591760299625,4.5061797752808985,9.0,4.0,4.7567415730337075,4.074812734082397,9.596441947565543,8.048501872659177,7.995973782771536,7.71498127340824,5.1245318352059925,5.473689138576779,9.830711610486892,6.820786516853933,7.0,3.052621722846442,6.450468164794008,7.3926029962546815,8.655524344569288,5.089419475655431,5.507958801498128,9.031554307116105,9.608520599250935,9.747659176029963,8.734176029962546,9.0,5.473689138576779,7.085199304440877,10680,21.0,508.0,True,0,0.0,1,1,1,0,174.0
CC du Grand Chambord,epci,244100798,7.0596452220987,7.982309439798927,3.7972835806467207,8.0,4.0,3.987722944559911,2.7764512542897193,5.996278215476823,4.3241819324278605,4.435352119483784,3.0750157088307795,4.738605055826768,2.7654309053120016,5.680603219101938,4.670114553627531,2.5063560346077627,5.110010150321427,3.248006186862584,3.2950843443375706,6.0210740006766885,2.0595968872347625,2.056310116487022,5.7057373483493645,7.062835323118565,6.441490647203828,5.618637923534245,3.6806032191019384,2.899705157329982,4.606944338951686,20689,47.0,440.0,False,0,0.0,2,2,1,0,107.0
CC de la Sologne des Étangs,epci,244100780,7.956326342475225,8.501267573173543,5.266536068218484,9.0,4.0,5.715372205577322,3.9368518091726203,7.262848582622724,6.477068448951371,6.179764922793271,4.876238764692325,4.92498271491127,6.0,8.743604517169855,4.970154413459323,8.0,2.0,4.077206729661213,3.7849734961972805,6.772989168011063,2.624798340631482,2.8640239686563724,7.813436275639548,7.433164323576861,8.390412537451025,7.309287854344319,8.0,2.0,5.888618180620947,8678,15.0,578.0,True,0,0.0,1,1,1,0,137.0
CC des Collines du Perche,epci,244100293,7.2240979808010595,7.2217808672624955,4.212346904998345,8.0,3.0,5.366600463422707,6.882654750082754,6.050479973518702,6.339126117179742,6.530784508440914,5.839788149619332,3.381496193313472,1.0,8.764150943396226,5.266799073154584,7.0,5.0,3.7937768950678583,3.338298576630255,6.247103608076796,5.998510427010924,6.545349222111883,8.19049983449189,6.943230718305197,8.85832505792784,9.477656405163852,8.0,3.0,5.981173452499172,6042,20.0,302.0,True,0,0.0,4,1,3,0,178.0
CC Coteaux et Vallées des Luys,epci,244000881,8.819710906701708,7.5900131406044675,6.442838370565046,9.0,3.0,5.477135348226018,8.140998685939554,8.912483574244416,8.782654402102496,5.370565045992116,5.427858081471748,5.4843626806833115,7.0,6.784099868593955,6.263469119579501,6.0,5.0,5.287779237844941,4.5582128777923785,7.013009198423127,5.755059132720105,4.840604467805519,8.375952693823915,8.393692509855454,7.891590013140604,6.993298291721419,6.0,3.0,6.48590670170828,7610,40.0,190.0,True,0,0.0,5,1,2,0,135.0
CC des Grands Lacs,epci,244000873,7.922243166823751,8.3440150801131,2.9219738790898075,1.0,2.0,5.9625016830483375,8.089874781203717,6.428773394371887,7.167261343745793,5.989632422243167,6.397536017234415,4.607984381311431,4.93880436246129,6.9343274538844755,7.776188232126026,9.129392756159957,7.847280193887168,5.523125084152417,4.957284233203177,8.716978591625152,2.9927628921502625,3.058401777299044,7.942103137202101,8.412717113235493,5.378281944257439,2.685000673219335,2.567961491854046,5.595529823616534,5.760283425339978,29709,40.0,742.0,True,0,0.0,8,1,4,0,144.0
CC Maremne Adour Côte Sud,epci,244000865,8.06134089890996,6.808690458414215,3.623517993131253,2.0,1.0,4.499910407645214,9.965656263998806,4.922711661938181,4.87981185605495,6.340645064954457,5.606137076302822,5.915887710915335,3.437061370763028,4.329236971778408,7.313468717336121,8.925593549350456,8.00718232044199,5.773973420934747,5.372151709720771,8.714932059130954,3.69186202777363,3.5724802150216517,6.868269374346722,7.71644019710318,3.6512766910556964,2.5708675526355083,1.4160668956249067,7.116679110049276,5.432208984833295,66973,109.0,614.0,False,0,0.0,21,2,3,0,127.0
CC Côte Landes Nature,epci,244000857,7.821027959149506,8.828812991796417,4.5796082370668,9.0,3.0,6.416206261510129,9.843629666834087,8.623807132094425,10.0,6.559015570065294,5.573915955131425,4.8644734639209775,6.0,8.132596685082873,7.470031809810815,7.610999497739829,7.0,6.511551983927674,7.8555164908756066,8.428595345722417,4.9620793571069814,4.568977063452202,8.219571404654278,8.329398961995647,6.0281265695630335,3.5976058931860035,2.405993638037837,8.0,6.793983640668723,11946,19.0,628.0,True,0,0.0,16,2,11,0,173.0
CC du Pays Grenadois,epci,244000824,5.752415774353617,5.946983546617916,5.601593105249412,9.0,3.0,6.28127448419953,7.73308957952468,9.364977800992426,7.294463306346304,3.9667014886393313,2.3536171324105513,5.34473752938104,9.320710368242361,6.048315487072343,5.213502219900757,1.0,8.320710368242361,3.8917471924784537,2.0741708017759204,6.896970488378167,3.8961869939932097,2.9983024288325932,7.1042047531992685,7.376207887176808,5.3943588404283105,3.572342648211021,3.0,7.0,5.526699436630227,7658,46.0,166.0,True,0,0.0,2,1,0,0,109.0
CA Mont-de-Marsan Agglomération,epci,244000808,3.9391634270334928,5.96086273923445,6.48215086722488,2.554650119617225,5.10930023923445,8.541193181818182,8.637316836124402,6.566312799043062,2.6502878289473686,6.68757476076555,8.221422697368421,6.54373504784689,3.507177033492823,4.157950807416268,5.929556668660287,5.374794407894737,5.359711423444976,6.004934210526316,4.876270933014354,9.066667912679426,6.445480711722488,6.709180622009569,5.345899372009569,7.186415968899522,3.8318817284688995,2.043136961722488,4.194938696172249,9.01508298444976,5.747966106672932,53513,111.0,482.0,True,2,8.0,22,2,8,0,95.0
CC du Pays de Villeneuve en Armagnac Landais,epci,244000774,8.765455704270236,6.119184193753983,4.855003186743149,9.0,3.0,6.869184193753983,8.0,9.58636073932441,8.15742511153601,4.80019120458891,4.735818992989165,5.446940726577438,5.0,6.610101975780752,6.049713193116634,9.386870618228171,8.0,4.52836201402167,3.801465901848311,7.069630337794774,5.244263862332696,4.575207138304653,7.367272147864882,7.774059910771192,6.991555130656469,5.680210325047801,4.160611854684513,5.0,6.306246016571065,6276,29.0,216.0,True,0,0.0,3,0,1,0,116.0
CC du Pays Tarusate,epci,244000766,7.6466497031382525,8.135764772405993,5.84229573084535,3.0,3.0,5.836019225332202,9.0,9.544189991518236,9.553237206672321,4.898331919705965,5.115804353972293,5.4592027141645465,7.690754877014419,7.4767882386202995,5.706757138818207,7.185581000848177,6.366525303929884,5.178682499293187,5.9205541419281875,7.615945716709075,4.232852700028273,3.7691829233813965,7.249590048063331,7.5897653378569405,7.533333333333333,7.343002544529262,5.930392988408256,5.91631325982471,6.419197059655075,17685,29.0,609.0,True,0,0.0,9,1,5,0,115.0
CC du Pays Morcenais,epci,244000691,7.464548459324022,8.258023243416142,4.829725983580339,9.0,3.0,4.759142765753278,9.110672779614031,9.35387567970999,10.0,6.81639833670967,6.199701460710097,6.1765646657426165,10.0,9.110672779614031,7.349717453886342,6.464548459324022,8.535451540675979,6.936880264420514,7.96332231581192,9.487152148416676,7.0029853928990295,6.6695809787823865,9.376479368802643,9.27710843373494,9.394818210896684,7.389913636848278,10.0,6.535451540675978,7.730811996405345,9379,18.0,521.0,True,0,0.0,16,1,11,0,167.0
CA du Grand Dax,epci,244000675,5.191627049402578,5.68304983640932,5.728276784584516,3.7504564270349414,7.125684640552413,5.28300283798196,9.020643155402107,5.776432096310623,8.968420672077512,6.985141266426854,7.020896223857124,6.815730012111133,7.573471195386923,4.552412284665859,7.309430415213029,8.229966920337665,9.261799316715171,6.770484987617722,7.5875526472768025,9.258798647891398,6.23835433198966,6.37000415755319,7.756367383091412,8.636286401185806,6.015708320529274,3.454529021528895,6.6341533956363765,8.747437681892952,6.8480756468094,55328,160.0,345.0,False,3,2.0,25,1,13,0,143.0
CC du Seignanx,epci,244000659,8.195051262543926,5.8049487374560735,2.941346955041119,9.0,3.0,4.134767960004347,10.0,4.677208999021845,2.105532007390501,5.523457595188929,4.448719342100496,6.451617577799515,8.46270332934826,3.3856464877006123,5.6134840415896825,3.716697460420969,5.432525450132232,5.860884686447125,4.696373582581604,8.516646741296237,3.6223236604716877,5.52997862551172,5.8761366518132085,6.7458247291961015,4.049994565808064,3.1117269861971524,3.2586675361373763,3.885411006050067,5.287416999187459,27605,182.0,151.0,False,0,0.0,2,0,1,0,95.0
CC de Mimizan,epci,244000543,8.135372941556344,8.306102680012916,5.082257022925412,9.0,3.0,7.385776557959315,9.0,8.190910558605102,10.0,7.341459476913141,7.883758475944463,5.615676461091379,3.7278818211172102,7.466742008395221,8.182030997739748,10.0,9.0,6.889166935744269,7.580884727155311,9.204552793025508,5.690426218921537,4.050129157248951,9.17815628027123,9.169841782370035,7.454714239586697,4.4969325153374236,4.42403939296093,8.0,7.266314751602934,12390,34.0,364.0,True,0,0.0,4,0,1,0,194.0
CC de la Plaine Jurassienne,epci,243901089,5.689072883756401,6.910011983876239,5.69375748992265,8.0,3.0,7.8134873079856195,9.0,7.453317354831681,5.584595271816102,5.343828303736791,2.8801612376075827,4.339906307876675,2.0,6.783091840069725,4.130951083996078,3.0,3.0,4.015579039111015,3.9760322475215166,6.378363656171696,4.278134873079856,5.7157642444710755,7.442967643534154,7.374332715982133,8.21440244035298,7.872970911864037,5.0,2.0,5.460383172770143,9179,43.0,213.0,True,0,0.0,1,1,0,0,118.0
CC La Grandvallière,epci,243900610,8.064995357474466,8.91104921077066,5.205756731662024,9.0,1.0,8.820984215413185,7.0,6.916063138347261,8.406313834726092,4.784215413184772,4.705849582172702,3.8852367688022285,1.0,6.470194986072423,4.436397400185701,6.677808727948004,3.0,5.648839368616527,7.405013927576602,8.080779944289693,4.0003714020427115,3.0,4.250696378830083,5.793686165273909,7.128876508820799,6.460909935004643,4.0,3.0,5.609072821329089,5385,31.0,173.0,True,0,0.0,0,0,0,0,89.0
CC Jura Nord,epci,243900560,7.770617008495666,7.598129237106325,5.707371492319575,8.0,3.0,7.333476358019394,9.460739723676307,5.392516948425298,5.003003518407277,4.815412340169913,6.698275122286106,6.063588775422638,7.0,6.226379473097056,3.587659830086673,1.0,3.0,2.9944220372436283,3.2984639148717068,4.651162790697675,4.139277439286021,6.810778340341543,4.321891358448468,5.851368746245602,5.6821419376984466,5.352784690637604,6.0,2.0,5.3128378958208184,11653,44.0,264.0,True,0,0.0,3,1,0,0,74.0
CC du Haut-Jura - ARCADE,epci,243900479,8.51531162389476,8.95233987491913,6.653008410610308,9.0,1.0,5.277657968514125,6.0,2.6139745525124,5.791028682337719,7.304183739486737,7.411688591761915,5.757170584429588,4.49126590467975,6.375673927108044,7.250593055855079,8.034936381281002,8.572568470994177,7.9645244770325645,7.8965926245417295,9.458054776795342,5.933577744231184,5.735173603623032,3.4583782618072028,5.969376752210481,6.7163036445978,7.674466249730429,4.40823808496873,6.717705412982532,6.461921192889491,9276,62.0,149.0,False,0,0.0,4,1,1,0,75.0
CC du Val d'Amour,epci,243900420,8.436171384513713,7.630465910342549,5.865403678819253,8.0,3.0,7.525388258618791,9.0,6.746557990968168,5.7243088445864085,6.516246282630245,7.4981826192311924,5.20035246172486,6.0,7.513272386826743,3.650952748100011,1.0,1.0,3.229871131181848,2.6353122590593676,5.149135367331204,5.434739508756471,7.682454014759335,6.599735653706356,7.298380878951426,6.455777067959026,5.038660645445534,9.0,1.8808238792818592,5.739721177599797,9079,33.0,275.0,True,0,0.0,4,1,3,0,103.0
CC de la Station des Rousses-Haut Jura,epci,243900354,8.617006324666198,10.0,1.34926212227688,9.0,1.0,5.406324666198173,5.0,4.019255094869993,6.607730147575545,7.520871398453971,4.051721714687281,5.119325368938862,1.0,5.295572733661279,4.017849613492621,7.046380885453268,2.511595221363317,6.880674631061138,6.382993675333802,9.392269852424455,2.1047083626141956,1.0,2.1530569219957836,5.292199578355587,2.942937456078707,3.6327477160927617,1.0,1.0,4.619445838771209,7115,72.0,98.0,False,0,0.0,1,0,0,0,60.0
CC des Collines du Nord Dauphiné,epci,243801255,6.558736586353513,5.708038064385503,3.776027535938449,8.0,2.0,2.621866774650739,2.110589188094756,5.795910103259769,3.556266450698522,2.689086859688196,2.266693662684754,4.757076331241142,4.457582506580279,3.533751771613687,3.1006681514476613,3.527596679489775,2.335209556590403,4.202389147600729,5.413848957278802,6.734399676047783,1.3222919619356146,1.0,3.710143753796315,5.154687183640413,3.4536140919214415,3.2094756023486535,2.4136869811702772,1.667665519335898,3.7527608249211815,24695,180.0,137.0,False,0,0.0,1,1,0,0,69.0
CC de Bièvre Est,epci,243801073,5.406532189226829,7.266993126375848,4.790242149243003,8.0,3.318837324228402,3.302124983152882,1.415112988004852,7.556718630666247,4.8155352890965455,3.4108001257918144,3.2725639067343546,4.81144705512377,5.960465429713824,4.326025427916798,4.110247540320769,3.4344310166674155,2.4699672042769216,6.139673839795139,7.867109933060784,8.414079698099645,2.539287479221888,2.821150995103104,3.631115503841143,5.6114380699941595,5.072240442068376,4.941372029291522,5.621142009973494,3.1511748056965723,4.767065328310219,22259,143.0,155.0,False,0,0.0,1,1,0,0,69.0
CC du Massif du Vercors,epci,243801024,8.713863309960294,9.498183661400693,2.8285038438793615,8.0,6.0,3.9890174875390723,2.7142857142857144,6.806876742417843,4.76978964264594,5.633437526400271,6.704908338261384,6.2602010644589,3.082791247782377,6.972459237982597,2.3376700177409817,1.5830869308101716,1.3580299062262398,4.452057109064797,4.301765650080257,7.617555123764467,2.3732364619413704,1.3580299062262398,4.9943397820393685,6.128157472332517,2.101039114640534,1.0,3.432119624904959,2.432119624904959,4.551554447917546,11837,46.0,257.0,False,0,0.0,10,0,1,0,86.0
CA du Pays Voironnais,epci,243800984,7.689831341784058,6.253008700113294,4.170721019217203,1.4327184113208353,2.649077616981253,4.564278232615806,1.4358927769821082,5.885658707594963,2.627829674440478,4.742673307539386,4.916750390115645,5.768356811526047,5.992892413586713,3.8451294328894208,4.614715375900472,2.7933028366217054,5.597699920908061,6.235640537825185,7.951369145593296,8.69625488980569,3.5211624377418183,4.206633034779077,5.270237917103097,7.0244436844017875,3.41499754173703,2.053729078044505,3.881672046343601,4.551420448472671,4.7067177761423284,93568,250.0,374.0,False,1,1.0,4,1,1,0,88.0
CC Lyon Saint Exupéry en Dauphiné,epci,243800935,7.990945955393974,5.037509613367825,4.222575683423058,2.0,2.0,2.1791931762567294,2.0,4.665559672795917,3.417989233028036,3.158812836467874,2.848703069286164,5.455533804097042,6.349227434803887,2.6494092148500314,4.580857162832972,4.600643221701741,3.5265678528979936,7.604873103544711,9.460497797664825,9.445990351674475,2.222435852618332,2.585436621687758,2.6547227854296302,5.079353981682164,5.36754527022303,7.735964482975599,6.545654757743131,3.4881493392994476,4.6026482955623695,28606,468.0,61.0,False,1,4.0,0,0,0,0,53.0
CC de l'Oisans,epci,243800745,7.121294559099437,9.131050656660413,3.333583489681051,8.0,6.0,5.510037523452158,4.357786116322702,4.536585365853658,4.475891181988743,7.643151969981238,8.65656660412758,6.327485928705441,1.8202626641651032,8.734146341463415,2.717354596622889,1.9194183864915573,1.0,7.704127579737336,5.964258911819887,9.136210131332083,3.4424015009380864,1.8527204502814258,4.44249530956848,5.9674484052532835,4.553189493433396,3.471106941838649,3.253470919324578,1.0,5.07400160814795,10660,12.0,888.0,False,0,0.0,2,2,0,0,97.0
CA Porte de l'Isère (C.A.P.I),epci,243800604,5.001192039411803,5.324700360405666,6.1959135398914125,3.795965691615679,4.4665903016418484,3.830488270518444,2.493364624367893,2.649875674014472,1.3102282569217445,4.982296352173144,4.802521908380596,7.015822460630105,6.557464681176022,3.088788310563518,6.598925301967796,8.532450479143966,6.09517689678615,7.265983106566461,8.414159193138323,9.342133936803286,4.941096490002701,4.567531826521014,2.997550731521061,4.911658704215908,4.2794866780282925,3.444053306512447,6.162378118626547,6.298987697780758,5.1916708906902524,107390,431.0,249.0,False,5,7.0,9,1,1,0,50.0
CC de Bléré Val de Cher,epci,243700820,8.46007179152487,6.521001351918326,2.7197333457647663,8.0,3.0,5.325952170062002,1.281105775954501,6.472472145820707,4.225816978229453,4.013565801128153,2.991049368327817,4.044286979627989,3.4855251503426414,5.46361474989511,4.068574891613444,1.7935294391869843,4.7386602023215705,3.97384737308284,3.376998741317421,6.6180597641135614,2.6351685236119526,2.4073935947042098,6.036548412661414,7.292480537037901,5.3588177707333,4.189967833667428,4.266001585007692,4.641648407999627,4.550067595916273,21451,65.0,330.0,False,0,0.0,2,2,0,0,99.0
Tours Métropole Val de Loire,epci,243700754,3.984794351507817,5.161615680888747,5.5305523733117585,4.651402094728504,9.307583787440468,4.41424428980817,1.6801510706503449,1.6359924804617785,1.1045120628758494,7.495528050393144,7.550143285956617,6.78992884993898,2.584841263635962,3.0344906124752264,6.5053829967331485,6.038491741085846,6.315667630971523,7.000169971478786,7.1556836762791205,9.366431312825707,5.82284552652065,5.430802911271488,5.315473863485707,7.7931583080359115,3.0789211570298503,1.8770154368097034,1.3762964574544392,5.368545758021804,5.120380964359894,294220,756.0,389.0,False,10,5.0,16,10,6,0,92.0
CC du Castelrenaudais,epci,243700499,6.152253495769069,6.918442057252595,5.535857888735522,8.0,3.0,5.593710616335594,1.7063553981876012,6.490307867730901,5.510172237892336,4.1740382884234535,5.192402328512273,4.479745544019685,4.890115825481606,5.865810478305227,5.847206385404789,7.186821100642141,9.296705275160535,3.4743443557582667,2.4186521034627617,6.8846546240172835,3.917061753585789,5.835863890055812,4.492408329832563,7.0625937706295385,6.602112464742243,6.709416071535738,7.890115825481606,7.890115825481606,5.679188707229876,16663,47.0,354.0,False,0,0.0,1,1,0,0,89.0
CC de la Châtre et Sainte-Sévère,epci,243600350,5.263431330603264,6.285923843285863,5.784609742680765,5.0,4.0,5.3214351201026835,1.7418861927755027,7.4021147851598315,8.792249862477844,7.667440865472771,8.546299125970295,5.941201638041685,9.246928671841575,7.84976468431025,5.966627956726361,6.2560968155980685,9.246928671841575,4.4403765051036,2.5893894016258177,6.7774585905507,5.952997983008373,6.941262759000061,8.966261230976102,8.962349489639998,8.88130309883259,7.946947008129087,8.49385734368315,8.49385734368315,6.741392859325749,16361,25.0,654.0,True,0,0.0,3,2,1,0,193.0
CC Cœur de Brenne,epci,243600343,6.2959898154042016,7.99321026946743,6.592191809887545,10.0,5.0,7.013791640144282,6.065138977296838,10.0,9.953320602588585,7.4568215573944405,8.061956291109697,5.865266284744324,1.0,9.93104179927859,4.840016974326331,5.0,3.0,5.480797793337577,6.223212391258222,5.786547846382347,7.54020793549756,6.68130702312752,9.409505622745597,8.966051347337153,9.327392319117335,9.593889242520687,4.0,6.0,6.8956306265345075,4713,9.0,523.0,True,0,0.0,2,1,1,0,203.0
CA Châteauroux Métropole,epci,243600327,4.919320798158097,5.871642363775901,5.863995175967547,4.190412235500493,9.595206117750246,3.8732046924679313,5.735212695976318,7.445414428242517,3.3338312685012608,6.857718451924131,7.425857910316851,6.71172294704528,7.741270145817345,4.471275079486898,6.370436355662757,7.219986843547857,6.40952198223879,5.969123451375945,5.247300186383072,8.819797719548296,6.831652231115009,7.61437890582173,6.632222344041224,8.08362569893652,6.641130358513321,5.6111994298870735,7.265568468369696,8.771036618791799,6.482966603755854,72981,134.0,544.0,False,3,2.0,15,4,11,0,111.0
CC Brenne - Val de Creuse,epci,243600319,5.403014233882222,6.995422830030701,6.8273513815238625,5.0,7.0,6.826625732626291,7.519676248953391,7.552944459949763,4.922467206251745,7.574769746022886,8.96421992743511,5.506279653921295,8.647334635780073,9.006419201786212,5.919341334077589,3.0,9.294669271560146,4.5375383756628525,4.170527490929389,6.83578007256489,7.004521350823333,8.064415294445995,8.403739882779794,9.028300307005303,8.750767513257047,7.7818587775607035,7.705330728439855,9.0,7.044404130616803,17915,21.0,853.0,True,0,0.0,6,2,4,0,160.0
CC Val de l'Indre - Brenne,epci,243600301,3.4652634677656757,7.622313806299676,5.311892846629378,9.0,8.0,4.9110244333235205,6.551736826611716,10.0,9.52023844568737,6.933617898145423,8.862893729761554,4.888283779805711,3.9367088607594938,8.7472770091257,5.90072122460995,7.332940830144245,9.198263173388284,4.10450397409479,1.9710774212540476,6.936708860759493,4.4192670002943775,6.0861053871062705,7.5765381218722405,8.830953782749486,9.170370915513688,9.508095378274948,8.936708860759493,7.729761554312629,6.980473842466042,13588,27.0,503.0,True,0,0.0,3,2,2,0,122.0
CC de la Région de Levroux,epci,243600293,5.387137452711223,6.260718789407314,3.854823455233291,9.0,8.0,5.803121059268601,6.799968474148802,9.955706179066835,9.576292559899118,6.416614123581336,7.912200504413619,4.841267339218159,7.0,9.439312736443885,6.062736443883985,1.5379886506935687,6.0,2.310529634300126,1.7317150063051703,4.46437578814628,4.046027742749054,4.128940731399748,7.170870113493065,8.17638713745271,8.872005044136191,9.418820933165195,10.0,4.0,6.363127139254188,6344,18.0,352.0,True,0,0.0,1,1,0,0,120.0
CC du Pays d'Issoudun,epci,243600236,4.752295892622868,5.947219699263296,6.599152285800787,2.0,8.76930063578565,4.915783631042487,6.200474316278131,5.3561913412049655,2.398577051165607,7.694671510747805,8.431072762135432,6.25386012715713,8.0,5.8796044000403676,5.805479866787769,5.002926632354425,4.0,5.307901907356948,5.820012110202846,8.361338177414472,7.39110909274397,8.090523766273085,7.891159551922494,8.896054092239378,8.372590574225452,8.734584720960743,7.589766878595216,7.589766878595216,6.501836353675591,19820,63.0,314.0,True,1,7.0,4,2,2,0,151.0
CC Chabris - Pays de Bazelle,epci,243600202,5.533837003697155,6.138241440282913,5.347050313454429,9.0,5.0,5.384021861437068,3.067031023951133,4.249156084230831,3.7992284198681885,7.684938112843594,8.595884905963672,5.253656968333066,9.443497829930878,8.813213309757273,6.181482076836521,3.0,9.0,4.21957884584472,3.952419225204951,6.271339013020414,6.935540909821572,6.717730268445588,9.584632695708086,9.119112682848417,9.881208808873172,9.511654074907572,10.0,9.0,6.810159138402185,6221,24.0,259.0,True,0,0.0,2,1,1,0,177.0
CA du Pays de Saint Malo Agglomération,epci,243500782,5.70752275194122,5.394410715776667,4.8284807786352415,1.0,4.216963465690192,3.011307386777037,4.76790038049118,6.587447369362707,3.278295304094753,7.208208590274216,7.41041758608762,5.804005295864693,4.673707940218753,4.247486253414282,5.4561958038621645,4.408366034900226,2.882942306086666,3.8889538281706604,1.9538878087763452,7.893701022197307,5.024761745726929,6.803313493720107,7.044668948818569,8.654313624923962,4.608022519352569,2.67157289566908,3.999594460811794,6.223786066150598,4.987508370635555,83851,343.0,244.0,False,1,4.0,8,2,1,0,142.0
CC Liffré-Cormier Communauté,epci,243500774,8.483074107959744,6.922804208600183,3.4667962793534612,8.0,7.0,3.759377859103385,3.467329978652028,8.681877096675816,7.358302836230558,3.333981396767307,3.1028133577310157,4.435765477279658,1.0,4.838708447697469,2.3226212259835317,1.0,1.171012503812138,3.6557258310460505,1.2841567551082647,6.863068008539189,1.0,2.7744739249771273,2.5035452881976212,4.572659347362,2.547270509301616,4.301578225068618,1.4460201280878318,1.171012503812138,3.9451419749052414,26234,103.0,254.0,False,0,0.0,6,2,3,0,50.0
CA Redon Agglomération,epci,243500741,8.153157625537805,6.127403195234227,5.070057466076962,3.0,3.0,3.8529500255739086,4.317251857869242,6.551027469386527,3.88165297710383,6.663041189036315,6.522565213466919,4.744411348798026,5.4054517555736075,6.663522580256942,5.88047958600355,5.6799650991365045,4.711496224087613,3.888873845413244,3.1629810151337363,6.696934139663628,4.94560279206908,6.147862322110901,6.366489153654061,7.48891295844992,7.020098083461203,6.702364834371333,5.179498751391521,4.301140295453862,5.433042564439801,66477,66.0,1007.0,False,1,1.0,29,3,12,0,99.0
CC Bretagne Romantique,epci,243500733,8.457923311842551,5.531642348150662,4.1894299287410925,2.0,1.0,4.133299400520303,1.7118538626852167,5.735267503676055,5.055112543829884,4.871140142517815,6.70865852279154,4.648031896844248,3.3222768917543264,5.99892546092071,4.317498020585907,3.820693360479584,2.7358047732156994,3.2089695735776496,3.128577084040267,6.090968216265129,1.9676224409003507,3.568402895600045,4.138021717000339,6.348178939034046,4.693501866304716,6.2385759529464995,3.3078554462164913,2.644073068657392,4.2704394703249475,35364,79.0,447.0,False,0,0.0,4,2,1,0,66.0
CC Côte d'Émeraude,epci,243500725,8.791141669331628,6.0481931563799165,3.221490246242405,1.0,3.0,2.839846498241126,5.074672209785737,6.0892548768787975,2.7624240486088905,7.599584266069716,8.051934761752479,5.555228653661657,4.440518068436201,4.886344739366805,5.554301247201791,5.505692356891589,7.776974736168852,3.100319795330988,1.5671250399744163,6.992069075791494,4.070898624880077,4.830412535976975,9.031275983370643,9.162711864406779,3.9766869203709625,1.834889670610809,2.5773904700991364,6.646818036456668,5.071007126867377,31273,274.0,114.0,False,0,0.0,1,1,0,0,198.0
CC du Val d'Ille-Aubigné,epci,243500667,7.95615866388309,5.443022530705203,4.598324431309818,8.0,1.0,3.0651248542689045,2.5915191280535748,7.941219532033728,6.7024645500637146,3.2166309681967302,2.9811566304259416,4.115527478784264,1.2792072228397906,3.971341810590245,2.608356153241331,1.18442100696798,1.3138844454084537,3.3560176775208093,1.2974269988883766,6.678008838760404,1.675216224276767,2.1673128541604534,2.269744868909796,4.805249030718759,2.7650950302307296,4.749071387902285,1.0,1.1046281484694846,3.5655760880932377,36883,123.0,299.0,False,0,0.0,1,0,0,0,47.0
CC Pays de Châteaugiron Communauté,epci,243500659,8.888058856819468,5.0,2.128843614412375,8.0,7.0,3.5294095453687984,2.141105451801547,6.769477457083569,5.487191096019619,3.8281833616298813,1.4820599886813808,3.7505753631390304,1.0,3.150009432182607,2.024033201282777,1.0,1.0,3.533220147142049,1.2479154876438407,7.087907941897755,1.0,2.060780984719864,2.266402565553669,4.463157894736842,1.8324844368986983,2.50096208262592,1.0,1.0,3.363277818201417,26506,203.0,130.0,False,0,0.0,1,1,0,0,52.0
CC Roche aux Fées Communauté,epci,243500634,8.444478040668228,5.885100914657192,4.03118149519994,1.0,1.0,5.003061455892357,2.9751303953435633,6.890241136896213,7.118905435029102,4.747033033487036,3.818655983067503,3.526532617733767,1.0,6.108171441529972,3.5748733842316125,2.4208556958197898,2.629526041272961,4.422896666414695,2.002796885630055,7.413750094489379,2.663504422102956,4.99485977776098,4.553065235467534,6.981215511376521,6.089084586892433,8.258863103787135,5.026872779499584,2.4811399198730064,4.466492716218697,26458,70.0,377.0,False,0,0.0,3,2,0,0,70.0
CC de Brocéliande,epci,243500618,8.815149558855175,6.159888099849365,3.991069507208952,8.0,7.0,3.191629007962126,3.5673552829782658,9.354260813428018,8.58607703894986,4.39337206800086,3.5627824402840544,3.811652679147837,1.7855605767161609,5.66951796858188,3.0486873251560147,1.6433182698515172,1.0,2.978803529158597,1.395255003227889,6.41672046481601,1.859694426511728,2.946148052506994,3.49779427587691,5.474069292016354,3.2596836668818594,5.386324510436841,1.0,1.0,4.242671923514402,18588,62.0,299.0,False,0,0.0,2,2,0,0,60.0
CC Montfort Communauté,epci,243500550,8.762911343399148,5.271931862175765,1.8684088269454122,8.0,7.0,4.381184668989547,2.916957026713124,9.600813008130082,8.342469996128532,3.943670150987224,2.1491289198606274,4.090708478513356,2.0574138598528844,4.562020905923345,3.140147115756872,1.9602400309717383,1.8037553232675183,3.369802555168409,1.3090592334494773,7.215795586527294,1.9857142857142858,3.290747193186218,3.2502129307007355,5.388888888888889,3.3088269454123114,5.265389082462253,2.0439798683701125,1.6987611304684476,4.2135335434987,25830,131.0,197.0,False,0,0.0,1,1,0,0,61.0
Rennes Métropole,epci,243500139,3.3136310301312846,5.108313223671102,4.5437512453231195,2.445776970931391,8.661962850627642,5.820478646859572,1.1115720959064845,3.2568487236821713,2.004241847284642,7.451302884721822,6.388952600234674,6.329679647545883,1.6856627332905312,3.2318160685425843,5.498266510217184,3.8413978613650954,2.574548916292147,6.84053443733534,5.041141048063937,9.433713387500276,4.563209280701366,6.088963669773517,3.180774424937457,5.69900152759636,1.8954814142442826,1.3930859660386548,1.128017002811663,2.6443202196196505,4.327730222687493,451757,635.0,711.0,False,5,1.0,33,4,19,0,64.0
CA Hérault-Méditerranée,epci,243400819,5.441543272672469,5.183087801263454,7.963666277331927,7.1023071223139045,10.0,5.460696030041571,1.9724702661291336,3.696381698755385,1.885523027265991,6.5241952702108685,7.085829471383897,7.336837345992992,9.965600391846577,5.359280609874031,9.031536113936928,9.809690667269507,9.828893661379249,7.34212476294538,9.104090526606633,9.491692099016616,8.312761388041144,7.056101880110019,8.08267711590872,8.46804315336021,6.552754857264861,3.3922233525488865,9.760986147218768,9.862401567386309,7.181192709931265,79633,205.0,388.0,False,1,4.0,15,10,5,0,146.0
CA de Béziers-Méditerranée,epci,243400769,5.506965118685622,5.0,8.400347061913935,7.617555283142025,10.0,4.533615652810724,2.0098864884657637,3.122514447646188,1.4006973078821263,6.803233407097257,7.6836960501806955,7.814735803098085,9.525496314457198,3.750147262509353,8.409318134781017,9.628182064222374,9.17681849298712,7.569476063872129,8.965254007928294,9.288658398739114,8.560743795074268,7.579975482782227,6.969122633849681,8.67626128349227,6.270867495582125,3.2393294381736264,9.51365163262382,9.702481970292773,7.025679681867494,125646,411.0,305.0,False,3,15.0,11,4,5,0,111.0
CC des Cévennes Gangeoises et Suménoises,epci,243400736,7.281088476740651,9.155214350866524,6.8373365764670115,10.0,8.147993311036789,4.753572514442079,5.7740194588020675,6.197248403770143,5.989358467619337,7.350182426269383,7.536181210094254,7.517026451809061,8.639328063241107,6.803511705685619,8.83338400729705,10.0,10.0,6.61568865916692,5.720431742170873,8.461310428701733,7.6716327151109756,6.364168440255397,7.722940103374886,7.896245059288537,5.956825782912739,3.1552143508665247,9.306096077835209,10.0,7.488785670850888,13156,54.0,243.0,True,0,0.0,4,1,0,0,134.0
CC Vallée de l'Hérault,epci,243400694,5.3843173992303015,6.976225440550942,5.479719465262305,5.0,6.0,3.4360441563702655,3.0356744986834108,6.407180473972048,5.355453716832084,4.072133886975896,3.775116467490379,6.551802714198907,7.281193032205793,5.756886773344136,7.426068462629127,9.642925865910472,8.269850111403686,5.742353656066437,7.043371480656269,8.033319829856188,4.801878671257849,4.580489163459591,4.5447640267368845,6.042130848693539,3.0666902977516712,1.627126797650395,4.505038484909864,8.269850111403686,5.646700208339363,39496,81.0,487.0,False,0,0.0,3,1,2,0,71.0
CC du Pays de Lunel,epci,243400520,4.681184392949099,5.0695583283818575,7.338641315111904,7.520281243810656,9.040562487621312,3.723767082590612,2.2430184194890077,3.3421271538918598,1.2443256090314914,4.897524262230145,5.546623093681918,7.180312933254109,8.546444840562488,3.2900376312141018,7.819033471974649,9.458863141216082,9.611883541295306,7.25119825708061,8.597979797979798,9.278886908298674,6.6584868290750645,6.8246385422856015,4.95702119231531,6.640819964349376,5.333313527431175,3.437056842939196,6.344404832640127,9.468508615567439,6.262375152081035,50494,319.0,158.0,False,1,13.0,12,2,5,0,87.0
CC La Domitienne,epci,243400488,5.823339826456525,5.177899769789269,6.6321232512838675,5.0,8.0,2.8770674694528067,1.4635735788914468,3.678873738268107,1.88156543297326,4.8156189126970075,4.126261731893041,6.427908624048167,9.047104657340181,5.6685673809102175,8.151832831591996,9.093146803612537,10.0,5.657694350982823,7.127501328138835,7.657694350982823,5.745811935540996,5.289711351159908,7.094563485036303,7.7712767841331685,6.346236939968125,4.605772976801842,8.108199043740038,10.0,6.188190948417616,28235,163.0,173.0,False,0,0.0,8,0,8,0,100.0
CA du Pays de l'Or,epci,243400470,5.479274262361342,5.0717429379799706,4.676718911393542,3.0,6.0,3.592042035298873,1.3290968698073382,4.728230116315624,2.313266268469035,6.419499708088202,7.285804104728971,6.215273723447254,3.922329007050793,3.861027529528001,7.11840391610904,7.136614721336507,7.8118291642340685,6.615709345668478,6.406094220146405,9.595589886378946,4.645776260834419,5.423047559168276,7.141509857636862,8.04650379485337,3.0208604661606864,1.0867202586787623,1.8146360084429873,7.106951991736651,5.2451626044948005,44540,291.0,153.0,False,0,0.0,9,2,8,0,150.0
CC du Clermontais,epci,243400355,5.808478642271474,6.035697661928461,6.918471839306814,7.0,9.320885101507393,3.5392244620287157,3.185935765691575,4.223710122095313,2.6308138494038453,5.441082745533317,5.911060188334706,6.708331841455118,10.0,5.194099323284042,8.53639586093308,10.0,9.874897060403166,6.479788033943213,7.091052311217731,8.667263417952666,6.900712521035483,6.478713881628415,6.103190232374951,6.696838411686778,5.02427584231444,3.0040817787962335,8.338178953775646,9.74979412080633,6.602249070346745,27929,117.0,238.0,True,0,0.0,4,1,0,0,90.0
Montpellier Méditerranée Métropole,epci,243400017,4.232921519934331,5.0774056794921085,6.668503028854646,7.205340759135919,9.611521077295539,3.9645494124125893,1.1722737710539168,2.312216207229767,1.3458754584844297,7.4638127201504565,7.416294510655542,7.859365551064515,2.270834675450172,2.7407425109880403,7.799833750688376,8.25213994035806,6.346156004197795,7.86408079716545,8.279558608077638,9.587980174769589,6.408173231782712,6.465658087509482,3.786758242329153,6.23641898982762,1.9417857254184807,1.0341143587452333,1.5017736723433879,5.75160482538627,5.378489046100043,481272,1096.0,439.0,False,12,1.0,60,9,43,0,73.0
CA du Bassin d'Arcachon Nord,epci,243301504,7.522074619667675,7.411138877928303,1.5306823329972088,1.0,1.0,6.886609087056279,6.051339383576658,9.722375670422494,8.620281467841641,5.401873529454748,5.154368889473454,5.563067210311719,5.768980080962193,4.630993613632046,6.008096219328627,7.9875049322635805,6.045493737852017,4.51938562263434,4.034971575547664,7.878834378242507,3.079223113683195,3.1167521592353897,6.709924445029009,7.394975667499671,3.9576775249536,2.450874654741549,3.0471159045406053,5.941207418124424,5.301279361321449,68432,114.0,600.0,False,0,0.0,8,2,6,0,134.0
CC Castillon/Pujols,epci,243301454,7.731025439286651,6.428743771308681,5.338054025701547,7.0,9.0,5.673957513768686,3.881615525832678,3.7659585628114347,3.3036454235510098,5.385523210070811,7.067977970102282,5.933018620508785,10.0,6.339470233412012,6.250039339103068,7.700813008130082,8.333700498295306,7.436454235510097,7.85051140833989,9.065302911093626,6.323314975085235,5.067768161552583,7.268922108575924,7.7799108313663785,7.866824023078941,5.889798059270915,10.0,8.333700498295306,6.857716084073283,19065,83.0,229.0,True,0,0.0,8,2,6,0,116.0
CC Médoc Estuaire,epci,243301447,6.970723604526421,5.249783714572447,2.915562169083296,8.44665536214832,5.213378551406721,4.0430840571685644,2.230231511921653,6.059141087310102,3.981451361733052,2.218707824341627,1.4979755683981035,4.44277952728657,4.871647575872928,3.945669100598678,4.285496764370004,3.795411288369035,2.302003668200851,5.295670830882099,6.5007094162023735,8.047202131709174,1.9356680624286258,1.744506350140153,2.7500432570855105,4.693255355227186,4.591549295774648,4.645637955497111,3.9549434197321522,2.6926324531958334,4.261482902327972,28897,156.0,185.0,True,0,0.0,3,1,2,0,62.0
CC des Portes de l'Entre-deux-Mers,epci,243301439,7.92569688451628,5.891918482080112,3.8800187397516983,8.200515343171704,6.799484656828297,3.3224174279690795,4.563785429843055,4.2864839540876085,1.956242679784493,3.3411103302881235,3.1326305926446474,5.6968376669009135,7.10147575544624,3.6205668774888733,4.7130944014991805,1.860997891777934,4.649660342000469,5.677348325134692,4.6504099320684,8.856640899508081,2.754837198407121,3.722136331693605,5.199859451862263,6.241227453736238,2.490278753806512,1.6464745842117592,1.8460060904193019,5.485078472710237,4.6254726767727465,21345,245.0,87.0,False,0,0.0,2,0,2,0,85.0
CC du Val de l'Eyre,epci,243301405,7.145761712994794,9.233130340830959,1.975346233179452,8.0,1.0,5.74987722227679,6.773696100579511,9.953442687358805,9.326244966113348,3.230085453295354,2.684363029171987,5.047293978980454,5.26289166093704,6.553481976230233,5.324133189274138,6.901434043807091,2.8863078283076318,5.130881052941755,6.304537864649838,8.130881052941755,1.549503977998232,2.545722424123367,2.8729005009331106,5.919457813574305,3.9225027011099107,3.6061290639426384,3.3581180630586385,2.1591690403693153,5.090974784963588,20362,37.0,550.0,False,0,0.0,3,1,3,0,59.0
CC du Fronsadais,epci,243301397,7.636975084805241,5.236051000116973,4.785530471400164,10.0,6.0,2.7647678091004795,3.0236869809334426,5.465317581003626,2.6754591180255,3.051292548836121,2.132705579599953,4.918353023745468,5.35103520879635,4.5438062931336995,5.168908644285882,5.626973915077786,4.0,4.950579015089484,4.368522634226225,8.015323429640894,3.43864779506375,2.7241197800912387,4.746870979061878,5.630600070183648,5.188033688150661,4.928354193472921,4.175517604398175,5.0,4.84097973029427,17098,127.0,134.0,False,0,0.0,1,1,0,0,80.0
CC Médullienne,epci,243301389,7.240563406470807,8.268315358869469,3.001022685013016,9.0,3.0,6.952119747117887,4.027380066939383,5.376952398661213,4.712532539977687,2.5917162513945704,2.487960208255857,3.7278728151729266,1.5740981777612495,5.578560803272592,5.000371885459279,6.06638155448122,5.332279657865377,5.643780215693567,7.074981405727036,8.408795091111937,1.7916046857567869,1.9837764968389735,2.6619096318333955,4.804155820007438,4.455513201933805,4.167069542580885,6.074702491632578,4.777426552621792,4.849351524730382,21512,33.0,651.0,True,0,0.0,6,2,4,0,59.0
CC du Pays Foyen,epci,243301371,7.036216216216216,6.762522522522523,7.422402402402402,7.0,10.0,5.638318318318318,5.68084084084084,4.696996996996997,4.856276276276276,6.644984984984985,7.906366366366367,7.143183183183183,8.935255255255255,6.572972972972973,7.377777777777778,9.122102102102103,9.154774774774776,8.291591591591592,8.76006006006006,9.331171171171171,8.066606606606607,7.854954954954955,8.857357357357357,8.788348348348348,8.205225225225226,4.527147147147147,9.733813813813814,9.733813813813814,7.646467181467181,16650,74.0,225.0,False,2,15.0,5,2,2,0,143.0
CC des Coteaux Bordelais,epci,243301355,6.8281857128624095,5.1978180731294215,3.5037361761482515,8.0,7.0,2.019976088472651,3.6123343628574274,4.3658961841187605,1.6895486699212912,2.445700906645412,1.3898575271495466,4.50946497957557,5.637391650891701,2.843329680183322,3.874065955962937,2.230596791870081,4.957058882136097,5.33854737471356,5.281458603168278,8.098385971903955,2.6224967619806714,3.6612533625585333,5.338746637441466,6.29809704094849,2.5173856730098634,1.7173956361462588,1.480322805619209,4.800587825047325,4.18784426194509,20074,295.0,68.0,False,0,0.0,1,0,1,0,84.0
CC de Montesquieu,epci,243301264,7.509756538235693,6.956998961109354,3.173178553683545,8.0,7.0,4.359094810063689,4.593929265097791,5.605424815935679,3.374858846379692,2.497109173856091,2.18318352229098,5.012105334477619,3.646732011382628,3.5956682776999864,3.4074032250779167,1.9021410181128326,2.561113871448575,5.169677943899905,5.421699263742717,7.954085550386196,1.553683544875559,1.6111161299064998,3.3781561949500882,5.1196756854419805,2.574664618998148,1.9481232214643842,2.2992908442115723,2.8731875875152446,4.1172163860801545,44280,133.0,332.0,False,0,0.0,2,1,1,0,64.0
CC du Secteur de Saint-Loubès,epci,243301249,7.184824478523148,5.0,2.7593575114470528,8.0,7.0,3.0639581364924777,3.6061123628170653,4.494476342757467,2.310305981539356,2.5485500399738354,1.5236935823824407,5.611308961407079,5.402173123046733,2.8550766770840905,5.277127698233883,2.75990260920125,5.041318409768151,5.968420670106839,5.612944254669671,8.685369576277346,3.943455192964605,2.4278290573442836,4.465222763282215,4.864416018606003,3.8831310415001092,2.9643506068754997,3.554364416018606,4.883567119703467,4.488973451143667,27519,331.0,83.0,False,0,0.0,4,1,3,0,78.0
CC du Grand Cubzaguais,epci,243301223,7.548781172770164,5.24980341496293,4.440631318804763,3.0,3.0,4.356043585711076,3.827763423949674,5.501460345989665,4.2142496068299256,4.363401482812851,4.9862390474050775,5.884042911705235,5.288418332958885,4.43257133228488,6.078718265558302,6.152212985845877,6.239131655807683,5.902886991687262,5.31787800494271,8.581975960458324,3.8828634014828127,3.891513143113907,3.538418332958886,5.538305998651988,5.928414962929678,5.861295214558526,6.451808582341047,5.239131655807683,5.167784326154637,35609,228.0,156.0,False,0,0.0,3,1,1,0,67.0
CC du Créonnais,epci,243301215,7.208885067354543,6.525078819145887,4.005101748351963,8.297391802808828,6.790083118372026,3.980796789911149,4.994496990541703,2.365376898824878,1.301060475781026,3.371453138435082,4.300888506735454,6.2371453138435085,7.819260533104042,3.790656348523932,3.736371453138435,1.7494411006018917,3.045055889939811,5.441673832043565,5.822241329893952,8.440527371739753,2.1244482659787907,3.289595872742906,4.024190312410433,5.559701920321009,3.600401261106334,3.063743192891946,2.4988822012037835,3.045055889939811,4.51532162306023,17445,140.0,124.0,False,0,0.0,1,1,0,0,66.0
CC Latitude Nord Gironde,epci,243301181,8.560158079625293,7.150809914129586,5.03864168618267,5.0,3.0,5.567574160811866,4.628317720530835,3.639539422326308,3.403103044496487,3.0450819672131146,3.1899882903981265,5.528786104605777,6.251366120218579,6.0037080405932866,7.53742193598751,9.400956284153006,5.842798594847775,5.107386807181889,4.006440281030445,8.0198087431694,4.253171350507416,5.0230288836846215,2.7787861046057767,5.152224824355972,7.993608508977362,8.972823965651834,10.0,5.68559718969555,5.706468858035017,20496,96.0,213.0,False,0,0.0,1,1,0,0,56.0
CC Jalle-Eau-Bourde,epci,243301165,7.36529172492691,6.176973433329096,1.0,8.0,7.0,6.180024151519003,3.8138108554722256,5.4318037371297825,4.544394305326046,3.237892462183806,1.3723782890555485,5.6554595144273545,6.007086564128638,3.4094000254226517,4.199599593237575,1.3723782890555485,3.7518431422397356,4.518018304309139,3.4753400279649167,8.186189144527773,2.5380704207448836,2.6478327189525865,5.583608745392144,6.435108681835516,2.0743612558789883,1.0,1.3723782890555485,3.469016143383755,4.2792235649821135,31474,135.0,233.0,False,0,0.0,0,0,0,0,103.0
CC de l'Estuaire,epci,243300811,6.851556062622805,5.887621220764404,5.297458325410408,7.0,6.0,6.296824491348165,6.242441528807758,6.201559231793117,4.20428471826076,5.657412689357926,4.852063129872599,6.1705013627432335,9.905939025163212,7.656081637827217,7.663497496355454,7.04607973632503,7.381568105469988,4.980287760664258,4.0727007669392155,7.682639285035178,8.072257083095646,6.722063763706662,6.194206756671104,7.396273055714014,9.404893198960512,8.917855105533372,10.0,7.572352158204982,6.833229203451679,15777,52.0,303.0,True,0,0.0,2,1,1,0,103.0
CA Bassin d'Arcachon Sud-Pôle Atlantique (COBAS),epci,243300563,7.5099325004440765,6.423382083012612,2.921220913020309,1.0,1.611522292616496,5.843048729942566,7.388477707383504,6.562570312037421,3.5816507786132985,6.775371543608266,7.409867369293623,6.55915092663864,8.458079223163006,3.6037805672331102,7.374015631476109,8.075966605482858,4.507208834152407,5.167283438924744,3.828808692048079,9.04973651489135,5.27066433773462,4.016578838297116,8.060794007934158,8.685372135709633,3.541565516016342,1.121454793060572,3.368612706495352,3.6548937178044882,5.406107525608385,67563,211.0,320.0,False,0,0.0,6,1,6,0,187.0
Bordeaux Métropole,epci,243300316,3.446841690607914,5.02337564722525,5.055658562226642,3.687924746447518,7.031124246022382,3.886872455267012,2.167033120702593,1.9569144944744725,1.308720357489334,7.652234495623153,8.105338991833131,7.372013899033485,3.125123764076018,2.7783983149357177,6.4025712962234635,6.152020366603864,4.4141405060936245,7.6876350792027655,7.948499161588126,9.777255877310939,5.391390390289155,5.4020980898193205,3.7519524446292323,6.1634010430517945,2.3603185840265994,1.8335849193239266,1.6805856772033128,4.342356717720518,4.853763747823259,801040,1390.0,576.0,False,25,5.0,64,9,51,0,73.0
CC Artagnan de Fezensac,epci,243200607,6.6568334045888555,6.939147783953256,6.25167450477412,7.0,5.0,5.750178138805757,6.990166737922189,6.078523585577882,6.759441356705144,6.951831266923187,9.000142511044606,6.828559213339034,10.0,7.653983183696736,5.035485250106883,6.500071255522303,4.0,7.231865469573892,7.999857488955394,6.315519452757589,7.656405871455037,7.711985178851361,9.567336468576315,7.368818583440216,6.56961664529001,3.6890409006698017,3.500071255522303,5.0,6.643091268144709,7017,18.0,389.0,True,0,0.0,2,1,1,0,197.0
CC du Saves,epci,243200599,6.650767143304456,6.073374386807223,4.0478029433253315,9.0,5.0,6.200187871829663,1.6361548898862333,9.683957833211565,9.986744598684897,5.460077236196639,5.656716417910448,4.858052395365828,3.0,6.492224193716731,5.180356956476359,6.517586890721219,5.0,5.1383989145183175,5.260515603799186,5.392339004279303,4.33075879344536,6.839265212399541,7.474898236092266,6.4766725811501935,5.561841143930696,4.0,3.0,4.0,5.639953330251838,9581,29.0,330.0,True,0,0.0,1,1,0,0,126.0
CC Bastides et Vallons du Gers,epci,243200508,5.764623172103487,6.224831271091114,4.6144544431946,7.0,7.0,6.430258717660292,4.143278965129359,6.184758155230596,8.344910011248594,7.259983127109112,9.374859392575928,6.2110517435320585,7.0,7.596175478065242,6.753937007874016,9.0,5.0,7.4045275590551185,9.186726659167604,5.6231721034870645,7.886389201349831,8.848003374578179,9.015326209223847,7.156636670416198,7.0293869516310465,2.734955005624297,7.0,6.0,6.84958018640527,7112,23.0,309.0,True,0,0.0,2,2,0,0,234.0
CC du Grand Armagnac,epci,243200458,6.507472826086956,8.466560990338165,5.559103260869565,7.0,7.0,6.529815821256038,7.560235507246377,6.8488073671497585,9.095939009661835,7.215655193236715,7.028985507246377,5.7638134057971016,6.595108695652174,8.245320048309178,5.463164251207729,6.404891304347826,2.702445652173913,8.794308574879228,9.628170289855072,9.311367753623188,6.794233091787439,6.974260265700483,9.515096618357488,8.625830314009661,8.055178140096618,4.295818236714976,8.297554347826088,3.297554347826087,7.05631038647343,13248,24.0,552.0,True,0,0.0,6,2,5,0,190.0
CC Cœur d'Astarac en Gascogne,epci,243200425,6.52714990906729,6.004027020005196,6.125227331774487,7.0,7.0,9.339828526890102,5.625487139516758,9.426734216679657,8.713172252533125,7.538321641984931,9.073005975578072,6.581319823330735,4.5511821252273315,8.043907508443752,6.877110937905949,7.4488178747726685,7.0,7.864899974019226,7.80319563522993,8.343595739153027,8.215250714471292,8.70797609768771,9.364899974019226,8.793063133281372,6.404520654715511,3.33034554429722,5.0,7.0,7.275108562520878,7698,26.0,296.0,True,0,0.0,5,3,3,0,183.0
CC de la Tenarèze,epci,243200417,6.350890462765592,8.38781544385615,6.332668637832635,7.0,7.0,8.902496046207798,6.538128309152169,7.781406862408032,8.709344701918448,7.0368562194870385,8.409475348965138,6.1341538884686795,1.5526370074950149,8.446194045245136,6.352815787664168,4.552637007495015,7.7894519700199405,8.19322010589287,9.076119095097297,8.651928762978752,7.2348208760228285,8.179192738774669,9.438767792064912,8.49639001581517,7.656535790414632,4.680808636457402,7.894725985009971,8.342088977514956,7.325770375536585,14544,29.0,501.0,True,0,0.0,8,1,7,0,185.0
CC du Bas Armagnac,epci,243200409,7.069251430573397,6.916618007707579,3.657830199696368,7.0,7.0,6.606796683405348,6.790493985752657,6.743781385028612,9.197594301062711,6.474600023356301,7.316828214410838,6.188952469928763,6.82517809179026,7.713301413056172,5.038070769590097,2.0,2.0,6.81361672311106,7.487913114562653,7.61847483358636,7.034216980030363,8.940441434076842,8.909143991591732,7.893028144341936,7.611701506481373,5.4277706411304445,5.0,3.0,6.438414440866851,8563,26.0,329.0,True,0,0.0,5,1,4,0,165.0
CC de la Lomagne Gersoise,epci,243200391,6.310371799551546,6.60937581477812,6.352766334671742,6.0,7.0,7.770402044115347,6.457631537779632,8.235699014444387,7.776398811075768,5.975230745163477,7.820670594983574,6.270219533816551,8.050320696667884,7.584345830943318,6.917974657141367,8.31183188194191,8.241435052406528,6.788131615998331,8.257495958700527,7.724722323616833,7.065807999165667,7.657245658862179,8.72899827918861,7.729624028784482,6.5859102049329925,3.848464306200136,6.482870104813057,8.050320696667884,7.164438054514707,19179,27.0,710.0,True,0,0.0,45,2,43,0,162.0
CC des Coteaux Bellevue,epci,243100815,4.816070988415085,5.0,3.996992851860981,9.0,8.0,3.2571358146413605,1.0,6.334385013556815,2.9064826226275575,1.7691890559526744,1.0,5.041163421247227,3.5261030317968944,2.4283460685235396,2.9780133103278286,2.584964259304905,1.4534385013556816,4.52580724673404,4.229677101306384,7.646684742420508,2.468572837071728,3.368696080847917,4.09435543505053,5.085186098102046,1.8923835346315012,1.2836578752772985,2.3694848410155287,2.3916687207296032,3.730302123314201,20285,422.0,48.0,False,0,0.0,0,0,0,0,78.0
CC de la Save au Touch,epci,243100781,4.013831629790452,5.420657185373113,1.9134974263898714,1.0,3.0,4.659941941307053,1.049105944917425,8.127143658673432,6.34010684751055,4.148757104871564,1.7580562535066964,5.986778230429586,4.722147683750884,2.545654136072012,4.279047642280389,1.7441270460810383,3.386895323591833,6.949064474422462,6.912521650037811,9.47956968262874,3.3780157587880857,3.6044446612836336,2.4024589564071914,4.494889371356085,1.615812455785134,1.0,1.7724489546995827,3.671090186129339,3.9062880073601405,40997,414.0,99.0,False,0,0.0,4,1,4,0,51.0
CC de Val'Aïgo,epci,243100773,4.884000453566164,7.635049325320331,3.9923460709831047,9.0,8.0,5.643837169747137,1.4076992856332917,5.973239596326114,5.3953963034357635,5.471935593604717,6.556525683184034,5.843179498809389,5.690100918471482,5.201893638734551,4.914729561174736,6.495407642589862,5.31670257398798,6.471708810522735,5.83785009638281,8.61163397210568,3.026306837509922,4.009354802131761,4.5985372491212155,6.2778659711985485,4.444778319537362,3.57670937748044,4.891484295271573,5.8517972559247085,5.536431082241265,17638,119.0,148.0,False,0,0.0,2,2,1,0,73.0
CC des Coteaux du Girou,epci,243100732,4.131473546944858,5.893954918032787,4.287350968703428,9.0,8.0,5.7948956780923995,1.5142045454545454,7.968517138599106,5.629843517138599,1.7296479135618479,1.163142697466468,3.69751304023845,3.3203707153502235,3.5577496274217584,2.8109165424739193,2.0697652757078986,1.6677999254843516,4.100502980625931,3.0731650521609537,6.887481371087929,1.8563245156482862,1.3788189269746647,3.40424739195231,5.103437034277198,1.68549739195231,1.5173714605067063,1.0,1.163142697466468,3.6931119597615494,21472,102.0,210.0,False,0,0.0,0,0,0,0,66.0
CA du Sicoval,epci,243100633,6.556595101681043,5.336913681294466,4.10052257130265,1.0,6.024705660139772,3.4877667946861424,1.0148460618271107,5.796738651388277,3.727104451300132,5.167222816848202,3.8659321286910533,5.96033494931688,2.0623307939306175,3.279733047912863,3.9612038028080336,1.5713907951898256,3.026670024554555,6.001913996096455,4.731687968267959,8.91133916766354,3.3400994774286974,4.372725555625512,3.840861298243405,5.707800793301014,1.2561984511742115,1.0851728262922622,1.042586413146131,2.4424227161115657,3.8811721427222277,79422,317.0,250.0,False,0,0.0,8,2,2,0,73.0
CC Lauragais Revel Sorezois,epci,243100567,7.380804090169649,6.086590750639089,6.747153148965838,5.446572158958866,6.0,6.071856844062282,1.8758075761096908,7.8498721821984665,7.5964675807576105,5.874877992098536,6.192005577504067,6.278968161747618,5.66674413200093,6.02045084824541,7.185173135022078,7.33325586799907,9.0,5.372856146874274,4.677666744132001,7.516244480594934,6.118336044620032,6.173785730885429,7.525400883104811,7.961282825935394,5.207576109690914,2.814176156170114,7.026493144317918,9.0,6.357157796885893,21517,60.0,358.0,True,0,0.0,3,1,1,0,131.0
Toulouse Métropole,epci,243100518,3.763851739119888,5.0158546347803545,5.780718833666777,5.864387844865118,8.595219096038129,3.5997540986746097,1.0225511687973434,6.3160049078125375,2.4864479770594237,7.7348708762692455,7.856941860806572,7.390254085268774,2.5242332819655764,2.6286264380950435,6.695792227424254,7.311222216405934,3.107550549575418,8.240784126469375,8.664324262902479,9.852447714049699,6.107181569912709,6.048446135991349,3.0056023624912385,5.394694608683662,1.7270227171458084,1.1094439642459983,1.215628395347026,2.9372491991609224,5.071325246179476,783348,1699.0,461.0,False,16,1.0,66,5,41,0,66.0
CC du Pont du Gard,epci,243000684,4.490399504490554,6.014710436667699,5.506851966553112,7.0,3.0,3.971817900278724,3.916034375967792,4.410498606379684,2.8947042427996283,4.771291421492722,3.962139981418396,6.2106302260761845,9.095966243419015,5.259600495509446,7.227082688138743,8.840430473830907,8.836481882935894,6.860483121709508,9.092908021059152,8.455404149891608,5.1395555899659335,3.0046066893775163,5.434654691855063,5.387658717869309,4.202462062558068,2.8311783834004336,4.13943945493961,7.795873335397956,5.634030880856522,25832,101.0,255.0,False,0,0.0,13,2,11,0,89.0
CC Terre de Camargue,epci,243000650,5.171476164813091,5.4321199353289895,6.242859242565284,5.0,7.0,7.417079026015384,3.5857625790015186,6.003184557346529,4.828621821566802,7.077311253735731,6.728479741315957,6.464406447503797,7.72843074812601,6.851942579981382,9.083043456959482,10.0,9.171525158003037,6.127235314291314,6.757189750624663,8.828523835186909,5.48566949194062,5.314242320317476,8.453089020626132,8.657096663563765,6.994267796776248,3.4142864141884277,7.0001469795698394,9.000048993189946,6.779215689019227,20412,99.0,206.0,False,0,0.0,4,1,1,0,193.0
CA de Nîmes Métropole,epci,243000643,5.837645672282917,5.525854649494848,7.0766645214815735,7.633413713160323,9.946561630133907,4.776023292057904,1.6079506245590094,3.0629637670484064,1.8149584015011127,5.932256088578052,7.076583107830443,7.505571019841669,8.104849152134976,3.2660791960983477,7.6444278171061715,9.087337463460779,6.729191058455002,7.090725822084035,8.625578618449108,9.355339572462027,7.957211311069931,6.132425118825163,5.521345883958409,7.354591342239728,4.181478782051779,1.9992982918640625,4.8939800420249515,8.175853486442689,6.211291408810619,257981,325.0,793.0,False,7,8.0,13,5,1,0,89.0
CC de Petite Camargue,epci,243000593,5.373527450544565,5.8508557457212715,5.410646810402311,6.430836482181226,5.0,4.164888493739349,3.775579758464844,3.3302956212491663,2.0721641846336225,4.380603096984515,3.313032525746462,6.177187523153293,7.91072090094095,3.8993109579906644,7.164555086315477,9.526450322293844,8.823034748462621,6.497703193302216,8.13954952952508,8.8920130399348,5.57516485144847,3.687078610061495,4.672668000296362,6.30647551307698,5.641661109876269,4.4947395717566865,5.895569385789435,8.670111876713344,5.752729442521619,26997,131.0,206.0,False,1,9.0,3,2,1,0,81.0
CC Beaucaire Terre d'Argence,epci,243000585,7.575651108818979,5.158006704486849,7.484785972150593,7.50657555440949,9.506575554409489,4.348246518824136,4.196428571428571,6.048639762764312,3.7190884476534296,4.882220216606498,4.081162970603404,6.553313563692625,7.565658844765343,4.4138086642599275,8.301895306859207,9.816722537390408,8.323104693140793,7.761249355337803,8.899142599277978,9.496164259927799,7.79190304280557,4.480982465188242,4.868037648272305,6.721151366683857,6.710740072202166,5.118134347601857,8.208515987622485,8.568978855079939,6.718103035438001,31026,150.0,206.0,False,2,5.0,5,1,2,0,80.0
"CC Rhony, Vistre, Vidourle",epci,243000569,5.057302249972291,5.02124358074408,3.8498910111944435,2.0,2.0,2.8844718661100233,2.2254405733919533,3.003546754350316,1.1934458935234789,3.611076218273174,3.37835740939151,6.078471940000739,7.0019581039642365,3.494920013300329,6.069752835556212,8.010677208408763,6.889090035836997,4.5677393135552515,4.518454206228987,7.582111057745594,3.8166771345180477,2.973251560941368,5.145158310858241,6.570657996822699,3.679609857021465,2.808068866146969,3.1867957291166364,7.65016440684228,4.438154790493431,27067,334.0,81.0,False,0,0.0,2,1,1,0,81.0
CC du Pays de Sommières,epci,243000296,4.586805849040656,6.972614318316288,5.645000422618544,5.0,6.0,2.9568929084608233,2.871988842870425,4.806609754036007,3.1369284084185614,5.054306482968473,4.703406305468684,6.135491505367256,5.854619220691404,5.3202603330234135,6.7213253317555575,9.210125940326261,8.282816329980559,5.474051221367594,6.515721409855464,7.84891387034063,5.517623193305722,4.8906263206829514,4.87084777280027,6.764432423294735,3.2516693432507817,1.6838390668582537,3.5940326261516353,7.8768489561321955,5.4124213627636815,23662,121.0,195.0,False,0,0.0,4,2,3,0,83.0
CC du Pays Viganais,epci,243000270,6.877035261212666,8.258315852562182,7.395265208270902,10.0,9.0,4.549395664768754,5.938168015183298,6.587953251423434,7.982719009090001,8.274897612626111,9.223953650983917,6.400359604435121,9.0,8.198281889921088,8.780241734092499,8.756168214963541,10.0,6.823094595944461,7.475277195085406,8.177404854659875,9.354709819198881,8.707721506343022,8.391369493557088,8.544900609329737,5.984616921386475,2.2286484866646687,10.0,10.0,7.889660658989398,10011,26.0,385.0,True,0,0.0,4,1,0,0,159.0
CA Morlaix Communauté,epci,242900835,6.936272912107526,6.944234917974267,4.427899613540066,2.0,7.685617171858267,3.6036690412999954,1.6506960934953672,5.040167000356971,2.6021635548105726,7.363939718458506,7.572131427418479,5.643168661048253,3.3896105911750554,5.6757151060824755,6.287408235166302,7.522683180456612,6.745898713352268,4.1315360618335895,3.307755583492418,7.42760472443389,5.473343576849653,5.988871816361689,7.470891341124614,8.275985162421815,4.576756530241654,2.67386816904906,3.720352004469898,6.017212211513091,5.362694754299726,64435,93.0,692.0,False,0,0.0,16,4,10,0,129.0
CC du Pays de Landerneau-Daoulas,epci,242900801,8.458872771291984,5.874802519542871,3.443484683723507,1.0,1.0,3.779786208170049,3.182092369560311,3.8460165370647736,3.350273907958719,4.710129465110076,5.1804714910030984,4.982888446623853,3.066907404747738,3.525410861938078,4.1306140872812325,1.7774882537598227,4.097314265783049,2.7714971583331622,2.19436180471491,5.797061901146925,2.9191612466402677,4.144319743942223,4.421387389975174,6.294999897412749,2.4214899772256304,2.1119637251482386,1.0,4.018629844682903,3.6964794986707625,48742,129.0,377.0,False,0,0.0,4,1,2,0,75.0
CC Communauté Lesneven Côte des Légendes,epci,242900793,8.6186363470719,5.331183265915965,2.843883240406691,1.0,6.0,4.346999016070843,4.222550198607922,5.805728654203564,5.974199190991582,6.4185343099741266,7.357640027695783,4.315258190299187,2.013702124558143,4.531759046681972,5.020006559527714,6.311468240953318,2.3646368572573886,2.6357275609489452,1.4573448489486536,5.747713275755257,4.237017601399366,5.030975547538355,6.050544805218469,7.78062023978718,4.611493750227761,4.11847235887905,2.279909624284829,2.247658613024307,4.5954879820081524,27442,135.0,203.0,False,0,0.0,10,2,7,0,101.0
CA Concarneau Cornouaille Agglomération,epci,242900769,6.8358084992782135,5.791591686606419,3.2526449010263203,1.0,4.156716565484783,5.364155905792086,1.7506179675295142,6.98067986315727,5.895291581799126,7.442919575233839,8.230576044612311,5.776068342265024,5.675927940042318,5.023690403211454,5.712689592438055,5.825921018805988,5.231980066839368,3.096343609721371,1.9047637880915185,6.600090964820344,4.755799007296961,6.275287231307718,7.8515889181118865,8.860606300302557,4.85200419229172,2.781229607071526,2.1176610176194903,4.501967608613973,5.126593649977542,50573,135.0,374.0,False,1,2.0,13,3,11,0,145.0
CC du Pays de Landivisiau,epci,242900751,8.109201488698599,5.928379073496929,3.6115767496747253,2.0,1.0,4.789010257496445,3.794547490090472,5.0065054918454415,4.6069472601289,5.303276952404006,6.087173590728917,4.8705558413265155,3.190989137341523,4.471754062150141,5.402463009470786,7.052860903506914,2.4663378619625407,3.195951466005023,2.0095918182093255,6.293745650397894,3.8410541922599775,5.026021967381767,4.237193258494962,6.122000665678235,4.599473509032044,5.474447033193138,1.2765287905836789,2.742866652546219,4.375373363360896,33052,81.0,408.0,False,0,0.0,1,1,1,0,70.0
CC Poher communauté,epci,242900744,5.239150207900208,6.923856548856548,4.535408004158004,4.0,2.40131237006237,6.102910602910603,5.111681392931393,3.3761694386694385,1.6359147609147608,8.209329521829522,9.23570686070686,5.922362266112266,6.930743243243243,7.402676715176715,5.795023388773389,5.571075883575884,7.396114864864865,5.315358627858628,5.59485446985447,8.222453222453222,6.877273908523908,7.767866424116424,8.02904106029106,8.949844074844075,6.89143711018711,4.987785862785863,3.9307432432432434,7.396114864864865,6.062578890703891,15393,50.0,307.0,True,0,0.0,13,1,10,0,145.0
CC du Haut Pays Bigouden,epci,242900710,8.7777045579352,5.951015925315761,2.889621087314662,2.0,3.0,4.110214168039539,2.8023613399231193,5.944645799011532,4.545908841295991,7.007907742998353,7.82174629324547,5.0826468973091705,3.241625480505217,6.038165842943438,5.1662822624931355,4.638165842943438,3.0,2.961175178473366,1.5448105436573312,6.425645249862713,2.799286106534871,5.024821526633718,6.957276221856123,8.217408017572762,4.547336628226249,3.1947830862163644,1.6624382207578254,3.0,4.584035459323762,18210,86.0,211.0,False,0,0.0,1,1,0,0,109.0
CC du Pays Bigouden Sud,epci,242900702,8.856244480719313,5.2634001445048035,2.7941074152372285,1.0,2.0,5.390617891835479,4.107147635740855,6.166822767534588,5.290641975969386,7.718831116701009,8.06441167812893,5.542562016644813,6.254408734512564,4.647488560036394,5.968984987556531,4.96681741550483,7.30552061869464,2.999063394792475,1.6234311862773958,7.009232251331317,3.6750247531376274,4.3431721480371435,8.88375391367176,8.81888731301346,4.588321871069603,2.14380903957826,2.088763413524579,6.281891407316225,5.135477076109686,37370,225.0,166.0,False,0,0.0,1,1,0,0,193.0
CA Quimperlé Communauté,epci,242900694,8.891747129319457,7.249126704046719,2.970298980706877,1.0,2.0,4.282446303494975,3.1164215466743097,7.803862207333895,7.145119395231356,6.957920570374219,7.306235780950504,5.606237572326819,5.280278738154524,5.966931193235763,5.509109148558838,5.772656431936657,5.564462676674489,3.5916378553642763,2.191784748222059,7.151066764595239,4.1288716120595454,4.738620281962632,6.960661376135285,8.105422496103756,5.084033462909553,3.489977249520807,3.6661770238073914,5.715081597191122,5.258792458817539,55828,91.0,613.0,False,0,0.0,20,1,19,0,118.0
CC du Pays Fouesnantais,epci,242900660,8.483540339513862,5.470586141855582,1.9384319726680665,1.0,3.0,5.480550909285028,2.4715470301434213,5.888572547065732,3.2365920495391296,6.531050927079256,5.064450692195452,3.7782127477846186,3.254955692373394,3.946617317342254,4.349300686857184,4.297021246307698,2.0770490053026798,3.155308018078935,1.8648706359656928,6.493718637673939,2.621267660770846,2.770418876116588,8.507847254350688,8.34816185629382,2.5733656001992955,1.1250934196946512,1.0,2.0618171465176696,3.9567981575348385,28101,217.0,129.0,False,0,0.0,7,0,7,0,168.0
CC Douarnenez Communauté,epci,242900645,4.45110185286701,5.822607170266418,4.971932902094069,3.0,3.0,7.318112049117421,1.0396338120820086,2.736925775682491,2.441563425063041,8.295307532068852,8.794430435259292,6.806326060738954,7.768117530972481,5.584913934875562,7.680462668567043,10.0,10.0,4.16637430106348,1.208584585023572,8.47988159193071,6.695099221576582,7.076965245038922,8.542648832364872,9.60245587106677,5.399956145159522,3.0862295800899022,3.7681175309724813,10.0,5.990633859069339,18245,172.0,106.0,False,0,0.0,3,1,2,0,179.0
CC Cap Sizun - Pointe du Raz,epci,242900629,8.866618836420558,6.285155230889643,3.2790894860422646,3.0,3.0,2.4748238977302375,3.173623793373337,5.308570310461779,7.372228019827811,8.238129402556744,8.514544743021132,4.786264022958518,6.24080354813462,6.901056613618575,5.672645447430211,6.204017740673102,2.741716671014871,4.091116618836421,3.806222280198278,7.118640751369684,4.952126271849726,4.256783198539003,9.244129924341246,9.5525045656144,6.884750847899817,3.4205583094182104,2.0,3.741716671014871,5.397422757258396,15332,85.0,180.0,False,0,0.0,2,1,1,0,260.0
CC de Haute-Cornouaille,epci,242900561,8.596722192369693,7.147098334228909,4.2531569048898445,6.0,2.0,3.8081676518001073,3.7306555615260613,5.1648979043524985,4.309040838259,8.454392799570124,9.288688876947878,5.5957146695325095,5.476625470177324,7.875671681891456,6.8985088662009675,8.282912412681354,6.492208490059108,6.395956475013434,7.720311660397636,8.13756045137023,5.558033315421817,6.3918592154755505,7.870231058570661,9.218027941966685,7.5499059645351965,5.443444384739387,6.23052122514777,6.738312735088662,6.451022395793354,14888,36.0,413.0,True,0,0.0,6,1,5,0,134.0
CC du Pays des Abers,epci,242900553,8.390438053634268,5.647761194029851,2.2839703919427254,1.0,6.0,4.2520082514257975,2.9596650891882055,8.091736439752458,6.7192816405775995,5.257274602596772,5.443781094527363,4.130445334304089,3.0188812037374104,4.395243295716539,3.6654774905958014,3.1628685839097197,2.410144399951462,2.2535371920883387,1.079286494357481,5.85681349350807,1.8817376531974275,2.5463171945152285,4.858269627472394,6.776070865186264,3.4119402985074627,3.393107632568863,1.2978522024026211,2.1500788739230674,4.0119281640577595,41207,150.0,274.0,False,0,0.0,2,1,1,0,81.0
Brest Métropole,epci,242900314,2.7674761904761906,5.073476190476191,5.156628571428572,2.9938714285714285,8.66462380952381,3.0296142857142856,1.125257142857143,2.1534,1.2593809523809525,7.624323809523809,7.692566666666667,6.77907619047619,1.8678619047619047,2.5775,6.237090476190477,5.659138095238095,3.9675761904761906,5.700714285714286,4.440252380952381,9.025219047619048,6.322071428571428,6.212195238095238,4.447561904761905,6.930704761904762,2.574795238095238,1.208504761904762,1.0380238095238095,4.3300857142857145,4.530678231292518,210046,967.0,217.0,False,7,1.0,19,3,13,0,82.0
CC du Pays d'Iroise,epci,242900074,8.602049883247577,5.669022379269729,2.2730973487901145,1.0,1.0,4.05383009939454,3.1726902651209885,7.861632880788544,6.622404066703862,4.89719587543653,4.012811770297357,4.1254726923315355,1.796086210815614,3.524518008802926,3.5570433740417005,3.8007976360217386,2.8236315169549315,2.3860682330089062,1.2724980885665282,5.746450932986176,1.7910854875705164,2.7017337218192714,5.595478684933771,6.571921558903147,2.685161077015271,1.8051577707519681,1.0,2.173806128985597,3.661487346162815,48393,151.0,320.0,False,0,0.0,13,2,10,0,94.0
CC du Bonnevalais,epci,242852465,6.043998705920414,5.451391135554837,4.177693303138143,8.0,5.0,4.421789065027499,7.079747654480751,4.16669362665804,5.028712390812035,6.022161112908444,6.072630216758331,3.881753477838887,4.202846975088968,7.662811387900356,5.523697832416693,3.798932384341637,4.599644128113879,3.987140084115173,1.8997088320931736,6.639113555483663,3.8311226140407637,5.003639598835329,6.2175671303785185,8.473794888385635,8.083468133290197,8.52588159171789,9.400355871886122,5.800711743772242,5.678464551462771,12364,36.0,343.0,False,0,0.0,2,1,1,0,93.0
CC du Pays du Neubourg,epci,242700607,3.9488194228289384,5.658321846235937,5.553470585619636,8.0,2.0,6.27924763217573,5.770999155142514,5.163502156609898,3.6134554671172574,3.1419805238116414,3.4366134554671173,5.026323980612744,3.373871670594513,4.648939481524301,4.406643247810041,4.747743341189026,3.5608075058917694,1.8705144737427186,1.208501934278981,3.979323224687625,3.53088176441816,3.6286184356796656,4.067143937035884,5.073769398372538,5.871092534127796,7.138334296767308,5.9346791764862825,2.5608075058917694,4.399800219789992,22489,73.0,308.0,False,0,0.0,1,1,0,0,73.0
CC du Pays de Conches,epci,242700276,4.585099515868746,6.180957504034427,6.604895104895105,9.0,6.0,5.228671328671329,4.616514254975794,7.28364712210866,5.603819257665411,4.689618074233459,5.109467455621302,6.493813878429263,9.382194728348574,5.183969876277569,6.643679397525552,7.608230231307155,9.269176976869284,3.242764927380312,2.5651425497579345,6.226089295320064,4.622969338353954,6.248144163528779,4.2402904787520175,6.2983324367939755,6.602689618074233,6.686605701990318,8.42533620225928,8.53835395373857,6.185016906170754,18590,71.0,261.0,False,0,0.0,1,1,0,0,81.0
CC du Diois,epci,242600534,7.8525333789798015,9.223382403286546,6.439661074974324,10.0,4.0,5.620335501540568,5.557086614173229,7.692571037315988,8.024221157137966,8.32137966449846,10.0,6.604587470044505,9.399263950701814,8.91775077028415,7.635570010270455,9.0,5.6007360492981855,6.668435467305717,7.607583019513865,7.262495720643615,8.236134885313248,8.425282437521396,8.2030126668949,7.381633002396439,3.498031496062992,1.1640705237932214,3.3992639507018145,8.0,7.13339365188047,11684,9.0,1298.0,True,0,0.0,24,3,20,0,148.0
CC Dieulefit-Bourdeaux,epci,242600492,8.440439699820315,8.36211816932671,5.034034457245534,10.0,6.0,5.57636613465807,3.033717366028961,5.703731106648346,4.346052214353662,7.080541169009618,7.476165310220907,5.158968396575415,5.66187506606067,7.310009512736497,6.750660606701194,6.32375013212134,7.0,6.278511785223549,8.029172391924744,8.124616848113307,5.4429764295529015,5.2359158651305355,7.8983194165521615,7.482507134552373,3.5927491808476906,1.070394250079273,5.0,5.0,6.15762830869585,9461,25.0,378.0,True,0,0.0,4,2,0,0,146.0
CC du Val de Drôme en Biovallée,epci,242600252,8.677027651290173,6.683692998086188,4.758397677027651,2.0,4.0,4.9173101036098465,1.2860159704348975,3.526694383950373,2.0421368705866825,4.7055038606216595,4.2056688444532435,4.996601333069359,4.866000131987065,5.246848808816736,5.840658615455685,6.887118062429882,4.835643106975517,5.865934138454431,5.391143667920544,8.071899953804527,3.808519765063024,2.5907741041377945,5.463670560285092,6.171055236586814,4.472645680723289,3.5239226555797534,5.069821157526563,5.332178446512242,4.829888706621037,30309,51.0,594.0,True,1,5.0,9,0,2,0,83.0
CC du Plateau de Frasne et du Val de Drugeon (CFD),epci,242504496,4.543543046357616,8.743046357615894,3.6390728476821192,8.0,1.0,4.937251655629139,7.8347682119205295,4.491225165562914,3.0061258278145697,4.8019867549668875,7.65248344370861,4.836920529801325,1.0,7.003807947019868,3.6235099337748347,1.0,1.0,5.8427152317880795,5.468874172185431,8.72019867549669,3.88476821192053,4.253145695364238,2.668708609271523,6.577317880794702,5.468211920529801,7.983609271523179,2.318046357615894,1.0,4.6892620624408705,6040,33.0,183.0,True,0,0.0,3,1,0,0,52.0
CC Altitude 800,epci,242504488,2.181092502739083,8.688683675066521,2.492408827672562,8.0,1.15025825637815,7.273595241821881,8.0,6.639849741743622,4.812020660510252,5.265769290968853,4.0,3.951635623728283,1.0,6.426827359524182,2.3659414618876196,1.0,1.0,4.887306307716387,3.0,7.13664110189388,3.7231178588198466,7.069964000626076,4.277977774299577,6.097041790577555,5.759273751760839,7.287525434340273,3.3446548755673815,2.0,4.601128054915814,6389,31.0,206.0,True,0,0.0,2,1,0,0,65.0
CC du Doubs Baumois,epci,242504447,3.28788637216869,6.961456638718558,3.8220498060317856,8.0,9.0,4.793017144287323,9.298585909147791,7.555124515079465,7.5875359779752225,5.204167188086598,6.274246026780127,5.5797146790138905,4.688587160555625,6.448879989988737,4.396070579401827,4.2456513577775,2.0,3.05180828431986,3.035289700913528,4.280690777124264,4.628269302965837,6.497434613940683,5.738893755474909,5.450757101739457,6.348829933675384,7.428419471905894,4.622825678888749,2.0,5.436649713070061,15982,45.0,355.0,False,0,0.0,5,1,0,0,93.0
CC du Pays de Sancey-Belleherbe,epci,242504371,3.486574746008708,8.968251088534107,3.2519956458635706,8.834361393323658,6.660740203193034,4.52866473149492,9.044629898403484,8.341799709724238,8.78755442670537,5.690674891146589,5.730950653120464,4.384252539912917,2.0,7.827830188679245,3.591255442670537,5.0,1.0,3.9290638606676342,3.660921625544267,5.1337082728592165,3.6955732946298983,1.7563497822931786,6.25344702467344,5.742380261248186,7.31767053701016,8.0,3.0,1.0,5.236380364918101,5512,23.0,239.0,True,0,0.0,3,1,0,0,100.0
CC du Plateau de Russey,epci,242504355,2.8804786836200447,7.321615557217651,3.3982049364248317,8.0,1.0,4.484218399401645,9.0,8.12191473448018,9.500822737471951,3.980553477935677,3.421091997008227,5.375018698578908,3.776364996260284,4.823335826477188,3.528945400149589,3.0,1.0,6.081077038145101,3.5730740463724757,8.442333582647718,3.611967090501122,2.0,2.4586387434554973,4.089902767389678,5.825878833208676,9.141810022438294,1.0,1.0,4.637044556042312,6685,44.0,151.0,True,0,0.0,1,1,0,0,56.0
CC des Portes du Haut-Doubs,epci,242504181,7.289564220183486,8.030045871559633,3.5464831804281345,1.0,1.856269113149847,5.672935779816513,9.0,5.692507645259939,6.2581804281345565,5.149770642201835,5.207339449541284,5.341475535168196,5.307415902140673,6.855007645259938,3.1569954128440365,3.4347094801223244,1.0,4.089143730886851,4.303784403669725,6.51158256880734,2.9195718654434253,4.09506880733945,3.3436926605504587,5.826529051987768,5.400840978593272,7.860741590214067,4.625840978593272,1.0,4.777696319353429,26160,40.0,654.0,True,0,0.0,7,4,2,0,61.0
CC du Val de Morteau,epci,242504116,3.844930609097918,7.320595605242868,1.8740844255975329,8.0,1.0,5.4074306090979185,8.022985736314572,4.18672898997687,5.033057054741712,6.212413261372398,5.779009252120278,5.138444487278335,1.0,4.572426754047803,5.711112181958366,8.634252120277564,2.4905551272166537,7.62013299922899,7.793706630686199,9.478218966846569,3.658394371626831,2.4966750192752505,3.406948727833462,5.691114109483423,5.6891383962991515,8.732604086353122,1.8472436391673093,1.4905551272166537,5.076169938869919,20754,127.0,163.0,False,0,0.0,3,1,0,0,70.0
CU Grand Besançon Métropole,epci,242500361,5.681310426089149,5.449495495217366,6.207996953933388,4.402955507875008,10.0,3.261061286654421,9.066040988119312,2.7526923215452612,1.4813917231372429,7.210410138462251,7.5098353992045235,6.991787969065959,1.6430287781259487,3.56640888298885,5.556642946452001,6.313837477939171,3.523290575202342,6.524319651760493,7.262692372999089,8.713968170662056,5.776572043077144,6.3135853541824245,4.679638176682154,6.800889122146242,2.968386768133615,1.5543738326412793,1.4683841954422199,4.425209288445014,5.253793065935141,194371,366.0,531.0,False,5,8.0,33,4,5,0,80.0
CC du Grand Pontarlier,epci,242500338,3.559539425739688,7.00317009182335,3.979667686926104,8.0,1.0,6.579398046931934,7.952339309138609,4.911783996501968,2.0286037020842445,6.636605451100424,7.359313511149979,5.809685177087888,2.0,4.136605451100423,5.809758052761988,5.039425739688092,4.8614269056988775,7.640504299664772,8.591240343973181,9.55137735024049,4.958497303600058,5.982509838216004,4.7232181897682555,7.044927853082641,5.786328523538843,5.662039061361318,2.633617548462323,3.1139046786182774,5.441267412080705,27448,177.0,155.0,False,1,4.0,9,0,4,0,79.0
CC de Montbenoît,epci,242500320,3.58023745691306,7.7303715051704325,3.276905400229797,8.0,1.0,5.626196859440827,8.0,6.819481680071492,4.641516660283417,3.9939997446699858,2.214477211796247,2.5792161368568873,1.2144772117962466,4.9620834929145925,3.1413251627728838,3.0,1.0,4.61828162900549,4.309842972041364,7.440316609217414,3.3490361291969872,5.0,2.346993489084642,5.906421549853185,4.68313545257245,7.861355802374569,1.2144772117962466,1.0,4.232505334573508,7833,39.0,200.0,True,0,0.0,3,1,0,0,49.0
CC Isle-Loue-Auvézère en Périgord,epci,242401024,8.493345034371801,7.687947930378821,4.59112183706304,7.0,6.0,4.88306274681878,8.127833845253766,7.667105455609185,6.217931841450929,6.950563112476233,6.449831797572035,4.997147871873628,5.0,8.623884744771098,4.8990054117302915,7.0,4.0,7.542416264443469,9.02559602164692,8.489249670908293,5.136682755594559,5.740602603481059,8.76941641070645,8.668641216908,7.91224221149627,5.170030715225976,7.0,6.0,6.715844982135022,13674,25.0,546.0,True,0,0.0,5,2,3,0,206.0
CC du Pays de Saint-Aulaye,epci,242400935,8.76039009752438,9.154988747186797,7.548387096774194,10.0,8.0,6.111777944486121,5.21695423855964,5.630307576894223,5.396249062265566,7.482370592648162,7.093923480870218,6.211552888222055,8.35483870967742,9.059114778694674,7.300975243810953,7.806451612903226,9.451612903225806,7.690022505626406,9.334283570892723,9.299324831207802,8.798049512378094,7.08192048012003,9.381245311327833,8.485971492873219,9.548387096774194,7.712678169542386,10.0,10.0,8.068277783731649,6665,27.0,246.0,True,0,0.0,1,1,0,0,187.0
CC Périgord-Limousin,epci,242400752,8.059571761712952,8.043318493392693,4.7371210515157935,7.0,6.0,4.992933361599887,9.0,6.798388806444774,3.8754151650060065,6.776694226556427,6.801710126492828,5.496148682071938,8.405766376934492,8.811532753868985,6.3829411349021274,7.6086495654017385,5.811532753868985,7.894495088686312,9.412621016182602,8.866299201469861,6.416154335382658,4.887711115822204,9.248745671683979,9.465550137799449,8.492544696487881,5.773231573740372,8.202883188467245,4.811532753868985,7.074053322834328,14151,27.0,524.0,True,0,0.0,3,1,2,0,208.0
CC du Pays Dunois,epci,242320109,5.179549343981746,6.9523673702224755,8.320165430690246,7.0,8.0,4.658157444381061,6.0586138049058755,4.903308613804906,5.26155162578437,8.04749001711352,8.402595550484882,4.8086138049058755,5.0,9.597974900171135,5.321591557330291,4.0,8.0,7.021534512264689,9.021962350256702,7.91814033086138,6.853394181403309,5.760981175128351,9.67156303479749,8.67598402738163,8.7594124358243,6.342983456930975,3.0,6.0,6.7334976774509,7012,20.0,350.0,True,0,0.0,2,2,0,0,235.0
CC de Bénévent Grand Bourg,epci,242320000,6.542039872869113,7.440768563998844,8.294423577000867,7.0,8.0,3.3420976596359435,7.703264952325918,6.506501011268419,5.7754984108639125,7.490609650390061,7.53062698642011,3.83140710777232,5.0,9.57208899162092,6.178416642588847,4.0,9.0,6.592458826928634,8.015602427044207,7.498121930078012,6.062409708176827,6.8487431378214385,9.268563998844265,8.90017336030049,8.229268997399595,6.6167292689974,3.0,5.0,6.758564824369505,6922,17.0,407.0,True,0,0.0,1,1,0,0,197.0
CC du Pays Sostranien,epci,242300135,6.19438444924406,5.83763733683914,8.578270260118321,6.0,8.0,4.596394027608226,7.1146586533946845,4.158794252981501,5.640154005070898,7.808902244342192,7.68128462766457,6.551507183773124,9.0,9.225842802141045,6.498732275331017,3.9130434782608696,7.478260869565218,7.2262184242651895,6.325946098225185,8.769743637900273,6.597896516104798,7.575546999718283,8.089679782139168,9.309512630293924,8.452812470654521,7.078035496290732,10.0,10.0,7.275116375783106,10650,38.0,280.0,True,0,0.0,2,1,0,0,164.0
CC du Kreiz-Breizh (CCKB),epci,242200715,8.282704797249359,7.686787098182612,7.53271844130328,7.0,5.0,5.602739726027397,5.234131965289527,6.30033291491568,5.847022867434372,8.080499918135676,8.77569175353381,5.624733940948535,8.333897287562081,8.554767232440103,5.922720078589751,3.651803743928396,4.0,7.9663810511379145,9.51803743928396,9.089068383998253,7.508541177754735,6.953173606942094,8.603012607105823,8.841947279375647,6.61818479506631,3.796867325219669,3.0,6.0,6.761634479693749,18323,26.0,704.0,True,0,0.0,29,2,25,0,160.0
CC Rives de Saône,epci,242101509,8.471791873721134,6.508574490889603,5.581262788658287,2.0,3.0,5.836841079606353,9.0,6.99420247490987,6.1301763616876155,4.9754944947871,6.2771119555685475,5.384536685179772,5.453278768391309,7.10708369872357,5.897349702815941,8.884487966481535,5.231024067036929,4.367387703400565,4.914401247198675,6.271996492253727,3.9641917567962586,3.8753288512130957,5.445142745785833,6.944119653122868,8.288999317938226,9.165351261814285,9.113319692097827,5.231024067036929,6.082659971325567,20526,53.0,387.0,True,0,0.0,4,1,0,0,91.0
CC du Montbardois,epci,242101491,7.384855360181509,8.862072225373417,6.9463981849120815,10.0,5.0,7.204859141614672,6.3594252221591985,6.207411608999811,2.7564757042919266,7.376441671393458,9.209396861410475,4.982605407449423,3.4729627528833427,8.960956702590282,6.157591227075061,7.8918510115333715,9.472962752883342,5.268670826243146,6.472962752883343,6.201077708451503,7.2376630743051615,8.921535261864246,8.178956324446965,6.722915484968803,8.71119304216298,8.131782945736434,7.418888258650028,8.945925505766686,7.15920846500824,10579,24.0,440.0,True,0,0.0,4,0,1,0,164.0
CC du Pays d'Alésia et de la Seine,epci,242101459,7.187483319989325,8.01214304777155,7.756204963971177,10.0,5.0,6.313183880437683,7.332933013077128,5.696957566052842,4.611422471310382,7.325994128636243,8.763010408326661,5.298772351214304,2.6184947958366696,8.07672804910595,5.421136909527622,5.144515612489992,5.526020816653323,5.195623165198826,5.84761142247131,7.068054443554844,5.907926341072859,8.201761409127302,7.139845209500934,6.9881238323992525,8.370829997331198,8.910862022951695,7.707499332799573,3.7630104083266613,6.613791032826263,7494,23.0,325.0,True,0,0.0,2,1,0,0,132.0
CC de Saulieu,epci,242101442,8.17921146953405,8.611582720241463,7.324655725334843,10.0,5.0,5.30371627994718,8.667421241275232,7.584983965289568,8.989058668175815,8.33936993020185,9.834182229767968,7.045840407470289,7.750424448217317,9.652329749103943,7.099415204678363,6.550084889643464,9.0,5.355970571590266,5.3499339747217505,6.956423316355405,6.522731560083003,5.551028107904169,8.759667987172232,8.659309564233164,8.743821920392378,6.9085078287115635,8.0,8.0,7.633559705715903,5301,19.0,279.0,True,0,0.0,4,1,2,0,169.0
CC du Pays Châtillonnais,epci,242101434,7.611833122629583,8.388470290771176,7.149886219974715,4.0,6.0,6.505082174462705,4.682781289506953,5.864677623261694,7.03519595448799,7.404197218710493,9.223211125158027,5.828824273072061,6.812085967130215,8.907458912768647,6.111251580278129,6.0,9.270695322376739,5.80409608091024,7.0,4.686776232616941,7.951858407079646,8.80495575221239,8.392970922882427,6.66063211125158,8.862250316055626,9.082022756005056,8.541390644753477,9.270695322376739,7.2090464150261875,19775,10.0,1977.0,True,0,0.0,6,2,0,0,156.0
Dijon Métropole,epci,242100410,2.2571855213960106,5.181380486901568,5.587343238419441,2.8977971624331684,8.203609801070884,3.0913482185422896,9.0,3.8781406490707577,1.2994180663412251,8.233833315603466,8.653881462044293,6.945435347052311,2.7268536576717137,2.8722425130708524,6.056593737810716,5.205012430607268,3.070884011205276,7.590329736140168,8.274521392070415,9.677734044104032,5.0790752100989325,4.957869894290589,4.837590471575082,7.175494170813486,3.0282101895519857,1.8337214204382035,1.9977660366653665,3.646277318771202,5.116412482277169,253859,1057.0,240.0,False,5,6.0,59,3,19,0,88.0
CC des Vallées de la Tille et de l'Ignon,epci,242100154,7.034115920763023,7.615113719735877,6.252898019075569,8.0,6.0,3.739178283198826,8.237710931768158,6.17373440939105,6.124358033749083,3.3459280997798975,2.9697725605282463,5.2415994130594274,7.2930300807043285,6.4300073367571535,4.39002201027146,6.2930300807043285,4.939545121056493,4.3642699926632424,6.900807043286867,6.148569332355099,3.9278063096111517,4.041672780630961,4.402347762289068,6.296551724137931,4.717094644167278,6.232208363903155,4.939545121056493,3.939545121056493,5.571087936275022,13630,36.0,378.0,False,0,0.0,3,1,2,0,75.0
CC de Calvi Balagne,epci,242020105,7.52306819103219,7.970647855347442,7.632936025297981,7.0,8.0,10.0,10.0,6.691559231330577,10.0,7.4704451471661395,8.360415146355306,7.350441903835239,7.735344198491851,7.417578853482526,7.784886078002108,9.61063812535474,1.0,9.02846022865483,9.410767858590773,9.538960512446282,5.6265304467688315,5.485688802400065,5.788210492175464,7.184140111894916,5.6008270493797125,2.4221195167436957,10.0,1.5406632611692208,7.256226036997139,12334,21.0,587.0,True,0,0.0,7,2,1,0,119.0
CC du Centre Corse,epci,242020071,6.760823062035245,8.077009269634308,8.4727513496995,10.0,10.0,6.666395029031272,10.0,5.47234389324641,10.0,9.51492309259448,8.311806050728329,8.295711520831212,1.0,7.583375776713864,3.50616277885301,2.239380666191301,1.0,8.542935723744526,7.072425384537028,9.419476418457778,3.1950697769175918,5.556687379036365,4.2001629825812365,6.191097076499949,1.7404502393806662,1.0724253845370275,2.239380666191301,1.0,5.9689569114800864,9818,27.0,363.0,True,0,0.0,8,1,7,0,77.0
CC du Sartenais Valinco Taravo,epci,242010130,7.193528746629555,8.786553013829694,6.860398364790815,8.0,7.0,8.43420022614595,10.0,6.569626859180656,10.0,7.610594068017744,9.014873445246586,7.6396451248151696,7.073497434113247,8.966599982604158,8.280334000173958,9.436374706445159,10.0,9.069583369574671,9.148995390101765,9.315995477080978,5.600069583369574,7.733582673740976,8.041141167261024,8.331216839175436,6.055840654083674,2.129599025832826,9.71818735322258,10.0,8.071801339479864,11497,21.0,547.0,True,0,0.0,2,2,0,0,159.0
CA du Pays Ajaccien,epci,242010056,3.5787853567886176,6.041875206639837,6.205055122957829,6.0,3.0,5.236156556040723,10.0,2.5972774845233886,10.0,3.9917914106232826,2.8090818920798513,7.839613284233808,9.807223558651511,3.0416927935425764,4.179049855779645,1.2824552802891247,3.0373148792083273,7.6351168013863395,9.237912282101854,9.85762657758827,5.499515465210402,6.1456340565252585,6.330338718319975,7.578317923226888,4.194577770683935,1.1414955593811635,5.735512409791023,4.775688894462623,5.599253897858438,87726,324.0,270.0,False,2,1.0,6,3,3,0,104.0
CC Celavu-Prunelli,epci,242000503,6.416222952305427,7.753030474679959,2.898040104225671,10.0,4.0,6.186586609267022,10.0,6.959555908009516,10.0,5.100940296816585,3.018126203693214,6.856916279596692,7.0,5.667724028548771,4.5373286507307125,3.836637589214909,2.6225218080888184,6.575280389713379,7.010649144669763,9.52056191231449,3.7804463577659453,5.367848646199161,6.427098674521355,6.801291492013141,3.474679959216042,1.1164608587289,2.5408406026962727,4.1633624107850915,5.701148262635745,8827,23.0,383.0,True,0,0.0,1,1,0,0,119.0
CC de l'Alta Rocca,epci,242000495,8.847044917257683,9.959810874704491,4.907210401891253,7.0,7.0,9.97695035460993,10.0,8.61276595744681,10.0,7.099054373522459,6.395271867612293,6.893971631205674,6.675531914893617,9.107919621749408,8.46903073286052,8.675531914893616,10.0,8.903427895981087,9.223049645390072,9.476595744680852,5.019267139479905,6.889598108747045,7.673522458628842,7.578841607565012,5.372222222222222,1.3326241134751773,10.0,10.0,7.8960444106720695,8460,12.0,705.0,True,0,0.0,5,2,3,0,145.0
CA de Bastia,epci,242000354,4.160027884506266,6.090446314219477,7.587763241087496,7.778772109008965,8.778772109008965,3.5027965565877146,10.0,2.279752930304946,10.0,3.578392750028371,2.5935995330966395,8.56804954363439,9.639819723424607,3.071932299012694,5.2449783570838,1.2484314965225427,3.312452377478398,8.329637015060877,8.135596517679101,9.869996595496328,8.3294748958384,7.852244540635182,5.84034498970543,7.131348994050224,3.639722451891121,1.0,5.289934017476452,6.687547622521603,6.055065530905714,61690,894.0,69.0,False,2,5.0,12,2,10,0,111.0
CC du Pays d'Uzerche,epci,241927243,3.525746915468543,7.757112266748241,5.501070663811563,6.0,6.0,3.1458142143366983,8.13408789640053,7.5310492505353315,7.452839808300194,7.07882125012746,7.3393494442744975,4.6847149994901605,3.1404099112878554,8.45916182318752,3.6157846436219025,2.285102477821964,1.714897522178036,6.6783929846028345,5.993576017130621,8.712348322626696,4.4689507494646685,6.4417252982563475,8.7026613643316,9.019985724482513,7.123789130213113,5.671357193841134,9.285102477821964,10.0,6.2665661553700716,9807,29.0,338.0,True,0,0.0,3,2,1,0,158.0
CA Tulle Agglo,epci,241927201,3.3255343991377764,6.752671995688881,6.722741153224358,2.0,7.3203700377222924,4.434300341296928,7.073895275731992,5.00467037901922,2.5867163642895634,6.740546973235135,6.786689419795222,5.274878749775462,2.330092509430573,6.387394467397161,4.856587928866535,4.263180348482127,2.0,5.160207472606431,4.924083887192384,7.650170648464163,4.670760732890246,5.50586042751931,7.864154841027483,8.477815699658702,5.47451499910185,3.260867612717801,2.0,2.330092509430573,5.042099970489362,44540,50.0,890.0,True,0,0.0,15,4,9,0,142.0
CC de Ventadour - Egletons - Monédières,epci,241900133,2.7146931549960662,8.087726199842644,7.714791502753737,10.0,5.0,5.952891424075531,7.824252557041699,7.124803304484658,7.38031077891424,8.422403619197482,8.89427616050354,6.058811959087333,2.4243705743509048,7.887883556254917,4.200236034618411,2.0,1.0,6.2073170731707314,7.115755310778915,6.624508261211644,3.779799370574351,3.4620377655389456,7.519964594807238,7.482887490165224,5.2320023603461845,3.324842643587726,4.273111723052715,1.0,5.668202764976958,10168,21.0,484.0,True,0,0.0,2,1,1,0,120.0
CA Bourges Plus,epci,241800507,3.627962477717492,5.137367400812399,5.369962692019209,4.259568084629696,8.629784042314848,4.276176467723239,7.049318617948743,5.04567548875403,2.107949619614452,6.820035262373489,8.040639398396634,6.809018205904986,5.657195180159557,4.422632209548116,6.136110813469837,5.036733262548827,7.196105553336775,6.586943180821945,7.178143173029155,9.051003808725977,7.2557203947048,7.1898810625468785,6.484653074742594,7.861707205408196,4.744698467742721,2.890657419222864,4.2389561558168305,7.653035778645808,5.955629803524289,102677,244.0,420.0,False,2,8.0,29,2,25,0,108.0
CC Fercher Pays Florentais,epci,241800457,3.254207877841402,7.092833593614437,5.515183064376193,9.0,6.0,3.428596217247961,6.796720458094742,7.669269477702586,5.741540864133264,6.077650529238244,7.2982821447162936,6.56880097171612,9.120423390595176,7.10385216033316,6.436751691827173,4.560211695297588,8.560211695297587,5.153565851119208,7.742755509283359,7.82821447162936,6.216120076349124,6.233905951761235,7.153392330383481,7.556047197640118,8.365174388339407,8.118167621030713,7.560211695297588,8.560211695297587,6.811153665005825,11526,49.0,235.0,False,0,0.0,1,1,1,0,116.0
CC Les Trois Provinces,epci,241800432,4.826721120186698,6.975495915985998,7.907234539089848,10.0,5.0,5.733372228704784,5.311162971606379,4.918514196810579,6.080707895760405,8.12193698949825,9.176196032672111,5.2386231038506414,8.352392065344224,9.752625437572929,8.003695060287825,9.411901983663943,10.0,3.35511474134578,3.2446518864255154,4.274990276157137,8.786075457020615,9.161804745235317,9.528004667444574,8.453325554259044,9.663360560093349,9.749124854142357,10.0,10.0,7.5366797243985095,5142,18.0,285.0,True,0,0.0,1,1,0,0,200.0
CC Le Dunois,epci,241800424,5.994801386296987,6.97880565182618,5.073980271927486,9.937216742202079,5.06278325779792,5.165822447347374,5.93921620901093,10.0,9.55425219941349,6.287123433751,8.49880031991469,5.456411623567049,10.0,8.319781391628899,6.031724873367102,2.49960010663823,7.4988003199146895,2.824180218608371,1.916022394028259,4.695681151692882,6.478938949613436,7.919754732071447,7.211943481738203,6.3400426552919225,7.949746734204212,6.865369234870701,7.99920021327646,5.998400426552919,6.589228586662606,7502,22.0,341.0,True,0,0.0,1,1,0,0,129.0
CC La Septaine,epci,241800374,5.590360326894502,6.716660475482913,4.928213224368499,9.0,6.0,5.150260029717682,7.1349368499257055,9.31825780089153,8.284361069836553,4.893759286775632,5.712017087667162,5.920412332838039,9.24851411589896,7.072343982169391,5.023681277860327,5.0,3.2544576523031203,3.194836552748886,3.696136701337296,5.8845653789004455,3.2540861812778603,6.098532689450223,3.321693907875186,6.060085438335809,4.731705052005943,5.284175334323923,2.75148588410104,1.7514858841010401,5.50989373275313,10768,27.0,398.0,True,0,0.0,2,1,1,0,66.0
CC du Bassin de Marennes,epci,241700699,5.724280901788028,5.45711324177248,4.985941953874061,5.0,6.0,5.33577351645504,9.629113760041461,5.379696812645763,5.2871210158072035,6.6785436641617,4.691046903342835,5.330979528375226,6.766260689297746,6.6949339207048455,8.19661829489505,8.76114278310443,8.508033169214823,3.268916817828453,2.072816791915004,6.9812775330396475,6.59639803057787,7.126781549624255,8.336810054418242,8.670640062192279,8.895050531225706,6.701671417465665,8.775783881834672,8.327351645504017,6.577860659682375,15436,82.0,188.0,False,0,0.0,11,1,5,0,167.0
CA Royan Atlantique,epci,241700640,5.89200206832694,5.851092485479623,4.268906552507846,2.0,5.112026359143328,4.221130605226133,8.881997138012723,4.951370266597722,2.9977993963371374,7.014742842025518,6.3349126372371,5.325581115694032,8.50033069180726,5.291249293522048,7.992303899758294,9.256857345566926,9.916112507365408,3.83318702726103,2.7385249942880505,7.402133262785748,5.9541961784052235,4.716158202960593,9.447383927175652,9.314686323789367,7.452326266549622,3.648973652881829,7.228033045130413,9.958056253682704,6.267931226411369,83164,118.0,704.0,False,1,1.0,45,4,15,0,288.0
CC de Gémozac et de la Saintonge Viticole,epci,241700632,7.900972222222222,7.087291666666666,5.035694444444444,4.0,4.0,5.639305555555556,8.699791666666666,7.140069444444444,5.587152777777778,4.250763888888889,2.778125,4.131944444444445,3.7911111111111113,6.266111111111111,6.280625,8.395555555555555,6.0,4.389583333333333,5.317986111111111,6.538541666666666,4.1490277777777775,5.13875,6.4153472222222225,6.685347222222222,8.01201388888889,6.023125,10.0,6.0,5.916222718253969,14400,54.0,266.0,True,0,0.0,22,0,1,0,114.0
CC de l'Île d'Oléron,epci,241700624,6.378287835574268,6.684096156457965,3.9305083978450814,3.0,6.0,4.035356965005207,10.0,3.1357236633618544,4.399520123138213,7.868169677214904,8.419937525465164,5.626239304631264,6.408121689528724,6.217076372855267,8.249535968128933,7.829055185839105,10.0,3.664901081986509,2.9008103580967903,7.206482864774322,5.718321336411789,4.289646430349948,10.0,10.0,7.6516365611843,3.248313640273439,6.2786002082484496,10.0,6.397869333798982,22091,128.0,172.0,False,0,0.0,21,1,10,0,255.0
CC Cœur de Saintonge,epci,241700517,6.541360347322721,6.102170767004342,5.538523878437048,4.0,4.0,4.46807525325615,9.124167872648336,7.590853835021708,6.086483357452967,4.072995658465992,2.391895803183792,4.20191027496382,1.0,5.657655571635311,5.672764109985528,4.0,6.0,3.2243125904486254,3.6609551374819103,5.7723878437047755,2.67027496382055,3.4232127351664254,5.563820549927641,6.764804630969609,6.564225759768451,5.426685962373372,7.0,4.0,5.018554889394252,17275,63.0,274.0,True,0,0.0,3,0,0,0,97.0
CC de l'Île de Ré,epci,241700459,5.11295067781944,5.264205364868762,3.7644649552927603,8.0,5.0,3.166137871358523,10.0,3.7336602249783675,2.8542255552350735,6.578079030862417,4.41528699163542,5.018517450245168,9.0,4.975425439861552,7.072627631958466,8.336313815979233,8.0,5.3003749639457745,3.4520334583213153,9.073781367176233,4.091145082203634,2.8272281511393134,9.805768676088837,9.54635131237381,4.592673781367176,1.413787135852322,5.0,9.0,5.8712513906629855,17335,206.0,84.0,False,0,0.0,21,0,9,0,260.0
CA de la Rochelle,epci,241700434,4.390675662302735,5.028995209183465,4.3600156007148385,2.328901488471188,7.328901488471188,3.4637545332301047,10.0,4.867778120579555,1.8518048513566219,6.96009011159168,6.618248179431506,6.59118559611612,2.51220406666395,3.4577296302979854,6.712137705414263,7.303433903613195,5.818816324867423,5.511848975766502,4.197238440627055,8.75420724501854,5.071536262930256,5.567452717609598,6.650450849016515,7.96509631112948,3.5024186929162275,1.557451960858505,2.5133974049258674,4.764691158236653,5.201802231833608,171809,520.0,330.0,False,3,3.0,80,3,14,0,119.0
CC du Rouillacais,epci,241600303,6.559149445941899,7.099930118798043,5.622042527702905,9.0,3.0,8.181092143356294,9.0,4.113007886592793,4.130478187081961,5.276030747728861,4.238794050114805,5.645003494060098,8.29539782369971,7.362184286712589,5.664071079165419,4.295397823699711,6.590795647399421,5.083058800039932,6.383248477588101,6.676050713786563,6.553758610362384,6.163821503444145,6.951781970649895,7.370270540081861,7.852051512428871,6.351801936707597,8.29539782369971,6.181591294798842,6.354864587344372,10017,34.0,294.0,True,0,0.0,2,1,1,0,124.0
CC du Pays de Salers,epci,241501139,6.679713211095439,9.157498824635637,4.907146215326751,7.0,4.296191819464034,5.053479078514339,4.664198401504466,7.339797837329572,7.116361071932299,7.194875411377527,7.023859896567936,5.4971791255289135,2.0,9.66631405735778,3.3105312646920546,3.0,2.0,2.7871415138692996,2.1142454160789845,3.966854724964739,5.355547719793136,5.517865538316879,9.285731076633757,7.792313117066291,9.057005171603198,8.716737188528445,2.0,3.0,5.553592417220768,8508,13.0,654.0,True,0,0.0,3,1,3,0,232.0
CC Cère et Goul en Carladès,epci,241501089,6.097392013039935,8.11002444987775,5.089445802770986,9.0,5.0,3.411369193154034,3.0969845150774247,5.919315403422983,4.5079462102689485,6.636511817440913,6.149755501222494,4.748166259168704,7.0,9.267929910350448,2.7049714751426244,1.0,1.0,2.588834555827221,1.8775468622656886,4.4286878565607175,4.656479217603912,6.307660961695191,8.79523227383863,7.115321923390383,8.13875305623472,7.643235533822331,2.0,1.0,5.117555885434859,4908,20.0,245.0,True,0,0.0,2,0,1,0,168.0
CC Sumène - Artense,epci,241501055,6.462565569861707,8.754649499284692,3.0903671912255604,10.0,4.0,5.093586075345732,7.016452074391989,3.770505484024797,4.466857415355269,7.844897472579876,8.590247973295183,5.389604196471149,7.0,9.226514067715785,3.6706008583690988,1.0,5.0,3.9791368621840726,2.976275631855031,6.953624225083453,4.55066762041011,5.732236528373868,9.30937052932761,8.79411063423939,9.325584167858846,8.993681449690033,6.0,5.0,6.142554840247974,8388,25.0,335.0,True,0,0.0,2,2,0,0,208.0
CC du Pays de Mauriac,epci,241500271,5.98415071770335,8.91252990430622,4.177482057416268,10.0,4.0,5.24372009569378,6.086722488038277,4.8485346889952154,7.333582535885167,7.271381578947368,8.322368421052632,4.05023923444976,1.0,9.036931818181818,3.3860645933014353,1.0,1.0,3.2559808612440193,2.7535885167464116,5.93450956937799,5.031848086124402,7.71261961722488,8.857206937799043,8.122906698564593,8.741477272727273,6.876794258373206,4.061602870813397,2.061602870813397,5.537994489063569,6688,29.0,230.0,True,0,0.0,2,0,1,0,180.0
CC du Pays Gentiane,epci,241500255,6.341221712764384,9.73568998668836,5.0,10.0,3.6596657299216093,5.0292856086377755,6.850170093181482,4.227037420499926,6.9934920869693835,8.241236503475816,9.215056944239018,5.245082088448455,2.6315633781984915,9.919686436917615,3.356604052654933,1.3684366218015087,2.0,3.316817038899571,1.7259281171424345,5.976334861706848,4.461470196716462,5.141547108415915,9.662475965093922,8.461470196716462,9.10693684366218,8.35778730956959,2.0,2.0,5.715178439368649,6761,14.0,482.0,True,0,0.0,5,2,1,0,251.0
CA du Bassin d'Aurillac,epci,241500230,6.625378040762656,5.9110735418427724,4.157584296045835,2.958993143608528,6.438489715412793,5.560552268244576,1.3340847187001033,3.109157509157509,1.6327604019911712,6.215966939043862,6.755405278482201,5.964797595566826,2.0362543439466516,4.594383394383394,3.874161735700197,2.4770357847280926,2.6053160514698974,4.118211702827088,2.0428665351742277,7.269390438621208,5.193594439748286,6.266140696909928,7.029923922231615,7.686146332300178,5.219554804170189,3.4857706396167933,2.8827087442472057,4.769193199962431,4.579103436246293,53241,107.0,497.0,True,1,2.0,10,1,3,0,123.0
CC Terre d'Auge,epci,241400878,7.228233570531603,6.254028882377564,4.571944328170782,9.0,4.0,5.62039556299707,4.878871912934282,5.48801799916283,3.7152051067392216,4.414190037672666,5.46970489744663,4.710652992884052,6.969861866889912,5.246755964838845,4.1596902469652575,2.969861866889912,3.727396400167434,3.181718292172457,2.7886144830473003,5.221693177061532,3.013604018417748,3.211490163248221,6.471117622436166,6.252668480535789,6.508580996232733,5.062578484721641,4.727396400167434,3.242465466722478,4.932383543622556,19112,58.0,329.0,True,0,0.0,5,1,4,0,112.0
CC Cœur de Nacre,epci,241400860,2.8604181565773423,5.0,3.903832400824534,8.0,6.0,5.529047999663455,1.899667662277565,3.1482899331117746,1.6557570148500274,6.274578267637037,5.56165075091498,5.175213495435615,7.9559547347608435,4.535147869252451,5.254469732026418,3.5520171637709814,5.146607210466535,2.914770098018594,1.4346472592654915,6.259559968028269,3.3729334062513145,2.7704345631231333,7.513566951327247,7.570947793529932,3.799713937150309,1.7995035968196542,4.471667157460772,3.7897017374111313,4.541074959284122,23771,389.0,61.0,False,0,0.0,4,1,3,0,151.0
CC de Bayeux Intercom,epci,241400555,5.371576832942752,5.1956812855708066,6.364680281218614,1.0,2.0,5.896317375292936,5.003615667894208,4.102376966856378,5.196283896886508,5.871677268162036,8.659055908938734,5.714797455641111,6.742484097756947,4.635018413123535,5.812855708068296,5.189286909943086,9.435621024439238,3.0170739872782057,1.1150987612989622,6.099598259122866,5.684934717107466,7.8517241379310345,7.1740542350184136,7.65929025778373,6.322497489119518,4.553967191161701,8.871242048878473,8.871242048878473,5.693287579511216,29875,149.0,200.0,False,0,0.0,4,1,3,0,128.0
CC du Pays de Falaise,epci,241400514,5.979710561281287,5.859661722986318,5.874420943010019,3.0,5.741587962796711,6.368370021905411,5.289151434624915,4.143785686070313,4.2753258878873845,4.858297123568068,7.974790821273387,5.596473587819155,7.647035587316408,5.26584551298165,5.2433296225805295,4.0,6.870793981398355,3.1823176643803643,2.7080834560275795,5.157216217186771,4.77972492548569,6.543182389485402,5.469960857543003,6.882033971343413,7.1316479333500915,8.234818831471971,7.870793981398355,6.161058641864474,5.646764975965609,27849,56.0,497.0,True,0,0.0,7,3,5,0,87.0
CC Cœur Côte Fleurie,epci,241400415,6.449506674405107,6.065970207003289,5.6098374927452115,4.0,5.0,5.644031727606888,3.9393983362352487,6.248935964403173,4.315534919713678,8.776649255175082,9.119849100406269,6.984281292319598,5.353840201199458,6.439688527761656,7.445347262526601,7.061955890887986,9.400947958986265,5.177790675178952,3.385906364867479,8.505223447475334,5.679096537047785,3.649883923389437,9.39649835558135,9.39098471657961,6.650657767459857,2.8308667053588703,8.624105242793577,8.624105242793577,6.420389063925048,20676,173.0,119.0,False,0,0.0,3,1,2,0,245.0
CA d'Arles-Crau-Camargue-Montagnette,epci,241300417,6.411110048533244,5.596026490066225,7.528510292394865,7.18161713725584,9.791522222487867,6.980622564372295,4.298598991082315,7.023931910010281,7.44783273961795,6.25190666316016,8.067922633705502,7.135020441341717,9.066021947545844,4.6249193104932225,6.773674898988691,9.837963516388935,5.02054892772611,7.671599684414374,9.6517321347455,9.760931933918283,7.911624070576422,5.403865923924737,6.629210796853707,8.220527410524303,5.988440481029,3.7403112821861475,7.475697515958592,8.417876013101585,7.139627427942989,83669,58.0,1442.0,True,4,8.0,16,1,8,0,103.0
CC Vallée des Baux-Alpilles (CC VBA),epci,241300375,6.0128246578295075,7.342098645687394,5.766605596867478,6.353019362718684,7.0,4.7269102273951935,2.229873908826382,5.888673348421166,4.323526242051945,5.603692926680318,5.209433487804002,5.488917627617918,4.035025326004957,5.4310450120343425,6.278765671588174,7.47447641628049,8.632467579121313,6.3671731867658155,7.412508531810181,8.689513956245285,3.7618637065775764,2.187196896217265,8.151524948809138,8.666451126198943,3.812192405790854,1.5298343930739664,3.238279987067572,7.460645902934942,5.681233609943599,27839,86.0,323.0,False,0,0.0,2,2,0,0,155.0
CC de la Muse et des Raspes du Tarn,epci,241200914,6.986834986474301,8.955275022542832,5.0391343552750225,10.0,7.0,7.105139765554553,2.81965734896303,9.11722272317403,7.877547339945897,6.191163210099188,5.20595130748422,4.051577998196573,1.0,8.817673579801623,4.4164111812443645,5.0,2.0,4.7377817853922455,3.4405770964833184,7.151487826871055,5.680793507664562,4.5076645626690715,8.66311992786294,7.349684400360685,5.897385031559964,4.673940486925158,1.0,2.0,5.595929408733737,5545,12.0,462.0,True,0,0.0,1,1,0,0,163.0
CC Larzac et Vallées,epci,241200906,6.568350057575259,8.48494818226682,3.98963645336404,10.0,7.0,8.056259253166639,4.048692219114986,6.394966277348248,5.327356473104129,6.99901299555848,7.100180950814279,4.064484290179306,3.0,9.238690574107583,4.839118276032242,9.0,1.0,6.368152656686955,4.6418818884684985,8.443493995722982,4.173219279486758,3.4533640401381804,6.646652409935845,6.012337555519,6.734166803750617,2.7205132423095906,10.0,1.0,5.903767066951801,6079,9.0,675.0,True,0,0.0,1,1,0,0,148.0
CC Aveyron Bas Ségala Viaur,epci,241200807,6.67438520911865,9.120265661461138,5.340692873810806,10.0,7.0,2.490217196194579,4.345180398492191,8.218991204451624,10.0,6.053491294202118,5.279842039131215,4.190271046490755,3.0,9.229940764674206,4.831807574941662,2.0,7.0,6.471549093520014,7.471908095494525,7.767546221504218,5.064620355411955,3.8420391312152216,9.216119188655538,9.582839705618381,7.378747083108957,5.0,1.0,5.0,6.163230504910634,5571,21.0,265.0,True,0,0.0,1,1,0,0,196.0
CC de Lévézou Pareloup,epci,241200765,6.661054994388328,8.441825664047887,5.209128320239431,10.0,7.0,5.126636737747849,2.0460157126823795,9.42068836513281,9.406846240179574,6.008043396932286,4.105686494575384,3.7138047138047137,1.0,9.483164983164983,1.7772166105499438,3.0,1.0,4.023943135054246,3.6503928170594837,7.373737373737374,4.681631126075571,4.086793864571642,8.746539468761691,9.179760568649458,7.390198279087168,7.332210998877666,1.0,1.0,5.423761423761425,5346,10.0,534.0,True,0,0.0,4,3,0,0,169.0
CC du Plateau de Montbazens,epci,241200674,5.59285134037368,6.69374492282697,5.913241267262388,10.0,7.0,2.9317627944760356,5.2250203086921205,6.0445166531275385,9.944110479285134,5.804711616571892,6.067587327376117,4.643216896831844,6.0,7.7951259138911455,3.1878147847278635,2.0,1.0,4.340373679935012,5.0,6.435418359057676,3.663850528025995,4.946872461413485,8.506904955320877,8.535824532900081,6.167993501218522,5.212347684809099,1.0,1.0,5.3804746431472665,6155,32.0,192.0,True,0,0.0,0,0,0,0,140.0
CC du Pays de Salars,epci,241200658,7.316662446188909,8.46201570017726,4.806659913902254,10.0,7.0,4.804380855912889,2.0826791592808305,7.582172701949861,9.729171942263864,4.624461889085844,3.177766523170423,4.048873132438592,1.0,6.767282856419347,1.3475563433780704,1.0,1.0,3.002532286654849,1.1947328437579134,6.163965560901494,2.7625981261078754,4.258040010129147,6.017346163585718,6.7075208913649025,4.987845024056723,4.480628007090402,1.0,1.0,4.511603299207756,7898,29.0,272.0,True,0,0.0,1,0,1,0,101.0
CC Conques-Marcillac,epci,241200641,6.378876292097366,8.347699233077693,4.706152050683561,3.0,3.0,4.389796598866289,3.3988829609869957,6.436812270756919,9.808769589863287,5.046598866288763,3.7883461153717906,4.8527009003001,3.0,6.637045681893965,2.198982994331444,1.0,1.0,4.382127375791931,3.8470323441147047,6.943647882627543,3.392380793597866,4.262754251417139,7.603867955985328,7.712904301433811,4.637129043014338,2.9589863287762586,2.0,1.0,4.490410493974181,11996,28.0,428.0,True,0,0.0,4,1,3,0,124.0
CC du Pays Rignacois,epci,241200625,5.964836742016505,8.566738428417654,5.553103695730176,10.0,7.0,5.1101542877646216,4.251704341585935,6.863832077502691,10.0,5.217976318622174,3.556871187656979,3.1255830642267672,1.0,7.335306781485468,2.4070685324721923,1.0,1.0,4.3446358091137425,4.551130247578041,6.752242554718335,4.889307499102978,9.293505561535701,6.792070326515967,8.104951560818083,4.630426982418371,3.922676713311805,1.0,1.0,5.11550438259265,5574,34.0,163.0,True,0,0.0,1,1,0,0,102.0
CC de Millau Grands Causses,epci,241200567,6.431464860287892,6.535580016934801,5.303268416596105,4.0,8.745029635901778,5.510889077053345,1.2845385266723115,5.121727349703641,1.958475867908552,6.596680779000847,9.278103302286198,6.546756985605419,8.0,4.653954276037257,5.568060965283658,5.0,7.745029635901778,6.5592209991532595,6.595122777307367,9.226858594411516,6.862353937341236,6.5164436917866215,7.271532599491956,8.404403048264182,4.741710414902625,2.302895850973751,3.745029635901778,8.745029635901778,6.044648602878916,29530,57.0,517.0,True,0,0.0,8,3,3,0,131.0
CC du Réquistanais,epci,241200542,6.548210922787194,9.499058380414313,4.012806026365348,10.0,7.0,5.5177024482109225,2.0559322033898306,8.044444444444444,9.031261770244821,6.237664783427495,4.37532956685499,2.611487758945386,2.0,8.62391713747646,3.1564971751412427,3.3753295668549907,1.0,4.574199623352166,4.34632768361582,6.064595103578155,7.925988700564972,4.983992467043315,9.761393596986817,8.637476459510358,7.853107344632768,6.6354048964218455,1.0,1.0,5.566861716437988,5310,17.0,312.0,True,0,0.0,1,1,0,0,204.0
CA Rodez Agglomération,epci,241200187,4.94733354822535,5.61634611940833,5.789853515275241,1.8708140825901651,6.306221123885248,4.49994627699581,1.0896278786576412,4.763565058558075,9.523835106192472,7.321854518104653,6.612298986425988,5.6820851688693095,1.417427742559364,3.0744242684717595,3.8984993374162817,1.2656602557215,1.4354070412950826,6.088052003868056,5.196339672647828,8.927241144658142,4.771927939543713,6.077396941370295,5.855055334694316,7.265302102360231,2.909494645607249,1.4925862254217255,1.113892768883636,2.2870241037212136,4.539268318265309,55851,269.0,207.0,True,1,3.0,23,4,16,0,107.0
CA Le Grand Narbonne,epci,241100593,6.247359418266613,5.875729659658354,7.228911781174973,7.0,10.0,6.158151094201842,1.0933197309176261,4.7064716305256615,3.2962974326718775,6.659689036504077,7.3443303239267,6.916935774608994,8.87553022574385,4.926976505150765,8.561575221103176,9.929730227277958,9.155589135453981,6.64179367794491,7.414178217214215,9.040975998895442,8.552178815515958,7.741495294126671,7.5980639569222745,8.511586343379177,5.45523092146139,2.5926408885547945,6.870321932361221,9.855740244996893,6.937528696019977,130387,139.0,937.0,False,3,3.0,26,6,3,0,132.0
CC de l'Orvin et de l'Ardusson,epci,241000488,3.6552416971989126,6.481385179056849,3.081668833471221,10.0,6.0,5.000236378678643,1.680416026474412,6.2154591655832645,4.4525469802623805,4.563526769885357,4.043611866209668,5.233542134499468,4.461056612693535,7.475712090769413,6.833234842217232,10.0,5.0,3.401252806996809,2.9938541543552772,5.544852854272545,3.751920576763976,2.8616002836544143,5.540952606074932,6.278099515423709,7.842335421344995,9.334121262262144,6.0,5.0,5.4545224306481845,8461,19.0,445.0,True,0,0.0,2,1,2,0,88.0
CC du Pays d'Othe,epci,241000447,5.239353514622883,8.234735761929194,5.789635710620831,10.0,9.0,5.50910723447922,1.1005643919958954,6.430861980502822,6.7097229348383784,5.892380708055413,5.909953822473063,5.613134940995383,9.454976911236532,8.354540790148794,7.527706516162135,8.909953822473064,10.0,3.7564135454079013,3.008081067213956,5.441508465879939,5.653283735248846,4.0,7.505772190867112,7.981015905592612,8.316316059517701,6.659055926115957,10.0,10.0,6.857074140584914,7796,24.0,324.0,True,0,0.0,3,1,3,0,116.0
CC de la Région de Bar-sur-Aube,epci,241000405,4.87056593555375,7.6114270240996476,7.271955952703313,9.0,7.0,5.762162650058669,1.2130156151277192,3.7921292535427384,2.3436230706742487,7.742034479646177,9.41041610253633,6.43722357613503,10.0,8.110298763426302,6.491019045040166,7.74817221770918,9.437043054427296,6.632548063904684,9.369257153172668,6.920660709450312,7.294340644462497,6.102626590847549,7.979149742756566,7.6707284050907125,9.033125733369438,7.881397238017872,7.311129163281884,10.0,7.158430363751241,11081,31.0,357.0,True,0,0.0,2,1,1,0,148.0
"CC Forêts, Lacs, Terres en Champagne",epci,241000223,4.243421052631579,6.244736842105263,3.959795321637427,10.0,9.0,5.427777777777778,2.0834795321637425,8.757456140350877,7.494005847953217,3.5760233918128654,2.9216374269005847,5.984502923976608,7.0,7.286695906432748,5.348830409356725,4.0,4.0,2.9546783625730995,3.0276315789473682,4.3087719298245615,3.7739766081871347,3.1014619883040937,4.594444444444444,5.9944444444444445,6.01812865497076,6.639181286549707,3.0,3.0,5.133610066833752,6840,21.0,325.0,True,0,0.0,1,1,0,0,80.0
CC du Pays d'Olmes,epci,240900464,2.830082445204102,6.98780079093773,8.401903612842684,7.0,7.0,5.22796434077351,1.3301159595147127,4.595214156444802,4.389972518265299,7.589583752262216,7.9934311951203165,6.812923118171459,10.0,7.799182250821101,9.092164354179234,10.0,10.0,7.153093370869361,8.377773309203029,8.492794423218715,9.039680943762987,7.600375360278839,9.419129968496549,8.978282726724311,9.210670956498426,8.452309136001073,10.0,10.0,7.634801738913945,14921,45.0,331.0,True,0,0.0,5,1,4,0,201.0
CC du Pays de Tarascon,epci,240900431,8.477871883573899,8.590122867708457,7.904688059167363,10.0,8.0,4.536919957055947,1.314565191458905,4.161398067517595,2.6152928545866634,7.632947632112609,9.377669092210425,6.088870332816414,2.638792794942145,7.725515925086484,7.283072885601813,9.361207205057855,8.72241441011571,7.695216509602767,9.856614577120363,8.663008469521651,6.968149827030896,5.319456041989741,8.607181200047716,8.028032923774305,7.249671955147322,4.371704640343553,6.72241441011571,8.083621615173566,6.999872190317139,8383,37.0,226.0,True,0,0.0,1,1,0,0,165.0
CC de l'Argonne Ardennaise,epci,240800920,3.21750986307728,7.294557902065445,6.608145741471339,6.0,8.0,7.065618472963565,2.5129380366674403,6.1395915525644,6.980505917846368,6.434961708052913,8.503249013692272,5.564051984219076,7.006498027384544,8.979983754931538,6.424750522162915,1.748375493153864,8.503249013692272,2.7949060106753305,2.867312601531678,3.1019378045950337,7.299953585518682,9.371083778138779,7.345787885820376,5.247853330239034,8.642434439545138,9.157055001160362,8.503249013692272,8.503249013692272,6.422100338162649,17238,14.0,1231.0,True,0,0.0,3,1,2,0,130.0
CC des Crêtes Préardennaises,epci,240800862,5.065796703296703,6.660439560439561,5.453021978021978,5.0,6.0,7.119917582417583,3.83246336996337,6.553891941391941,5.005906593406594,4.856684981684982,4.789423076923077,4.722893772893773,4.0,7.850824175824176,5.719368131868132,6.0,5.0,2.474587912087912,1.9370421245421245,3.6579212454212455,6.150137362637363,6.053571428571429,5.294826007326007,5.106959706959707,6.804258241758242,6.447069597069597,8.0,4.0,5.3413216248037685,21840,21.0,1040.0,True,0,0.0,4,3,2,0,86.0
CC des Portes du Luxembourg,epci,240800847,3.9519609308815467,7.2646135446255045,6.4558229929735385,6.0,10.0,5.788608162655105,2.0124084317536255,5.012258932575871,3.9001345492599793,5.53919370110131,7.54113719041212,6.267753027358349,9.887078287736085,8.236707031444661,7.490656301390342,7.338765136791747,10.0,5.377734589126426,6.038271789505158,6.744755070513778,6.820949818109334,5.340608959984054,5.731200478397369,6.924253749937709,8.63208252354612,9.571834354911047,8.808641052474211,9.14351921064434,6.8507482077896205,20067,38.0,528.0,True,0,0.0,11,2,10,0,92.0
"CC Ardenne, Rives de Meuse",epci,240800821,6.833145687908129,8.00622982811679,9.008969451324777,7.0,10.0,5.260414321098851,2.901823913532988,2.3159198378743526,1.8393379869398785,6.805111461382571,7.756361179914434,6.486864820235683,9.601328529610448,7.222134654357127,8.841965022892742,9.708474067402237,10.0,8.59975230803873,9.929970727313668,9.596487277640172,7.923815957366959,6.4087667942655555,6.270472115889815,7.9649478345717935,8.469526382946784,9.005854537266382,8.307926142760639,10.0,7.573771458594696,26649,96.0,277.0,False,0,0.0,9,4,3,0,104.0
CC du Rhône aux Gorges de l'Ardèche,epci,240700864,8.689615059221659,8.408523688663282,6.681577834179357,5.0,6.0,6.438663282571912,3.0594331641285955,4.753754230118443,3.4587034686971236,5.845177664974619,4.302664974619289,5.479801184433164,3.3828257191201354,5.8049915397631136,8.28743654822335,9.501639170896786,9.803828257191201,7.0889382402707275,8.070378595600676,8.907889170896786,5.146150592216582,3.9412542301184432,6.8362415397631136,6.7254653130287645,5.979906937394247,4.006609560067682,5.561653976311336,9.182741116751268,6.298066609257915,18913,71.0,266.0,False,0,0.0,4,2,1,0,105.0
CC Berg et Coiron,epci,240700815,8.621635544108178,8.640952994204765,5.009529942047649,10.0,9.0,4.219317450096587,3.5813264649066325,8.390341274951707,5.717836445589183,6.081519639407598,5.190727623953638,6.181841596909208,8.148615582743078,6.707405022537025,7.124275595621378,3.4685125563425627,8.0,5.480103026400515,5.722472633612363,7.447005795235029,5.29143593045718,6.524919510624597,6.044816484224082,5.903412749517064,4.351835157759176,3.602704443013522,3.9143593045717964,8.0,6.298817956029803,7765,35.0,221.0,True,0,0.0,1,1,0,0,102.0
CC du Val d'Ay,epci,240700716,8.852698839751135,8.464940306036658,6.122246510845804,8.0,3.0,4.32739196233395,2.2856902639986547,6.401715150496049,3.7844291239280308,4.068606019841937,4.1446107280982005,4.277114511518413,1.0,6.5688582478560615,4.793845636455355,7.0,5.0,2.587354968891878,1.442912392803094,5.031108121742055,1.9561123255422903,3.6465444762064907,6.046073650580125,6.426937951908525,6.793677484445939,7.132335631410795,2.0,2.0,4.755543010881836,5947,40.0,148.0,True,0,0.0,1,1,0,0,111.0
CC Val de Ligne,epci,240700617,8.886270659466536,8.381770577646867,5.73130420553101,10.0,9.0,3.7029945999018166,5.695467190312551,2.905907380134184,1.5655375552282769,8.100474554082801,9.830960562919326,6.829978726885943,9.0,7.056782850597283,9.090165275732286,10.0,10.0,7.198658157421044,8.464735722467681,9.081328751431844,7.419243986254296,7.589428898707249,8.445917198494518,8.325642284405172,6.83128784159712,3.644575355915562,10.0,10.0,7.599229726254762,6111,65.0,94.0,True,0,0.0,1,1,0,0,150.0
CC du Pays Beaume-Drobie,epci,240700302,8.406380340435126,8.155112163228498,6.240446398376733,10.0,9.0,3.720662833953331,6.5342126028632626,3.3317551572539736,3.5503325442452938,7.049148912185774,7.381580430616616,6.606808702513809,10.0,7.145192199301094,8.522376282268064,10.0,10.0,7.036298049825273,7.187464772855371,8.31304249802728,7.470183744786382,6.310111599594183,9.101454176530266,7.715477398264007,6.001127268628114,3.192537481681885,7.0,10.0,7.320418055622655,8871,31.0,286.0,True,0,0.0,3,2,1,0,160.0
CC du Pays des Paillons,epci,240600593,8.366729748784742,7.779806300790382,5.152992689895729,2.0,9.0,3.9359902037181342,3.4726706000222642,3.770640840105384,1.8797729043749305,4.337674867342017,3.029685702623474,6.192177817358715,8.345838435563472,5.3255037292663925,5.322646480388883,5.3445025789454155,7.621581505807265,5.9333555976103005,6.641916212104345,8.200489814093288,4.336784296263312,5.328732049426695,6.081487253701436,6.801476863705518,6.016178707929793,3.8235927121600057,6.794500723589001,6.621581505807265,5.623511076477791,26949,125.0,215.0,False,1,6.0,2,1,2,0,114.0
CA de Sophia Antipolis,epci,240600585,5.055267185920282,6.166631836384278,4.325096442227858,4.870397460590006,3.305757163271185,5.725533609339787,2.787606820710651,2.485430587012635,1.2780190794638773,6.926302887901089,6.905489440776282,6.699207564007704,3.7132206338358307,3.201379279182599,6.402210687436812,7.820371761489757,5.2492304390310025,8.718806658043817,9.866347734243062,9.91283204084745,4.369756395122255,4.320131714948969,6.603426170156284,8.36728250371366,2.835796869793108,1.3122864291806222,1.9907200831408254,5.133110042982451,5.226701768598361,177074,364.0,486.0,False,1,2.0,34,1,21,0,120.0
CA de la Riviera Française,epci,240600551,5.64208119698589,7.340616079762984,6.077327885929193,6.010186826120483,4.0,6.416604661859603,4.93946076110337,4.517377129019603,2.0954964217589525,7.44713808357797,8.499032725009808,7.0198054627362385,5.505688659208052,4.2880314939325475,6.128356714782397,6.619786523086081,4.297798942085255,9.352561587683816,9.882317130913567,9.952028571815095,5.906925147796913,4.886686778771358,6.812646274976664,8.771601347420825,5.089300450493107,2.899606325843153,1.756963703513305,4.18633910090775,5.940777356681927,73931,112.0,659.0,False,0,0.0,8,3,5,0,128.0
CC du Pays des Ecrins,epci,240500462,6.934923750566209,9.83723388192662,8.194926770345765,9.0,5.0,6.890834969047259,8.0,7.365242337309376,9.91861694096331,6.6122603049977355,6.247923901555186,3.3783783783783785,1.0,8.958478031103729,2.7338064321304545,1.0,2.0,7.203231164125019,7.517439226936434,8.95621319643666,3.8828325532236145,2.5142684584025368,6.091952287483013,6.473954401328703,3.7732145553374603,2.035331420806281,2.0,1.0,5.518609391514419,6623,12.0,551.0,True,0,0.0,4,2,1,0,107.0
CC du Briançonnais,epci,240500439,7.112436028659161,8.429273285568065,5.425230296827022,9.0,5.0,5.207420675537359,7.945189355168885,2.848055271238485,7.744524053224156,7.375025588536336,8.815353121801433,6.47978505629478,9.134186284544525,5.983879222108495,2.4349539406345957,1.0,1.0,5.893295803480041,4.7851586489252815,8.822057318321392,4.641197543500512,6.667860798362334,6.05,6.813664278403276,3.0083930399181167,1.7937052200614125,1.567093142272262,3.134186284544524,5.503997294926159,19543,22.0,888.0,True,0,0.0,4,2,1,0,111.0
CC Pays Forcalquier et Montagne de Lure,epci,240400440,6.527281896116994,9.168431669188099,7.495511850731216,10.0,9.0,4.62773575390822,8.0,5.625516893595562,4.940998487140696,8.578920827029753,9.935350479072113,7.375693393847706,10.0,8.520423600605143,8.21583459404942,9.511245587493697,9.0,7.459304084720121,8.047201210287444,9.258194654563793,8.167826525466465,8.225315179021685,8.896520423600606,8.534241048915785,4.102672718103883,1.037014624306606,6.0,9.0,7.687544125063036,9915,31.0,319.0,True,0,0.0,1,1,0,0,151.0
CC du Pays d'Huriel,epci,240300657,6.674191824739514,7.582019770237777,4.842372428533262,10.0,9.0,3.8183275447502005,2.4201175527651615,6.947902751803366,5.323804434945231,5.583088431739246,5.383916644402885,5.214266631044617,7.6470745391397275,7.958856532193428,5.193828479829014,6.235372695698637,4.0,4.5885653219342775,4.3076409297355065,5.748730964467005,5.208388992786535,4.875901683141865,7.055436815388726,8.085893668180605,7.611942292278921,6.896740582420518,9.0,3.0,6.078727911148429,7486,19.0,394.0,True,0,0.0,1,1,1,0,122.0
CC du Val de Cher,epci,240300566,6.9356060606060606,7.582070707070707,4.667388167388167,10.0,9.0,2.5279581529581527,2.155663780663781,6.116883116883117,4.258477633477633,5.568181818181818,6.208152958152958,5.309343434343434,9.0,7.156926406926407,5.438311688311688,7.0,5.0,4.863636363636363,5.345238095238095,6.992243867243867,4.742604617604617,4.153499278499279,7.024891774891775,7.222582972582972,7.704004329004329,7.328643578643579,7.0,4.0,6.082225314368172,5544,29.0,191.0,True,0,0.0,3,1,0,0,131.0
CC du Pays de Tronçais,epci,240300558,7.646720214190093,7.6657295850066935,4.426506024096385,10.0,8.684605087014726,4.765461847389558,3.074431057563588,6.055153949129853,5.856894243641231,8.291967871485944,9.196385542168676,4.4313253012048195,2.0,9.554618473895582,6.910977242302543,9.0,9.0,5.43239625167336,6.232931726907631,6.661579651941098,7.860910307898259,7.213520749665328,9.257295850066935,9.289692101740295,9.34631860776439,7.229986613119143,10.0,9.0,7.288764582138076,7470,15.0,498.0,True,0,0.0,3,1,0,0,217.0
CC du Pays de Lapalisse,epci,240300491,7.192375781895432,7.483299893780243,5.109524371533105,10.0,6.0,6.380266729611708,5.689720287973563,6.1615720524017465,5.731500059010976,6.241000826153664,7.30237224123687,5.528974389236398,7.741413902985955,8.762067744600495,6.490499232857312,5.887879145521067,7.112120854478933,4.186592706243362,3.41284078838664,6.407529800542901,5.5655611943821555,5.507730437861442,7.9825327510917035,8.29434674849522,9.007435382981235,9.365513985601321,9.370706951492977,4.482827805971911,6.728507359511728,8473,25.0,338.0,True,0,0.0,1,1,0,0,137.0
CC des Portes de la Thiérache,epci,240200634,2.826018132105339,6.248668873219168,4.114836667146352,10.0,10.0,6.02244927327673,5.749028637213987,7.8661677939271835,6.910922434882717,5.971794502806159,7.755216577924881,5.979709310692186,6.0,9.27039861850626,8.647719096272844,10.0,10.0,2.428982587422651,2.500503669592747,3.6032522665131674,8.205065477047057,7.9936681536911784,6.332565836811052,6.245071233270974,9.51187221182904,10.0,10.0,10.0,7.149425405505418,6949,26.0,267.0,True,0,0.0,8,1,1,0,109.0
CC des Trois Rivières,epci,240200600,2.7607370659107016,6.573730214977557,8.169147176943067,7.0,10.0,5.971037089534609,6.305598866052445,4.00429955114576,3.1592723836522563,6.665579966926529,8.701866288684148,6.589369241672572,9.57462792345854,8.12747460429955,8.887786439877155,9.57462792345854,10.0,3.8676116229624378,2.746090243326246,6.5603590833923935,8.488778643987716,8.698133711315851,5.78417198204583,7.029482636428066,9.340089770848099,9.676399716513112,10.0,10.0,7.2948668624076145,21166,60.0,352.0,True,2,6.0,25,1,13,0,91.0
CC du Chemin des Dames,epci,240200592,2.855662606798764,7.299036538811126,4.657698600254499,10.0,10.0,7.8243955644428285,3.1247045991637883,5.642974004726414,4.71568805671696,3.9400109071077987,2.8516633339392836,3.998545718960189,1.0,7.328849300127249,6.4684602799491,7.0,6.0,2.4793673877476823,2.293582984911834,3.026722414106526,4.7578622068714775,5.567169605526268,4.670968914742774,2.8220323577531357,7.0,8.757680421741501,7.0,4.0,5.252966993014257,5501,30.0,183.0,True,0,0.0,5,1,4,0,78.0
CC du Canton de Charly-sur-Marne,epci,240200584,3.1551976573938507,7.106563116684703,4.9577312368705835,9.0,6.0,5.208542873511999,2.7398306703163793,5.28505952002037,5.920236806925966,5.052008402826405,4.763765994016169,5.330893118594436,6.661276974982494,7.355401362276402,6.816792921255331,3.194601820612388,8.834680756254377,6.9710993697880195,7.8080718059711,9.001464128843338,4.2228022152905975,3.020879750461519,4.610541727672035,5.280157871283977,7.434337004265071,7.92061875358075,6.495957731236871,8.165319243745623,6.011208315524312,15709,66.0,238.0,False,0,0.0,5,1,1,0,81.0
CC de la Champagne Picarde,epci,240200576,2.634524094941261,6.076768161112443,4.76163989450971,10.0,10.0,6.869815391992328,3.819180052745145,6.051786142411892,4.967489810596979,4.1022296811316235,5.429393430831935,4.6308798849196835,2.6497242867417885,7.57487413090386,6.097242867417886,6.216878446415728,7.195061136418125,2.7900743227043874,1.9540637736753776,4.982066650683289,5.093263006473268,6.588156317429873,3.921409733876768,5.248189882522177,6.997698393670583,7.900647326780149,6.6399904099736275,6.195061136418125,5.621003870260644,20855,35.0,595.0,True,0,0.0,9,3,2,0,72.0
CC du Canton d'Oulchy-le-Château,epci,240200519,2.455173635719348,7.389085754783841,4.646881644223955,10.0,7.0,9.444365698086463,4.2958894401133945,9.194188518781006,7.295357902197023,3.416017009213324,3.0,4.229447200566974,2.0,7.998582565556343,6.553153791637137,9.0,6.0,3.733876683203402,5.855067328136074,3.548901488306166,5.0113394755492555,4.770552799433026,3.7276754075124026,4.728206945428774,7.398476257973069,8.289865343727852,8.0,4.0,5.82078946036246,5644,24.0,235.0,True,0,0.0,4,1,0,0,75.0
CC du Val de l'Aisne,epci,240200501,2.498520564158201,6.628809547292632,5.54369267186113,10.0,4.0,6.4002367097346875,3.0709142913502316,5.730841305848703,4.00054245980866,3.4180392543643356,3.497189071900582,5.3805108985107015,4.662491369957589,6.743021994279514,6.771772364138475,8.054443238978203,7.0,3.492553506262945,3.4521155932537724,5.082355261860144,4.775421639214913,3.7527862708353883,4.4668113226156425,4.919518690206135,7.155192819804714,7.339678469277049,8.22083045665253,6.0,5.4306532061488175,20278,51.0,397.0,False,0,0.0,6,1,2,0,79.0
CC du Pays du Vermandois,epci,240200493,2.413551926593731,5.5913888799769005,7.599794667778883,6.0,9.18207193044371,5.300458789181558,1.6936058263017741,7.170810741441818,6.815457666270975,4.605056305945009,5.318617857486605,5.8505566428181845,8.553562834867979,7.96198145593378,8.045044756007572,9.621162052038885,10.0,3.501299367961757,5.2867271968943506,4.810388527062145,6.13407552375758,6.106259424428118,5.082870801116494,5.926465398312426,8.112355224742533,8.46806121466842,10.0,10.0,6.61255803614397,31169,69.0,451.0,False,0,0.0,13,2,3,0,80.0
CA GrandSoissons Agglomération,epci,240200477,4.307520561799897,5.321947216762399,8.22170486422533,6.544167318664962,10.0,4.1758296280747285,4.720283189893708,4.427513691964201,1.407495754059882,6.710379176764689,7.727382020113352,7.229261683491403,9.16913153827071,5.088735377745549,8.152376772322196,10.0,9.842203690628399,7.116997118485583,8.330248268228917,8.848081216724234,7.659027154933878,6.8558670305135205,6.0899948476232275,8.185829055588421,7.4093849588764,6.874511001278552,9.614754880445776,9.59036696372345,7.129321249328691,52409,289.0,181.0,False,3,11.0,18,1,2,0,96.0
CC du Pays de la Serre,epci,240200469,1.9129294880640264,6.176486822133296,5.80288395198013,10.0,8.0,7.020905202152615,3.6489581895956946,5.503311715192494,3.8889885469849594,4.760038636677246,5.569408030909342,5.4629501862839795,4.087139506002484,8.560093831930454,7.683317234717815,9.155305643714641,10.0,2.6823513177866705,2.310749275562302,3.8724989650890023,6.054505312543121,7.433075755485028,5.299020284255554,5.45818959569477,8.352766662067062,8.632399613633227,10.0,10.0,6.333152634587711,14494,33.0,439.0,True,0,0.0,50,2,1,0,83.0
CC de la Thiérache du Centre,epci,240200444,2.3922297681830256,6.116667299009751,5.880145691846568,6.0,9.0,6.557688659559131,5.42990476913154,5.052889175551087,3.4505823879804227,5.4663277307736085,6.779109913874872,5.698979398262321,9.19588724058125,8.50218158364002,8.17771370034526,8.098228174678454,10.0,2.8663732594756612,2.4782031338923245,4.565845885343552,7.369579238911864,7.592176651363964,5.782676328868991,6.174450810031491,8.744280456804644,9.756611146943886,10.0,9.19588724058125,6.654450701629819,26357,36.0,732.0,True,0,0.0,15,2,4,0,90.0
CC du Pays Bellegardien (CCPB),epci,240100891,7.613803498835244,6.877769149956607,6.286986708080208,5.0,3.0,4.571095784040561,4.170328415475266,2.9375142739688487,2.9604439775270635,5.772758415932033,5.928196227104554,6.1136893070844565,2.750331156077285,4.96227104553967,7.317316037089481,6.0,5.0,8.866075914675923,9.825149591193533,9.798200338007582,4.484127346640479,2.6344036906773853,3.3100534417393686,5.903987575937514,6.380121500022838,6.543826793952405,4.750331156077285,4.750331156077285,5.518182589346891,21897,97.0,225.0,False,0,0.0,1,1,1,0,66.0
CC de la Plaine de l'Ain,epci,240100883,7.227684429101008,6.353545905043377,3.9261519255022357,1.0,2.904597510796316,4.24242347036268,1.8318832087032957,4.296296768111696,2.773716862635193,5.30351979006102,6.056777793347686,5.703066281099122,4.46910151721678,4.753283481318233,4.884253302589842,6.352577739843819,3.7167352450349687,5.7554745920330195,6.487713219276679,8.09993757882266,2.9341392883985784,3.2637995388476284,3.716900852240156,5.6575752557357415,5.119249926750659,4.7478948776417536,5.061160014777259,3.397533726544287,4.644178360779846,78503,110.0,713.0,False,1,2.0,26,2,24,0,68.0
CC de Miribel et du Plateau,epci,240100800,8.537758197913636,5.300610947175928,2.3530609700344955,8.0,1.0,3.7420722330742695,1.0718174639458045,2.8764390507460207,1.1167449399443081,4.51302938364989,3.690536552927975,5.759943476995969,3.574290345372179,3.3660695731681973,3.8213291218153858,2.3755039275175593,2.6611529030381114,6.932089273097544,7.898549519970076,9.288142637463114,2.380740617596941,2.402227671335356,3.731307925688874,6.423465358879515,3.0079381571838244,2.0785087901583474,2.3011928016291923,3.670005402934209,4.0669474015448825,24062,370.0,65.0,False,0,0.0,7,1,7,0,65.0
CA du Pays de Gex,epci,240100750,6.724406920128457,7.806775095825132,4.975385890396768,5.0,1.0,4.784823370972755,2.9120169895369314,4.5877033046721225,3.9853413446596915,5.939770019683,4.558790013467316,5.844348907075521,1.076473635139335,3.1875582720397806,5.419092510100487,5.626147311716565,1.7045374494975656,9.959888117683622,10.0,9.985724645188025,4.059939915052316,1.1563140992437584,1.4893504609965813,4.31588107324148,1.4372526675644877,1.0667046514037086,1.2081321868849062,1.756604164508443,4.341748679167099,96534,238.0,405.0,False,2,3.0,2,2,0,0,43.0
CC de la Côtière à Montluel,epci,240100610,8.159985452194293,5.929928069182898,3.3853956194940595,8.0,1.0,4.075042431099976,1.0,4.624424149357472,3.419300088903257,3.211913036450335,3.2456962741453164,5.057100137395943,2.3399741372343006,3.4258061908995394,3.765982380990867,1.5269942616988603,1.9884829871494383,6.57035480481694,8.159136830194779,8.78562191869393,1.9643174654489615,1.2798027964115413,2.5692233088175866,5.05221045825588,3.7747918855572618,3.221409520730623,3.943465610603734,1.6652388264770064,3.969342808650172,24746,194.0,127.0,False,1,4.0,1,1,1,0,55.0
Métropole Européenne de Lille,epci,200093201,3.255047110911231,5.0148666397510135,6.552401199961159,6.6216885654467745,8.786339965145933,3.829485928053436,8.473968474614962,2.611403549118512,1.1050059708459181,6.28507084097789,7.356898158321962,7.358114473296435,5.68947257243803,2.835896282743829,6.827029448791266,7.248872694069528,6.156096310340891,7.074131331353841,8.025129510288423,9.206554643035405,6.7420313482187115,5.683145690343924,3.059978467477203,5.308330735461714,3.5270834504504966,3.857316373064586,3.3283573444811836,5.637513436532719,5.6234725184120355,1174266,1739.0,675.0,False,37,15.0,361,10,38,0,58.0
CA Grand Calais Terres et Mers,epci,200090751,1.2273790129372304,5.108404408241495,7.47733588883565,7.0,10.0,4.842635361763297,9.10203162434116,3.074652611403929,1.1944130330618112,6.012649736463824,7.8122568279827505,7.302759942501199,8.63749880210829,3.7024628653569716,8.119616674652612,9.560191662673695,8.993282223287014,4.274278869190225,3.1485481552467656,8.403660757067561,8.206938188787733,5.2174700527072355,3.827024436990896,5.919166267369429,6.776415908001916,7.913723047436512,8.40156205079061,9.54097747963584,6.457047710315559,104366,561.0,186.0,False,2,5.0,32,2,4,0,75.0
CC Terre d'Émeraude Communauté,epci,200090579,7.236431136758,8.779952382873976,5.370364392074573,2.0,1.7208345103103184,7.0520156571566925,6.464630160203382,6.175779831322384,4.884952181106493,6.340664218554537,7.652677454501433,4.821718251886526,3.0,7.567087688148178,4.275937209959243,3.0,3.255074452201283,5.678261571365159,7.696945240305072,7.312901012872765,4.576126871393407,6.654493361849804,6.357733747629232,6.091158548888261,6.628021468060207,6.4613615269763125,3.0,3.340099269601711,5.478400790928534,24781,24.0,1032.0,True,0,0.0,8,4,2,0,111.0
CC Vierzon-Sologne-Berry,epci,200090561,5.120666632427713,5.768835704380874,7.520774485131734,6.660392378408916,10.0,8.029864927327822,5.768707308304658,4.447717117764881,1.6675055210312772,7.380668686764932,8.910122746648863,6.728955883108212,9.118047352472908,6.070925992501669,8.408453597658056,9.782137537876842,10.0,7.131888449488984,8.598171639874685,9.0836115248318,8.36764932463664,7.676827076164552,7.752092856042319,8.387858867033023,8.875995069590674,8.450336397719685,10.0,10.0,7.7038645384711355,38950,76.0,512.0,True,1,10.0,7,2,5,0,133.0
CA Coulommiers Pays de Brie,epci,200090504,5.66897113088778,6.140080312567831,4.548035598003039,1.0,2.800629476883004,5.57498372042544,2.4058823529411764,4.078717169524636,1.9903624918602127,4.016225309311917,4.022758845235511,6.267983503364445,6.23221185153028,4.658649880616453,5.184230518775776,2.9396896027783805,6.30504666811374,7.326644237030606,8.259680920338615,9.494193618406772,4.135511178641198,4.5715541567180376,3.44542001302366,5.369242457130453,4.786053831126546,4.29255480790102,5.81803776861298,6.487649229433471,4.922178594685107,92143,157.0,586.0,False,2,4.0,4,3,3,0,64.0
CA Seine-Eure,epci,200089456,7.237516496936987,6.267486753205823,6.595514802923159,3.0,6.549037760750093,6.12402741938661,4.793753816455571,3.8138259105324326,1.5278428900663816,4.496158922134457,5.09828234876987,6.584346130360274,8.911438532905233,4.679122264463135,6.586000748517738,6.790109716942108,8.38391080820218,5.681466306852877,6.483709890283058,7.94399905450391,5.384009297378218,5.979366517619714,3.5568184056572183,5.519599346031871,5.877794630370122,6.275198455689719,8.104437922272343,8.969911556719916,5.971953096640393,103321,216.0,478.0,False,3,8.0,31,4,18,0,65.0
CC d'Entre Bièvre et Rhône,epci,200085751,8.219948209398817,5.624017891298591,6.0799517405761705,2.0,3.0,3.9355854397787127,2.8223523526469116,4.535679604508136,2.606273725097843,4.549201071123798,4.537960156548863,5.3672865844687045,6.796869022746668,4.3656681281817376,6.206103051525763,8.25324426919342,7.405187888061678,6.676897272165495,7.2617632345584555,8.756422328811464,4.441926845775829,4.094915104611129,5.129800194214755,6.577200364888326,6.535679604508136,5.95950916634788,7.369831974810935,6.192596298149074,5.546495411571331,67969,165.0,411.0,False,3,4.0,3,1,1,0,81.0
CC Brioude Sud Auvergne,epci,200085728,4.699626312355418,6.181149534373332,7.092057654665164,5.0,4.0,4.019099590723056,1.3469363544694228,5.639183818731834,2.7555015125452282,7.27747790497657,8.516460051011329,5.14259445993238,3.5849101370188032,7.26175929770449,6.352867904383415,9.3962275342547,7.188682602764103,4.950530873717303,5.758882495996204,7.44433240405718,6.389465567352749,7.240939557506376,7.160033216679518,7.109792988908001,6.691500088973249,4.4594578563378615,7.188682602764103,8.0,5.994576868650063,16859,39.0,432.0,True,0,0.0,42,1,21,0,132.0
CU Le Havre Seine Métropole,epci,200084952,5.121123753482438,5.265461281239655,6.659489155622674,5.26235172903749,9.937570904113462,2.9956667125412406,1.1206960040766378,1.952735550439094,1.2045497658536948,6.211114789342717,7.9405353934736596,6.86583918854078,9.553593280986725,3.103113643718221,6.850975826579233,8.939371171177873,9.015350624328155,5.571640586351446,5.7955171862272135,8.419588691049622,7.588713366982954,6.364237917939066,4.733839441470863,7.361422210980885,5.868948740742945,5.790149861074432,6.4888840947892685,8.978962168354727,6.105765822875613,268904,525.0,512.0,False,7,2.0,54,6,9,0,85.0
CA Laval Agglomération,epci,200083392,3.9577565003513704,5.342269852424455,4.510189739985945,2.3061226282501757,6.741496837666901,4.447768798313422,7.798814125087842,5.174297259311314,2.5234451862262826,5.627538650737877,5.827802178496135,4.972593113141251,1.75689564300773,4.230674631061138,3.8665495432185524,1.8707484188334504,2.7418218552354183,4.9136243851018975,3.464291988756149,8.038132466619818,3.5427178496134926,4.6161718200983834,4.975395291637386,6.930630709768096,4.730815179198876,5.061902670414617,2.283520730850316,3.1771960646521435,4.479685147073586,113851,163.0,698.0,False,3,2.0,17,3,14,0,82.0
CA Vienne Condrieu,epci,200077014,6.581341036879621,6.159018461947138,6.321755877274539,3.636892902997299,4.309514322397839,3.712279187143047,1.2476424491964404,6.057212113162438,2.476236330632665,4.966728649223004,5.612431929871165,5.823073006596715,4.977033249214149,3.8388785584628327,4.54184929384159,4.511599592686058,2.3558020100057555,6.52386328419002,7.502944171426042,8.659339443042459,4.349349183158454,4.320748660734051,4.780637092132642,6.874230752202594,4.176583875680701,3.489595785186169,3.9521738167972726,3.712068889184044,4.83824371161667,90353,215.0,420.0,False,7,7.0,6,0,1,0,77.0
CC Marches du Velay-Rochebaron,epci,200073427,4.85548643455037,8.141354265055533,2.19740741947041,1.0,1.0,3.6852099143406183,1.4857180080122463,5.116112432009901,3.0971240595381557,4.331856821808944,3.319643031625574,4.254633097742891,5.533889196495457,5.448718366283425,4.0092173403250495,6.3026740057974795,2.144350714913852,3.823600299644986,3.8803374263101325,6.882356772953783,2.387909976223822,5.528515128814774,5.1849656385369505,6.233429957984562,5.7499267172589,6.065075074096994,3.726443669999674,1.096179526430642,4.160076260579468,30704,87.0,352.0,False,0,0.0,1,1,1,0,84.0
CA du Puy-en-Velay,epci,200073419,6.799828209874303,6.952334289067132,5.173689495396751,3.6916125285812798,6.691612528581279,2.953677155542651,1.659795061638781,5.894470051658017,3.2154756287881536,6.44860208809688,7.307322856555245,5.635623465079423,3.1881948729116005,5.401021062437242,5.14006944192405,5.219818773515286,4.218971920782976,4.9045717949648555,4.597611875294886,7.567318743270545,5.129169237469604,7.126628679272675,6.86565286296713,7.303766075079544,4.957306524395408,3.191908927037588,2.0916657593244534,3.903458788516677,5.115399239215158,82664,62.0,1333.0,True,2,2.0,16,2,12,0,119.0
CC Mézenc-Loire-Meygal,epci,200073401,7.3911369740376,9.05962399283796,5.319695613249777,9.0,5.0,4.461324977618621,2.955863921217547,7.846374216651745,5.936884512085944,6.200089525514771,6.2928379588182635,3.7971351835273053,2.876902417188899,8.071083258728738,2.7627573858549686,2.1753804834377797,1.0,3.0529095792300804,1.5700984780662488,5.6122649955237245,3.9075201432408235,6.2357206803939125,7.061593554162936,6.436168307967771,5.63401969561325,4.647806624888093,1.0,1.0,4.868042588566313,11170,24.0,465.0,True,0,0.0,4,2,0,0,118.0
CC des Rives du Haut-Allier,epci,200073393,7.07153041825095,8.333947243346008,4.472136406844107,7.0,4.001425855513308,4.708293726235741,4.170092680608365,8.61894011406844,7.84072005703422,7.558697718631179,8.433638307984792,5.326045627376426,5.637000950570342,9.037963403041825,4.840779467680608,3.787666349809886,3.8493346007604563,3.7896269011406845,1.9031606463878328,5.5286953422053235,6.234196768060836,7.936430608365019,8.545092680608365,7.055192490494297,8.180430133079849,7.228433935361217,4.274001901140684,4.486335551330798,6.06606463878327,16832,15.0,1122.0,True,0,0.0,11,2,2,0,180.0
CA Rambouillet Territoires,epci,200073344,4.1632239773187525,6.519580295666262,2.4272352166869178,1.0,1.0,4.424336776022681,1.5102014985824221,6.510973572296476,3.455789287160794,4.516783110571081,4.199663325232888,5.1203928716079385,2.8624822802754153,4.03013618874038,3.2274326650465777,1.8322828068043742,2.9475496152288376,7.284199068448765,8.02485824220332,9.68233596597813,2.8178159173754556,2.7431525921425677,4.8274731672742,6.428829991899555,1.7977799716484406,1.1384163628999595,1.0,2.8072473673552047,3.8678632905166928,79014,124.0,637.0,False,0,0.0,5,1,3,0,84.0
CC Sud Vendée Littoral,epci,200073260,6.655362905431275,5.86140130175573,3.6085252237962404,2.0,2.0,5.727196484894893,10.0,6.302649091141133,6.175919342194024,5.785903115827089,5.321427920290251,4.118051377418002,2.539098251563383,6.628306805958176,6.878156393006254,8.034093602435778,7.049773013181644,4.098360954620868,3.306550711954639,7.0194534084486495,3.966927382449999,4.167386825648599,7.332822840890445,7.9368447920654885,8.340097358201609,7.517931047056464,7.7375339568633885,6.27772612080439,5.7995535795678,54852,57.0,962.0,True,0,0.0,18,4,12,0,140.0
CC de la Castagniccia-Casinca,epci,200073252,6.396680298292037,7.5856787747574375,8.28754710929356,8.0,10.0,8.409349691283778,10.0,8.495389303183385,10.0,6.4907385133509745,5.254109534119157,7.889904578622404,10.0,7.662737551118595,6.766257717905541,8.314088685750942,7.457862240397723,7.923021409670436,9.352818539010505,9.159730574933846,7.541496271349531,8.682142570764173,6.6972175447037126,6.185710849170075,6.899927832571566,5.0077780450645495,8.457862240397723,9.228931120198862,7.933820749853948,12471,53.0,235.0,True,0,0.0,4,3,0,0,128.0
CC du Bassin d'Aubenas,epci,200073245,7.325459515032975,7.18280297901151,6.3164572832819275,5.6143584342636474,8.0,3.8010732465708768,4.052333308257479,3.611048421474962,1.2590837282780412,6.6750420020562204,6.9001479475413126,6.554753128212844,5.65470548408937,4.686501667544322,8.136136813861933,8.623059755761178,10.0,5.844730309185286,5.43810025326613,8.313698939291356,6.302540184056772,6.476115248627097,7.859851049424509,7.994708994708994,5.462122921838562,3.2414303267383837,6.198124326086411,9.396123272900525,6.3185896264772365,39882,121.0,329.0,False,1,5.0,7,4,1,0,136.0
CC de Gâtine et Choisilles - Pays de Racan,epci,200073237,7.73679092382496,7.285065987497106,3.8540865941190092,9.0,2.0,4.533364204677008,2.9259087751794395,5.285714285714286,4.727436906691364,3.281546654318129,2.2629775410974764,4.598842324612178,4.467932391757351,6.022968279694374,3.5487381338272748,3.1005788376939107,2.0,2.943690669136374,2.720861310488539,5.859087751794397,2.408659411900903,2.506043065524427,3.6340356564019447,5.373790229219726,4.3971289650382035,4.468256540865942,4.0,3.0,4.21226805146694,21595,42.0,514.0,False,0,0.0,3,1,1,0,66.0
CC Touraine-Est Vallées,epci,200073161,5.78795956344616,5.4033345068651615,2.5646532213448676,1.0,2.0,3.3886234471659207,2.258587738268873,4.252401549062013,2.338052607755369,3.1604134184982144,2.295704873510034,3.7261228184881556,3.178167278579691,3.954207111602877,3.324699492028366,1.758386561384097,3.7500628677764927,4.461399185233617,3.990745863300307,7.401599356233969,2.5905295981491725,2.608182869788261,4.792083689584067,6.088165769753055,3.936780163959161,3.748277422924106,2.6672031383594024,3.155861791480159,3.5565073537336276,39768,186.0,213.0,False,0,0.0,3,3,0,0,83.0
CC Cagire Garonne Salat,epci,200073146,6.404810298102981,7.708220415537489,5.551490514905149,5.0,9.0,6.349311201445348,3.3850496838301716,8.249830623306233,10.0,6.810411020776875,8.274277326106594,6.545844625112918,9.0,7.388380758807588,6.622628726287263,8.20042908762421,4.0,5.9852642276422765,6.507226738934056,7.4412262872628725,6.695573622402891,7.946138211382114,8.551321138211382,7.792570009033423,5.768462059620596,3.125395212285456,5.0,6.0,6.760852206736353,17712,34.0,520.0,True,0,0.0,3,1,0,0,154.0
CC Pasquale Paoli,epci,200073138,8.40542749713912,8.865783880987411,4.887526565309792,7.0,10.0,9.962726826875919,10.0,6.2283799247997385,10.0,6.66290665358836,7.0,7.696092855975151,10.0,9.756416544057544,5.657021415726663,5.0,7.0,6.139283962726827,6.143697891123099,7.7995749550433215,6.759522641817885,6.782900114435181,8.5863985613863,6.083864639529181,6.138466568579369,3.704757233938205,6.0,8.0,7.366455311894252,6117,6.0,1019.0,True,0,0.0,4,4,0,0,209.0
CC Nebbiu - Conca d'Oro,epci,200073120,7.525904992598574,8.170232808504911,6.958013726281792,10.0,8.0,10.0,10.0,3.853451756156641,10.0,6.719418651594671,6.007266855066613,7.482303862198896,10.0,8.515273852778899,5.784416633023819,8.0,7.0,6.657246669358094,7.436415018167137,8.906203741084646,6.280177634234962,4.598977257435069,8.628448391871888,7.9764500067285695,4.707172655093527,1.435338447046158,4.0,8.0,7.237239748543748,7431,19.0,391.0,True,0,0.0,4,3,1,0,174.0
CC Sud Sarthe,epci,200073112,4.9502049359030265,7.419944187668963,5.087468387546874,3.0,2.0,4.164864393476933,6.456919856980901,6.599895351879306,6.187930583413273,5.87695125141711,5.491148513124618,3.5571204325455654,3.2718670968867185,7.773742042382489,6.488445103340019,4.182174936775094,5.545085898665737,3.180256387895701,2.2470567716054766,6.016787302694689,4.121740647074213,2.8036539635475712,7.3414144937647166,8.591915932676375,9.22250806662597,9.584721374378653,9.318086683526642,5.545085898665737,5.572392517659372,22934,42.0,546.0,True,0,0.0,3,1,2,0,119.0
CC de l'Île-Rousse - Balagne,epci,200073104,6.15993153941238,7.613482932395169,7.135114576400114,7.0,8.0,10.0,10.0,5.121897879623467,10.0,7.231529903965009,7.019967671389179,8.08167728439669,7.704953884187506,6.417229247884378,6.223733003708282,7.0,4.114861652562518,8.232670913758676,8.146524674336789,9.079585433108301,5.6355424550727395,6.045355139298279,8.241608823809072,8.176095844822669,4.958828563278502,1.965104117143672,7.295046115812494,9.0,7.200026487727351,10517,26.0,404.0,True,0,0.0,5,2,1,0,159.0
CA Arche Agglo,epci,200073096,7.470657480178652,6.992781220787315,4.800107329571028,2.0,1.0,4.1220787314337155,1.21010629089776,6.040473635010214,4.0960945885122735,5.1291936433196,5.280805318007133,5.424142228992833,5.258369975418066,4.539885053491673,5.427085136585535,6.728386940414777,4.223158951632448,4.786362219990998,4.383755150088287,7.519769414534501,3.6126268046948034,4.32981338503618,5.2591316691479415,6.467576082816882,4.708617525880276,3.845930131911505,4.318059065886508,4.290326489630578,4.759474802281124,57769,114.0,506.0,False,0,0.0,7,3,1,0,87.0
CC Carnelle Pays-De-France,epci,200073013,2.2786961946350592,6.415533374922021,2.5077666874610105,10.0,7.0,3.539114160948222,1.0893013100436681,4.021865252651279,1.9947286338116033,3.5339363693075483,2.1481597005614472,5.308296943231441,4.906924516531504,4.0263568309419835,3.4930754834684965,1.1014036182158453,2.4125389893948848,7.025639426076108,8.135683094198377,9.233530879600748,2.15308796007486,1.5134747348721147,3.8468184653774173,5.422956955708047,2.606113537117904,1.7184341859014347,1.3334996880848409,3.0974422956955707,3.9951564031726234,32060,262.0,122.0,False,0,0.0,2,2,0,0,67.0
CC du Grand Langres,epci,200072999,4.940987996748123,6.5932762660800535,5.96848548610779,3.0,3.0,4.135670221414567,7.320118597867151,4.713978288938836,3.094113146191,6.674907943187796,8.241117115393813,5.596671608244464,4.0,7.300368227248817,4.935536320596815,5.839271196977667,8.104107885801731,4.634642054421118,6.363397255033236,6.4155707522356655,5.3383864951460955,6.740854095930372,6.936875328774329,6.64420639854622,7.617665343599063,7.47204820429439,6.089187508966573,8.73607192386782,5.944554130771912,20913,29.0,721.0,True,1,5.0,4,2,3,0,116.0
CC Touraine Ouest Val de Loire,epci,200072981,7.789552731969601,8.308311555675708,3.472500075095371,2.0,2.0,6.20633204169295,4.367186326634826,6.818569583370881,6.277612567961311,5.159442491964795,5.636388213030549,5.336937911147157,5.988915923222493,7.420864497912349,5.423658045718062,5.721546363882131,5.76281877985041,3.6038869364092396,4.220720314799796,5.918446426962242,4.288396263254333,3.5153344747829744,6.188459343366075,7.243789612808267,6.950797512841309,6.7230783094530056,6.064882400648824,4.282418671713075,5.453244549148848,33291,43.0,774.0,True,0,0.0,5,3,5,0,95.0
CC de Vie et Boulogne,epci,200072882,6.501795028110817,5.8430084219557905,1.908645487592856,1.0,1.0,4.328207907155275,9.963489805595069,8.005780216306531,6.4527760843550315,3.2055137844611528,2.183363814942762,3.9940165729639414,2.156946420104315,4.440515703673598,3.881911987175145,2.9498972656867393,1.7575018627650207,2.6311951048793154,1.856555803924225,5.585992007044639,1.393957867642078,2.6474293842714895,3.0383616699406173,4.7808033597507285,5.242543295174874,7.458533721691617,2.2087877351035248,1.3851972273024904,3.850097412127487,44290,90.0,492.0,False,0,0.0,5,1,4,0,62.0
CC Val Briard,epci,200072874,4.661697737298989,5.860182154546748,4.774583748399032,9.0,5.0,6.22345951330582,2.7037853991746124,8.420592002276932,6.105272520278924,2.7408566956026754,1.9544969403728476,5.089262843318628,3.699053650206347,4.592571509890423,3.5630781272235663,4.057279066457948,3.137291874199516,7.004375978369148,9.061832930126654,9.042407855414828,1.8038280916465064,1.883627437028604,2.385335135904369,4.2088373416820835,3.8181656467909493,3.7996299985769175,2.301871353351359,2.621317774299132,4.625524761633699,28108,84.0,334.0,True,0,0.0,1,1,0,0,53.0
CC Mirebellois et Fontenois,epci,200072825,7.558968253968254,7.015476190476191,6.166428571428572,8.0,6.0,5.44,9.0,8.24484126984127,6.910714285714286,4.060634920634921,3.739047619047619,4.67968253968254,1.0,6.47579365079365,2.319206349206349,1.0,3.0,2.2126190476190475,1.9294444444444445,3.4834920634920636,5.629444444444444,7.37515873015873,5.123174603174603,5.624126984126984,5.154444444444445,4.23015873015873,4.0,3.0,4.941887755102043,12600,29.0,434.0,True,0,0.0,1,1,0,0,84.0
CC Estuaire et Sillon,epci,200072734,7.291245230840141,5.521573246613577,3.6140373338795997,8.0,2.3337515683814303,5.084116457122372,7.292115842572914,9.192917317491615,7.966993572836914,2.419199549330397,1.9070237881852867,3.931759403887025,2.0373338795995184,4.064425268225232,3.1039356771566844,2.065193455048268,2.1393490896986145,2.899982075640796,1.4837016362379332,6.147466263795355,1.6815353493969734,3.0344915883542876,2.581952730904156,4.419942129925998,3.1691547384323866,5.382429006734438,1.2722966225386014,1.493201546616137,3.9832544417659514,39054,124.0,314.0,False,0,0.0,19,1,1,0,52.0
CC Châteaubriant-Derval,epci,200072726,7.8191376787121465,6.207925250478442,6.493999774850839,4.0,5.351795564561522,4.044129235618597,5.2846335697399525,6.627693346842283,5.713835415963076,6.002724304851965,6.890172239108409,4.991939660024767,5.740605651243949,6.88076100416526,5.775008443093549,4.067679837892604,5.068422830124958,4.845840369244624,4.298007429922324,7.744343127321851,5.411482607227288,5.613531464595295,5.654666216368344,7.513677811550152,7.826162332545311,8.256264775413712,7.25473376111674,4.204863221884499,5.9137156044450885,44418,50.0,888.0,True,1,3.0,33,2,0,0,84.0
CC de la Champagne Conlinoise et du Pays de Sillé,epci,200072718,5.755122111129323,6.852100748511173,6.1258263672621975,8.0,1.0,4.661585532426378,2.7176965524777357,9.223405999016554,8.669890181937387,4.840080861061028,5.38622083811397,4.118887614052341,2.0,7.200295033601049,5.065890837567612,4.247718953177075,5.0,2.422389772168497,1.272578265858056,5.130634322242256,4.182920832650385,3.554171447303721,5.0935365787029445,6.77216849696771,6.99775993006611,8.118723706496203,6.0,3.0,5.1217716065282035,18303,42.0,435.0,True,0,0.0,2,1,1,0,86.0
CC Haute Sarthe Alpes Mancelles,epci,200072700,5.451448263828302,5.702495201535509,5.529663235037515,2.0,2.0,7.696693421741406,3.72125283545629,6.42771767579829,5.250828825684872,5.794843831792009,6.370310591519805,4.826731809457337,7.254318618042227,7.174140638632001,5.502573721863549,3.0,6.0,2.800907346012912,2.198830919560286,5.04567265747688,4.448176583493282,4.751657651369744,6.3481067876461355,7.2827168033502,8.157869481765834,9.062729017623452,7.38147792706334,4.0,5.399327280205398,22924,46.0,498.0,True,0,0.0,3,1,2,0,100.0
CC des Vallées de la Braye et de l'Anille,epci,200072692,7.032713319458897,6.993496357960458,5.5038371488033295,8.0,1.0,5.577783558792924,6.245252341311134,9.716831425598334,9.57856399583767,6.877926638917794,7.47613163371488,4.810809053069719,8.05554110301769,8.442247658688865,6.046826222684704,6.539086888657648,5.055215920915713,3.2390088449531738,1.8057362122788763,6.08337669094693,5.895291363163372,5.191142039542144,8.239724245577523,8.511446409989594,9.54871227887617,9.708441727367326,10.0,5.055215920915713,6.651084250037164,15376,36.0,427.0,True,0,0.0,3,1,2,0,152.0
CC Le Gesnois Bilurien,epci,200072684,5.23162382121173,5.709081514016277,4.247513241183309,8.0,1.0,4.845594884381863,4.626889290789304,9.47009430306162,8.149786849244284,3.866296344141584,3.54937992507428,3.6471709081514017,3.3063880635576797,5.895685311975197,4.131765921715541,2.8602893682986696,2.446227877535202,2.1996189122852345,1.186636093527968,5.045213796667097,2.3751776256297634,1.9101214313396202,4.889000129182276,6.722710244154502,7.221644490375921,9.077315592300737,4.8504715153081,2.0653985273220514,4.5902534279439715,30964,76.0,407.0,False,0,0.0,4,3,2,0,79.0
CC Maine Saosnois,epci,200072676,5.882845487726329,5.800221856437415,6.214914477921706,3.0,1.0,5.756566234881557,4.727653331424891,5.439633579045302,3.6366564087883777,6.149753095255135,8.13021541544407,5.032097616832463,5.7588921491447795,7.541293923996278,5.930544621770557,4.781364059257139,6.42424676161168,3.306412366707221,2.6734774207399985,5.458348243040149,5.2146997781435624,4.743433765118443,7.108602304444285,7.68038359693695,9.044729120446576,9.780397910255493,8.049953481714736,5.93573319974236,5.72153822167241,27947,45.0,621.0,True,0,0.0,3,2,1,0,117.0
CC Touraine Val de Vienne,epci,200072668,7.590994221956565,6.816457461645746,4.407212592149831,3.0,3.0,5.911416616855948,5.460330743175931,5.62056186491333,5.372384937238493,6.010520023909145,5.596692568240686,4.557880055788005,7.495158398087268,7.710380553895198,6.567563259613469,7.165052799362423,4.504841601912732,4.304602510460251,3.3366009165172343,6.659493923092249,4.457541342896992,4.254433154014744,7.5768878262602115,8.08551504283722,9.050009962143854,9.082725642558279,8.834947200637577,4.834947200637577,5.973755443600033,25095,36.0,697.0,True,0,0.0,5,3,0,0,133.0
CC Touraine Vallée de l'Indre,epci,200072650,7.3486344161114365,6.019271059436401,2.523508427549499,1.0,1.0,5.0841999962250615,2.4284932334233025,4.726128234650157,3.27955304731885,3.3051471282157756,2.315584832298371,4.226213170759329,2.4682055831335763,4.703119986410223,3.1673241350672883,2.216605953077518,3.6295653158679526,4.036126158434156,4.543836469677809,6.725996111813669,1.6786772616598402,1.9567580830863895,4.469432438043827,6.522224948566468,3.7846586512145866,4.257469658934335,1.7477586304524264,3.3149808421887093,3.659981206200605,52981,108.0,490.0,False,0,0.0,2,2,0,0,74.0
CC Cœur et Coteaux du Comminges,epci,200072643,8.229772583129474,7.080275437165897,6.5943644106188275,7.0,10.0,6.349619461810274,1.7655386427471234,6.240146779016037,9.375804113436622,6.677312675545891,8.102246987405998,6.758856573344206,10.0,6.825518709794328,6.751200507384253,6.654321826583311,9.062584941560207,6.96953429373924,6.880606142973634,7.9105055721663495,7.517984959681073,8.210723022560478,8.60679985503307,7.974472229772583,6.945863912295008,3.8350774667029084,8.650720304430552,9.325360152215277,7.367686127182592,44151,44.0,1003.0,True,1,3.0,13,3,8,0,154.0
CC Pyrénées Haut Garonnaises,epci,200072635,6.9190996784565915,8.691511254019293,6.315948553054662,5.0,9.0,7.939935691318328,2.963344051446945,5.7438585209003215,8.61363344051447,7.588938906752412,8.956012861736335,6.753697749196141,8.0,8.078906752411575,5.627266881028939,4.70508038585209,5.0,5.392347266881029,5.964372990353698,6.5666237942122185,6.633697749196141,8.412154340836013,8.955112540192927,7.387845659163987,6.643922829581993,3.757556270096463,8.0,4.0,6.7003881488286625,15550,23.0,676.0,True,0,0.0,3,1,0,0,201.0
CC des Deux Morin,epci,200072544,4.480308734939759,6.1350903614457835,4.926506024096385,9.0,5.0,6.201995481927711,2.530609939759036,3.9322665662650604,2.6841114457831323,3.9114081325301204,4.240888554216867,5.895180722891566,6.353727409638554,6.283019578313253,6.700037650602409,6.959487951807229,8.196611445783132,6.690625,7.029743975903615,8.83113704819277,4.693373493975904,4.475263554216867,4.176920180722892,6.0029743975903616,6.890060240963855,6.593034638554217,8.375112951807228,7.196611445783133,5.870932390275388,26560,67.0,396.0,False,0,0.0,3,2,1,0,73.0
CC Pays d'Opale,epci,200072478,2.3482525814138206,5.506949960285941,6.81131850675139,5.0,6.0,5.550754567116759,9.0,3.8890389197776014,2.4096108022239875,3.0760127084988085,3.6505162827640985,5.369142176330421,8.193804606830819,5.915250198570294,6.769579030976966,8.34900714853058,8.446227164416204,1.843804606830818,1.2490865766481334,3.6282764098490867,5.4542494042891185,5.034432088959492,3.8924543288324065,5.097776012708499,6.300436854646545,7.543804606830818,4.9890389197776015,7.067275615567911,5.29950357426529,25181,131.0,192.0,False,0,0.0,13,2,2,0,68.0
"CA de Béthune-Bruay, Artois-Lys Romane",epci,200072460,1.97593613807359,5.017092966948779,7.3597148040271465,6.1699756434255315,9.957321788654317,3.9642710012214426,7.618393188832113,2.3328755935559875,1.3028599099457217,5.020428444431595,6.332694906801772,6.641737917476745,8.633343210875896,4.996780162039881,7.355302433489205,6.824206243088732,9.276302570811138,2.4079075751114836,1.506092757352144,5.143790519004633,6.599417465904409,5.549486488244519,4.391024204797595,6.539158433373566,6.555037185334018,7.482068646511662,7.340146428545617,8.810072925174001,5.825122841180473,276745,426.0,649.0,False,28,12.0,128,6,5,0,75.0
CA Fougères Agglomération,epci,200072452,6.743159594509733,5.635471427289854,5.444173320175832,2.368242576477976,3.841212882389881,3.557710594778864,6.2577375078496456,6.930761639903113,3.440979635776442,5.602691307078137,6.011447026105679,4.753458329595407,4.038055082084866,5.1543195478604105,4.417134655064142,4.265237283574056,6.1184175114380555,3.9856104781555577,1.6740468287431596,7.531874046828743,4.881708082892258,6.444137436081457,6.207284471158159,8.091360904279178,6.785018390598367,7.970413564187674,3.7898806853862026,6.690140845070423,5.3082744876904755,55739,102.0,546.0,False,0,0.0,7,2,1,0,98.0
CA du Pays de Fontainebleau,epci,200072346,4.914399217163972,5.503717010617944,4.112050709080021,1.0,2.8999109085863677,3.4470928449371248,1.3765791818195097,2.7066117513035097,1.4955527318932655,5.824460704844528,5.539820940863748,6.4356716178124405,3.6787597306810382,3.4172107084958157,4.567702171785772,2.3386496078517287,3.7654997151995793,8.105887335874629,8.925207027998072,9.631395229958084,4.087455636857556,2.471571075961384,5.848676043172823,7.699411412464035,1.9302019892213995,1.1752617973097315,1.2607895543968803,3.609239217748178,4.206028066924969,68476,156.0,438.0,False,1,2.0,3,2,1,0,101.0
CC Val de Gers,epci,200072320,7.027587575667361,6.93698521385333,3.8400317554827827,6.0,7.0,8.115014389203136,4.65723925771559,9.085045152327082,7.8764513247990475,5.079984122258609,5.545698124441798,4.58975885680262,5.0,7.234494393172572,4.1061823955542325,2.0,3.0,6.374913168601767,7.704971717773147,6.194303860275876,5.450530911977771,7.323707452614865,7.880519996030564,5.853527835665377,5.412622804406073,3.0416790711521284,4.0,2.0,5.654687477849132,10077,19.0,530.0,True,0,0.0,14,4,10,0,150.0
CA Seine Normandie Agglomération,epci,200072312,7.052733594194822,6.703138817885568,5.366021781530522,2.0,6.439846390541146,5.298981186475584,4.934982494821132,4.983536651846826,2.508510303221195,4.932668661489818,6.0096551055762175,6.19835972234,7.297793984033339,5.2826753243606674,6.450676584248973,7.6465771015300374,8.621015906089864,6.437375071171575,7.29913867251384,8.462827237816033,5.8818127854434445,6.125916144741783,4.921208523628963,6.574363695833888,5.509951906186778,4.161520103698499,5.780815777678171,8.263134941306165,5.969472802507317,82554,118.0,699.0,False,2,1.0,12,4,8,0,83.0
CC Vallée de l'Ubaye - Serre-Ponçon,epci,200072304,7.377365828364013,9.11978221415608,7.186543946072077,10.0,8.0,7.3822919367383975,9.023204563131968,4.808400311122634,8.507000259268862,7.440757065076484,8.454109411459683,6.712600466683951,9.333808659579985,8.540575576873218,4.36336530982629,5.667617319159969,1.0,5.94464609800363,4.276121337827327,7.6490795955405755,4.005703914959813,4.583743842364532,7.726860254083484,6.765102411200415,3.4959813326419495,1.0,2.0,2.0,6.155880773361976,7714,7.0,1102.0,True,0,0.0,1,1,0,0,138.0
CA du Pays de Meaux,epci,200072130,2.993911777140978,5.416817776107483,5.6768732090007985,5.561685535773007,5.041123690515338,3.5046554234979097,1.159242730304881,3.3645323436839387,1.2088316813078404,4.545318739136563,5.586620942359186,7.828251984779443,8.189439564053178,3.3849015831258513,5.771362803589045,5.65159956781134,5.483666087283319,8.627876168553577,9.324141494809039,9.762183492272278,6.185596843143703,5.017024475031709,2.3231267909992015,4.594860713111289,4.008033071827876,3.6888899328228497,3.634340207638465,7.407478742894725,5.176513834734815,106445,495.0,215.0,False,1,12.0,3,2,2,0,48.0
CC Adour Madiran,epci,200072106,5.996697762734253,6.727276479815075,6.417733014117064,5.0,7.0,5.347601750185751,1.801205316601998,5.11392718566829,6.172459341203665,5.645628663419466,6.708660117229423,6.470032196813341,9.20077602575745,6.841286221415008,6.080780979113349,7.086766284157517,6.401552051514901,4.691818707174111,6.1207793279947165,5.777346652356972,6.185214232642616,8.349129034921159,8.232931561132668,7.37690910591926,6.924213654751094,4.313960208040948,7.602328077272352,6.602328077272352,6.292476501043742,24226,45.0,538.0,True,0,0.0,4,3,1,0,143.0
CC Combrailles Sioule et Morge,epci,200072098,6.906794697839474,7.867237240371569,4.456424172842083,2.0,2.0,4.932105208224611,2.980586577601503,6.146853146853147,4.2972027972027975,5.452614549629475,6.404863792923495,5.790731656403298,7.317816511846362,6.280920571965348,3.585377309257906,4.379918588873813,2.0,4.466287443899384,6.923807535747835,6.583237657864523,3.0444108130675294,2.9631040601189853,5.537156872977769,6.770274501617785,5.508454232334829,5.64445256236301,4.0,3.0,4.90145116077952,19162,44.0,435.0,True,0,0.0,3,1,2,0,89.0
CC du Pays de Saint-Éloy,epci,200072080,6.449791587722622,7.71460149046356,5.480927118858153,7.0,2.0,5.868763420487558,3.949665277251484,5.095111784766957,5.788808892257168,8.051597827459897,9.911456359732222,6.034924845269673,5.922319060250095,8.990779335606922,5.926803081975496,8.461159530125048,6.691739295187571,6.622584312239485,5.610963748894783,7.622394846532778,7.515788808892257,7.294934950107364,8.913793103448276,8.605090311986864,8.673803208285968,7.131615510925855,6.922319060250095,6.922319060250095,6.827644851043866,15834,23.0,688.0,True,0,0.0,4,2,2,0,181.0
CA Territoires Vendômois,epci,200072072,5.625771243178366,5.979371003131857,5.4501622189299175,1.0,5.814751608124074,5.574986403615701,4.582394088854715,6.908032181235114,4.054498058998931,6.558989554226131,7.778632109971307,5.204452112596815,4.14072726590777,6.125761866361607,5.103313767042365,3.6558333177053055,5.118466702923691,4.855221949252668,4.9582919190593175,7.035763179115953,5.981508917352737,6.557020422706899,7.136864017403372,8.426438872531554,7.207115128556158,6.093618138514337,4.838268664553757,5.583913133169552,5.619648851607856,53328,51.0,1045.0,True,1,6.0,3,2,1,0,133.0
CC Val-de-Cher-Controis,epci,200072064,8.110559946191357,7.178682529006221,4.7053346224987385,3.0,2.0,5.155624684714982,3.602782915755843,8.84887338153691,7.7799941146796705,6.463679165966033,5.8469816714309735,4.882335631410795,4.920443080544812,7.428072977972087,5.7440095846645365,4.07882125441399,7.130717168320161,6.026546998486632,5.809399697326383,8.520808811165294,5.403690936606693,4.481608373970069,8.168845636455355,9.116571380527997,8.82510089120565,7.959286194720027,9.7408357154868,7.288864133176391,6.36494541065123,47576,58.0,820.0,True,0,0.0,7,3,7,0,140.0
CC Porte du Jura,epci,200072056,7.964471814306016,6.6211274277593555,4.374514448128849,9.0,2.0,6.3122690667929895,5.987209853150166,6.785220274751302,5.503647560397916,6.950260540028423,8.046328754144955,5.123638086215064,5.225959261013737,7.134817621980104,4.726196115585031,5.1297963050686874,3.0,5.220558976788252,5.953197536712459,7.645665561345334,4.956229275225012,4.742870677404074,7.4505921364282335,7.082993841781146,7.432022738038844,6.224159166271909,8.0,3.0,5.985490965689924,10555,50.0,211.0,True,0,0.0,3,2,1,0,123.0
CC de Charente Limousine,epci,200072049,7.061404500735045,6.832183648083229,6.234761958611331,7.0,9.0,6.8529062535338685,9.800237475969693,5.269309058011987,6.835774058577406,6.728627162727581,6.919625692638245,5.044215763881036,7.506700214859211,8.721078819405179,6.656960307587923,3.7777338007463532,8.0,8.129650571073165,9.508990161709827,8.655037883071357,6.895538844283614,6.219156394888612,8.7482189302273,8.72647857062083,9.028497116363225,7.455982132760376,8.56674771005315,8.222266199253648,7.44278868677404,35372,25.0,1414.0,True,0,0.0,10,7,2,0,174.0
CA de la Région de Château-Thierry,epci,200072031,3.517863031768715,6.916712469312228,6.547396577626324,4.0,7.8435198417060565,6.273936462570078,3.3090762522443296,6.1901909054266975,8.138598805467003,5.047396577626324,6.307024293723205,6.096478692609285,8.013117877688614,6.312062584734894,7.019823384998718,9.22304056282291,9.387288849803964,5.783848155069437,7.26373163313913,7.52191198563629,5.619105199516324,4.845187058004471,5.031951925543219,6.349107764464476,7.6076545381261225,7.6972261917848375,9.23559048770657,8.77457769960793,6.6383364217402905,54586,61.0,894.0,True,2,4.0,29,7,5,0,81.0
CC Cœur de Charente,epci,200072023,6.461202384744914,6.029627269831156,5.081190552041141,6.0,4.0,7.005324716697765,9.180949346925772,6.398170481955127,4.994311200109225,6.168115414372184,6.0916579438401675,5.3208028034405865,7.863969417011787,7.192008373913439,6.825649660947526,6.0,8.0,5.807673053292677,7.622036135256907,6.3690893369134844,5.773722295544532,6.123833796022391,7.475401629272289,7.1203750056888,7.754289355117645,6.120466026487052,8.0,7.0,6.56356664997952,21973,36.0,610.0,True,0,0.0,3,3,0,0,138.0
CA Annonay Rhône Agglo,epci,200072015,7.379947283884519,7.206478316379062,6.855998517359252,1.0,7.3414604011366915,3.87243111898192,1.242391170050657,4.009740126024464,1.5440879700177093,5.305732877558585,4.995449116593221,5.634714385733702,6.097442444709856,4.263518800708373,5.3959680408549895,6.955232486306166,7.423541040319591,4.8825007207281415,4.78880606235328,7.594312425353157,4.709587743503151,4.887463448787117,5.994913718545365,7.001956262097937,6.000576582513076,5.214797578353445,5.510007825048392,6.813125489065524,5.354363641177406,48564,152.0,319.0,False,1,4.0,5,0,1,0,99.0
CC de la Montagne d'Ardèche,epci,200072007,8.9767393989296,9.446891724989708,5.919514203375875,10.0,9.0,5.1241251543845205,5.800535199670646,5.114862083161795,6.514203375874845,7.498970769864141,8.675174969123097,5.723137093454096,6.0,9.472622478386167,4.189995883079456,3.0,2.0,2.6377109921778508,2.6751749691230957,1.5100864553314122,6.195553725813092,9.69514203375875,9.245780156442981,6.734458624948538,8.1424454508028,6.989707698641416,3.0,2.0,6.117244015761924,4858,6.0,809.0,True,0,0.0,3,3,0,0,220.0
CC Retz-en-Valois,epci,200071991,2.1165428902364245,7.2127478367513795,5.889452885467057,3.0,2.0,7.410540301151461,2.689923008789262,8.103188662533215,7.4081215507256255,4.549090413572256,5.042038563739184,5.594433467329836,6.171492811882537,6.924814335354636,7.161681542549568,9.434387136335763,10.0,5.786366423656061,7.665462969271649,7.316209034543844,4.927675955576753,4.762519588471759,4.372794167745452,5.498432922259317,7.431559583021054,7.332118280302514,9.434387136335763,9.363630169653199,6.235700415616271,29356,54.0,543.0,False,1,4.0,7,2,2,0,81.0
CC Thiérache Sambre et Oise,epci,200071983,4.0323601409039345,5.517344319063825,7.0004179353991285,10.0,10.0,6.633709475192549,3.0854976416502478,4.356976535912592,4.563197802853901,5.958325870201206,8.193384679682369,6.0333751268732465,8.564929249507433,8.655561526061257,9.18544390709893,10.0,10.0,2.4412203713654548,3.2835393157800468,3.399605946623679,8.758672159531912,7.593707086990268,6.016478595737059,6.67299540271061,9.490477043405576,9.879694310108066,10.0,10.0,7.11846123009476,16749,50.0,334.0,True,0,0.0,43,2,3,0,92.0
CC Pays d'Évian Vallée d'Abondance,epci,200071967,8.186723706278409,6.579106001312559,3.031452808633723,1.0,1.0,3.5421841958143943,1.4797404049488345,6.038671884494787,3.5276974307868065,5.7496900901776815,5.096400184730561,5.696312680780729,1.4069905933253932,3.862424345543375,5.284460756909166,6.246542378649036,3.3697528013417273,7.567608954570866,8.443061665977979,9.300381614447874,2.3963199727765487,1.6936389489803358,3.8617194526141807,6.085389271043485,3.6172674460999974,2.97805109258404,1.8806300284387838,2.618895991832965,4.340754096539081,41142,127.0,323.0,False,0,0.0,19,2,14,0,74.0
CC Haut Limousin en Marche,epci,200071942,7.919650693347376,6.828901176057574,4.123047217833948,7.0,9.0,4.8602334562050205,8.607600491486748,6.403589608565912,8.559724416359488,7.785545023696683,7.832455678427243,4.9788923995085135,8.320519571704406,9.202869931542917,5.527426715815341,1.767114270668773,7.320519571704406,8.1814551518343,9.48986308583465,8.626426189222398,7.231832543443918,7.243461470949622,9.446594698964367,8.766192733017377,8.913068281551693,6.2148060382657535,9.160259785852203,7.480779357556608,7.385458198550615,22788,17.0,1340.0,True,0,0.0,9,5,0,0,224.0
CC Pays de Fontenay-Vendée,epci,200071934,6.359156537122638,5.513753352736404,4.774439308337613,3.0,4.0,5.007704160246533,10.0,6.039690692233065,2.566626719169092,5.94256120527307,5.9129144552873365,4.670975289619357,3.7589453860640303,5.844575700507904,6.012754665297038,5.24105461393597,4.620527306967985,4.79763739085773,3.7868230325857444,7.883267705301604,5.141984819950921,5.548479141699481,7.419705529875022,8.20755578382697,7.5440849169662725,6.366147349198196,7.379472693032015,7.138418079096045,5.73140199411386,35049,75.0,467.0,False,1,4.0,8,2,6,0,130.0
CC du Limouxin,epci,200071926,7.0523525994772,6.992230612837641,6.840836479814116,7.0,10.0,4.324862038919547,2.212532674992739,3.118465001452222,3.372785361603253,6.4923395294801045,8.738200697066512,6.577584954981121,10.0,6.569307290153936,7.55652773743828,9.0,10.0,8.02773743828057,9.22415045018879,8.311392680801626,8.199281150159745,8.244481556781876,8.192165262852164,7.529225965727563,5.88585535869881,2.962097008422887,8.10114725530061,10.0,7.161627110908261,27546,33.0,834.0,True,1,7.0,12,3,0,0,151.0
CC du Pays de Saint-Fulgent - Les Essarts,epci,200071918,7.626243469548415,5.548736849638589,1.8614112932083304,8.0,1.0,4.579009518356831,10.0,9.79793172547055,8.172189222071138,4.232269376654977,2.4691547985400417,3.069705861303943,1.2636513275602947,4.78304587418593,2.030201102125528,1.5765046876118227,1.0,3.2374579546267803,2.1802404637515207,6.268947255421169,1.3239461819222786,3.539540542474773,3.013597652615759,5.333536105346025,6.472482645101267,9.32301581621699,1.7402490517426465,1.0,4.301538170553414,27946,85.0,328.0,False,0,0.0,1,1,0,0,59.0
CC Vendée Grand Littoral,epci,200071900,8.245060678900158,6.341414082194993,2.3817494283871725,1.0,1.0,5.335404819135839,10.0,8.3058568329718,7.036671161400012,5.3831271618690275,4.092132262414258,3.341824470891716,2.8435832795919564,5.281262824646773,7.075071818021926,9.157061616931465,5.091633933282523,3.048249985343261,2.8724277422758986,5.969250161224131,2.8153543999530983,2.6781966348126867,8.211174297942193,8.361962830509468,7.712991733599109,5.767690684176585,5.0,5.318725449961892,5.34528136751564,34115,67.0,509.0,False,0,0.0,1,1,0,0,186.0
CA du Saint-Quentinois,epci,200071892,3.3994198730662437,5.169798690995637,8.761032328441095,6.6674558706862355,10.0,5.000037187623959,1.2414592423641413,3.723051368504562,3.2843613645378817,7.138412336374454,9.049571102737008,7.697032427608092,10.0,4.79005107100357,8.469059896866323,9.537249603332011,10.0,6.014552756842523,6.986364537881793,8.64396568821896,8.42232744942483,7.744062376041254,5.635238992463308,7.48397213407378,7.131073978579929,6.929083201110671,9.496789468464895,10.0,7.086265105258685,80685,273.0,295.0,False,4,7.0,30,2,4,0,91.0
CC Le Grand Charolais,epci,200071884,7.033967154285144,6.336581354200414,5.942756747327236,4.0,5.0,5.927729458967777,5.853714456600294,8.332693697510404,6.985346524783812,6.632965335061181,8.219627682109303,4.787624292870137,3.7573205073890397,7.22279263338899,5.601191217883221,8.317491963017419,4.356318688165076,5.84501707080021,7.3134049393176666,7.8052433523562685,5.843521818227129,6.281556059511052,7.952650335185785,8.539960625015576,8.236773244947292,7.843048321578987,5.758716076457248,5.1982704911904705,6.46165300171954,40129,42.0,955.0,True,0,0.0,11,3,0,0,148.0
CA Saumur Val de Loire,epci,200071876,6.630369489407164,6.812433227841722,5.386079138865932,4.0,7.804108125541736,6.22126025519563,7.677336773569312,6.8700739785119636,4.378711524118607,5.805126085992461,6.325172851700296,5.059344070632345,5.939587574835211,6.401580358402709,6.56221653329033,8.935334314338125,7.46789896994497,4.301114717087625,4.176157552057086,7.376736076115221,5.561883932350985,3.992894434477615,6.620058860287448,7.889032232054667,7.479550081638412,6.604880162873672,8.594942449958676,6.396702211292306,6.331092356513651,99228,79.0,1255.0,False,1,4.0,9,4,6,0,101.0
CC des Vallées du Haut-Anjou,epci,200071868,6.793722591499573,5.797776980996773,3.4320544998207243,2.0,1.0,4.97752158203933,8.226521775105496,9.062884408528008,7.741594726535565,3.866922249496649,3.4971453788233995,3.9631519430730617,2.081087789944011,6.740822461869432,3.8764928151805167,3.2923573378933724,1.641696775795019,2.7965634222357063,2.15224646275202,5.861102683619714,2.062608599718675,3.069393496428276,3.45136111647406,5.633312187991285,5.031387042502137,7.086466061726012,3.7606531152605016,1.8833604545329177,4.31357885570865,36257,55.0,659.0,True,0,0.0,4,3,1,0,59.0
CC du Pithiverais-Gâtinais,epci,200071850,7.334242261310393,6.300522313541746,5.153660035332975,8.0,3.0,6.393885859128965,3.407634995007297,7.975228512174514,6.152392656886089,5.680735847607343,4.228665796144097,6.09620554574084,8.494200783470312,7.163338198018281,6.828980720485444,7.007757892311237,7.687303172286658,6.335932099239573,7.796489745756203,8.313618557492894,3.354251478608188,2.042476380674399,6.048890083723788,6.480643674629388,8.338543666948306,8.382364236884554,8.193102388816346,6.1311928719563715,6.368652134792007,26038,60.0,433.0,False,0,0.0,5,2,1,0,90.0
CC du Vexin Normand,epci,200071843,7.428854550521785,5.4234663859040655,5.928033939243799,8.0,2.0,5.964202768401821,5.630755891369646,5.007617749976776,5.75137026600192,4.705447000898028,6.503576626513486,6.192952032948317,9.361440559873657,5.931904747158827,7.268510203449664,6.2771188802526865,9.477657696714457,5.262626575418821,5.9446938965100795,7.598736568296535,5.663859040658966,7.003932740841669,4.222865636515653,6.099123649088038,7.560431053169418,7.5516985105131145,9.477657696714457,9.477657696714457,6.525578298702505,32295,93.0,347.0,False,0,0.0,3,2,1,0,74.0
CA du Grand Angoulême,epci,200071827,5.5921371934874005,5.508690990152092,5.880167329777929,4.176697988092215,8.723115776404526,4.663449871610373,8.446429075312508,2.9013868901492708,1.5231171872795508,6.548322469595643,6.202672197296764,6.8180112305651965,5.793447896385338,4.22218459888823,6.777603769858066,7.44050340020881,8.080694997037163,5.749456813115494,5.27922627613646,8.492226078613957,6.217592200682864,5.919982222974689,6.1229648127768845,7.654314455825503,4.833453257710432,3.379990970399842,4.175491689946105,7.873853664042439,5.892756618011632,141773,219.0,647.0,False,5,5.0,18,9,6,0,106.0
CC du Périgord Nontronnais,epci,200071819,8.608230398309002,7.593632340313099,5.199550828984742,7.0,6.0,4.754012814584847,9.0,4.520113613845036,4.921130854085475,7.593830503996301,8.005812801373935,4.9256886187991284,4.392033819935267,9.010370566087587,5.9575929717947025,6.594689213290177,6.0,8.043463901182376,9.132571504062355,8.75678710614968,6.267124644956734,4.559151859435894,9.65453464561728,9.132703613184491,9.28040161173129,6.73327168240967,8.405310786709823,5.0,6.965786096458532,15139,26.0,582.0,True,0,0.0,2,2,0,0,229.0
CA Chauny-Tergnier-La Fère,epci,200071785,1.7488345198944744,5.749376603664486,7.745708503487406,6.0,10.0,5.021755628636479,1.2010408008384228,5.092822810885042,1.989682338910773,6.039283003866864,8.151566622095334,6.671406888077771,9.557804199342272,6.657890932745474,8.16089046293954,8.939413103971667,10.0,4.626630768674786,5.0910339344440025,6.876549456109284,7.726121209930975,6.976166383578476,5.425355064869358,6.821220772650067,8.005167865274114,8.318546492718008,10.0,10.0,6.735509584557323,55346,143.0,387.0,False,3,8.0,23,2,2,0,85.0
"CC d'Arcis, Mailly, Ramerupt",epci,200071777,6.311615214054238,5.943288418898175,4.742623230428109,10.0,9.0,4.836090738529763,1.8440218318267099,8.198106771277503,8.349735630223435,6.0981579396213546,6.054153163909262,5.792768207402354,5.586218659389391,7.543407811700495,6.093723349820911,9.242026266416511,2.6941838649155723,3.816987890158622,3.796008869179601,5.281425891181989,4.889305816135084,3.3946784922394677,5.58698618454716,5.973221900051168,8.553470919324578,9.61828415486952,8.3980044345898,3.7802319631587924,6.122097414780342,11726,19.0,617.0,True,0,0.0,12,1,11,0,93.0
CC Picardie des Châteaux,epci,200071769,3.5572859375904593,7.235512070862039,5.306779366641579,10.0,7.0,4.567591038036242,2.6859260116945523,7.779540323047531,5.489492271174666,4.517397093730099,5.155444914027673,5.734556822787009,6.588432814218723,7.441266716841313,7.210444045620332,8.0,9.0,4.029873212528223,4.420830197417936,6.107335147339779,5.969721530712673,6.602732588432814,4.92809587217044,6.6749261853760204,7.490650147629248,6.541017773403578,9.14710820355468,9.0,6.3636414387442,17273,58.0,297.0,True,0,0.0,15,1,2,0,86.0
CA du Bassin de Bourg-en-Bresse,epci,200071751,5.81351575456053,5.63903965023368,5.599118046132972,3.5542740841248306,4.865128900949797,3.7825418362731797,1.6574099200964874,5.883514246947083,3.359573345394241,6.131320669380371,5.9495703301673455,5.679202472486055,3.6307628524046436,4.447346600331675,4.947565204281622,5.019470827679783,5.092446856625961,5.361427709935173,5.5902758932609675,7.900618121513644,4.102615709332127,4.324106739032112,5.647783808231569,7.00428916025931,5.061322176993818,4.048364239409016,4.360651289009498,6.630710085933966,5.038713090392194,132671,107.0,1239.0,True,2,1.0,61,5,48,0,91.0
CA du Choletais,epci,200071678,4.0162696663664414,5.439903800088151,4.344259624782017,1.0,3.5572025372247666,4.110601153632409,9.66148937393404,6.3603568211869765,3.2691681198857867,5.440833221547247,5.3631738305578445,4.544181055132897,2.162370887070502,4.003200275951938,4.927447636203361,5.687608991433992,4.53940938619857,5.364773968533814,5.2339267577563575,8.333959335415749,3.865847114960811,3.903378494912136,5.571460054040588,7.146225782342909,6.2457313684533275,6.684820727056704,2.6469923155050497,3.2887722055075406,4.882620160917213,104380,132.0,790.0,False,4,2.0,2,1,1,0,89.0
CC du Pays Fertois et du Bocage Carrougien,epci,200071652,8.193470374848852,6.316404675534059,6.422813381700927,9.0,8.0,7.692261185006046,5.6968964127368,7.816807738814994,7.8817009270455465,5.0483675937122126,3.870616686819831,4.618097541313986,4.0,7.326884320838372,3.4498186215235793,1.0,2.0,4.203546956872229,5.210600564288593,3.494961708988311,5.004635227730754,7.155582426440951,6.914550584441757,6.901854091092302,8.04292623941959,8.132003224506247,5.0,1.0,5.692671445845569,4962,21.0,236.0,True,0,0.0,3,1,1,0,130.0
CC Saint Cyr Mère Boitier entre Charolais et Mâconnais,epci,200071645,8.748690446495385,8.31641307059117,4.333624345223248,9.0,4.0,3.939386380643552,4.091793464704415,9.291219755550012,8.482539286605139,6.109254178099277,6.2504365178348715,4.93726615115989,3.0,7.92654028436019,3.2307308555749565,1.0,1.0,4.980917934647044,5.053255175854328,6.889997505612373,3.456472935894238,3.993389872786231,7.3946121227238715,8.176727363432278,6.350710900473934,4.8755300573709155,3.0,1.0,5.315339593058475,8018,31.0,258.0,True,0,0.0,3,1,0,0,114.0
CC Challans-Gois Communauté,epci,200071629,6.913471305231082,5.04564499746064,2.6817546978161504,1.557812764516675,1.0,7.824022346368715,9.562785678009142,7.004824784154393,5.53413323175893,4.855023700694092,3.9327916031826646,4.201604029117996,3.2166497375994583,4.881665820213306,6.132152530895548,8.330286101235822,5.9574868799729135,2.995704249195869,2.0541095310648383,6.432389537836465,3.3778567800914168,4.546808870831217,7.093596580328424,7.7400330116810565,8.047993905535805,8.299771457592687,6.524081598103945,5.242424242424242,5.392388570461198,47258,106.0,445.0,False,0,0.0,12,1,9,0,127.0
"CC Arbois, Poligny, Salins, Cœur du Jura",epci,200071595,8.086054499656514,8.666178154339363,5.148568811541104,3.0,3.0,7.283993588275704,8.530020609113809,7.299473322647126,7.603205862147927,7.292008243645523,8.907258987863521,5.825280512937944,1.8499198534463017,8.127913899702312,3.9440348065033204,2.5369819097778796,1.1517746736890313,4.9235172887565835,5.670437371193039,6.059949622166247,5.654133272269292,8.645019464163042,7.535882757041447,6.964598122280742,6.003251660178612,4.730386993359286,3.2710327455919397,1.1517746736890313,5.673666132356308,21835,36.0,606.0,True,0,0.0,9,3,6,0,130.0
CC Loches Sud Touraine,epci,200071587,7.7596994296170845,7.035137923650451,4.5294243609959315,4.0,4.0,5.1510054702252335,3.1916720200899373,6.763300823453834,5.54328486051899,6.595612139617279,6.987872062917324,4.938717903794117,5.109170900737799,8.252623177402715,5.866495357122,4.649457844225116,8.121298837820476,4.515135587611205,4.0742860480056065,6.627265471393253,5.3762969884560725,5.341645739648426,7.755260955050711,8.545640366758162,7.803286028538613,7.041756701512585,8.376024450544103,7.363896513461426,6.118402427256016,51369,28.0,1834.0,True,0,0.0,7,5,4,0,144.0
CC Bresse Louhannaise Intercom',epci,200071579,7.880532222771229,5.972577115832569,4.955001058798617,4.0,3.0,5.350144702477588,6.599632949812945,4.791840191995482,2.709465659631538,6.533458036281499,6.644561304439896,4.733641561375027,7.67741935483871,6.865179642831933,5.472047716524317,7.929519305428108,5.129032258064516,5.7727818168984255,6.709042140184937,7.684795651867015,5.292828404037552,5.482000423519446,8.298792969577187,8.844921295969506,9.535610926801722,8.685042704877532,10.0,5.903225806451613,6.3733248293317475,28335,55.0,515.0,True,0,0.0,12,3,0,0,142.0
CC Loire Layon Aubance,epci,200071553,6.8305725028376845,6.13294551645857,2.42648623723042,1.0,1.0,4.827344636776391,8.784921254256526,6.864731129398411,5.906853007945516,3.4987585130533483,2.5281640181611804,3.26280505107832,1.918984108967083,5.092526248581158,3.2542387911464243,1.6606129398410896,1.935141174801362,2.6423808172531214,1.6571899829738932,5.754699914869467,1.7635322077185016,2.3999893586833143,4.61705448354143,6.115688847900113,3.9175830022701477,4.164514755959138,1.4556434449489217,1.5642203461975028,3.677770796173179,56387,91.0,619.0,False,0,0.0,9,4,6,0,76.0
CC Sud Retz Atlantique,epci,200071546,8.358861526039563,5.573112636253533,4.842188130803391,2.0,3.0,5.622083165119096,9.0,7.580904319741623,5.152644327815906,4.58502220427937,3.7332256762212355,4.280379491320145,1.1828825191764232,5.7089220831651195,4.4080339119903105,4.431207105369398,1.3657650383528461,2.9065805409769885,1.4387565603552686,6.453532498990715,3.5658861526039565,4.873677836092047,4.469196608800969,6.409810254339927,6.962212353653613,8.094792087202261,5.701332256762212,1.3657650383528461,4.752384797277813,24770,70.0,353.0,False,0,0.0,10,1,2,0,69.0
CC Terres de Bresse,epci,200071538,8.713009516968935,6.115101454480158,3.7751391632249955,2.0,3.0,4.047180822409769,6.164616627760819,6.66766924043814,5.009965882564194,4.36312623451248,3.346920452504938,4.196938409050099,5.551804632788651,6.240572813790627,4.360028730472257,4.102397198778955,5.862048841802837,4.252873047225714,5.558717902675525,6.331163584126414,3.0726342251750762,2.976701382653977,6.479888669420004,7.670542287663854,7.986487699766565,7.630095169689352,6.3102442090141855,3.862048841802837,5.201711322884334,22276,56.0,397.0,False,0,0.0,5,3,0,0,110.0
CC Domfront Tinchebray Interco,epci,200071520,8.516872996920757,6.846289197511469,6.249418714258782,4.0,6.0,4.654873373970967,2.7513353861622574,6.6306164770941995,4.505184440394646,6.900647269528059,7.221014265066298,4.822032300634701,9.145352856155345,8.077043926349525,4.238421416451957,1.6161000439891913,3.0868472318230378,5.542700936341356,6.058442782630554,7.946521711807955,5.033745993841514,5.200087978382455,8.260353170363853,8.668007289637403,8.983849682649407,8.758562181863885,6.130270847734557,4.837302834160749,6.095781975204459,15913,43.0,370.0,True,0,0.0,4,3,1,0,137.0
CC Commentry Montmarault Néris Communauté,epci,200071512,5.0990562388798635,6.4820530672236405,5.5109847605786335,5.0,8.0,4.419857662257291,1.5611510791366907,7.664887444882804,5.743211882107217,6.547922951961012,7.535081612129651,4.936450839328537,6.714550939893247,7.841765297439467,6.202831283360409,5.704649183878703,7.714550939893247,4.945656378123307,4.581109306103504,7.0503597122302155,6.376692194631391,6.783515123385163,7.935754622108765,8.467007039529667,8.22638663262938,7.837394600448674,9.238183646631082,8.476367293262165,6.521336847572633,25855,35.0,738.0,True,0,0.0,5,1,2,0,146.0
CC des Collines du Perche Normand,epci,200071504,8.386895095810328,6.497645339395908,3.8337122442351412,10.0,6.0,5.709564793764209,6.5915881779798635,5.429278986683988,2.855391360831439,6.444056511854498,6.651753816174082,4.607664826242287,6.1411172458590455,8.098083793439429,5.596297499188048,4.572588502760636,5.427411497239364,3.548717115946736,3.0721825267944136,6.286375446573563,4.836472880805457,2.3309516076648262,7.516888600194869,7.842156544332576,9.402809353686262,8.961188697629101,9.286294251380319,2.713705748619682,6.022885445181644,12316,33.0,373.0,True,0,0.0,3,2,1,0,137.0
CC du Bocage Bourbonnais,epci,200071496,7.347355419936065,7.525864574251671,5.158384190642255,6.0,5.0601569311246735,3.550784655623365,2.2801511188607964,8.726460331299041,7.998401627433886,7.26467596628887,8.677056088346411,4.661145015983726,2.0,9.000944492879977,6.390947399011915,6.254286544609125,4.0,6.179889566986342,6.622929380993897,7.870095902353967,8.025428654460912,7.662016855565243,8.445510026155187,7.998038360941587,7.6898430688753265,6.207061900610288,7.0,4.0,6.4141938597583765,13764,18.0,764.0,True,0,0.0,5,3,2,0,149.0
CC Entr'Allier Besbre et Loire,epci,200071470,6.519439622108281,6.286890871654084,5.409503815252937,6.0,4.0,3.7375751947999514,6.4153982801081995,6.979127134724858,7.175259396826679,6.792119181234607,7.949614437401591,5.128467035407162,5.780733981993621,8.591868868343495,6.436634502805926,6.497597803706245,3.435181073115588,5.335823004562155,5.855585611046066,6.196374500383544,6.911946384593645,6.899551859178812,8.256247729016108,8.62408655981267,9.472122411078365,9.39109370584198,9.122653316645808,6.580241430820784,6.635040632587969,24769,22.0,1125.0,True,0,0.0,6,3,0,0,153.0
CA Evreux Portes de Normandie,epci,200071454,3.4061710212912963,5.427680503281878,7.0635375188639795,4.697885416098474,7.697885416098474,4.638193421698577,4.286223385879743,3.386170657648321,2.070983108783796,5.3925889561628395,6.765186639757086,6.870643102601865,9.023991345297187,3.993445335369734,6.408098329060528,7.672503136420662,7.931853306423753,6.303141875306824,7.212749322714958,8.521473117693048,6.050582737867961,6.997154493718067,3.991736213385698,6.014182076037746,5.335269732176949,3.915753013691158,7.268041237113402,9.157575592283496,5.98216785759741,110014,166.0,662.0,False,3,9.0,15,3,11,0,71.0
CA Privas Centre Ardèche,epci,200071413,7.67367938581414,7.57703678239945,6.3148619227684195,3.0,6.0,4.652962071731408,1.3363125931018678,3.8217256789274665,3.4686604789733013,6.824200756273633,6.856033001031283,6.28429013406669,7.309407585653719,5.947381689011115,6.212260799816661,6.157006989801765,6.221519422481952,5.7413773347083765,6.337893892517474,7.839578320155838,5.27551277644093,6.501776097169703,6.7392231007218975,7.719582903632405,5.677804514724419,4.018998510370116,6.7334479202475075,7.131660364386387,5.906221250961711,43638,72.0,606.0,True,1,3.0,13,2,9,0,112.0
CC Ardèche Rhône Coiron,epci,200071405,7.952472816555595,8.434145913714486,7.170071904594879,10.0,7.0,3.925683970536654,2.143326902841108,6.403761837951596,3.0035513854787794,5.271922132585058,6.034812346545072,5.965275341985269,8.780866362679761,5.531918625043844,7.191248684672045,7.027314977200982,10.0,5.63258505787443,6.049631708172571,8.23141003156787,5.444975447211505,4.197211504735181,4.369124868467204,6.429717642932305,6.02284286215363,5.686250438442651,6.7713083128726765,9.517800771659067,6.435329708874078,22808,80.0,285.0,False,2,5.0,4,2,2,0,77.0
CC Saint-Pourçain Sioule Limagne,epci,200071389,5.925615705636866,6.655675072003762,5.368365367660025,5.0,2.0,3.9168283077646504,5.364074531240816,8.128725092576266,7.300652442250044,6.7228296008934345,7.972256509727855,5.737142185387644,9.323399753129959,7.573091165579263,6.220390289778405,7.122465173690707,4.780197496032446,3.6906189384588255,4.336419208840298,5.288132604478928,6.53838241344854,6.772850173396814,7.517251513548463,7.616616704872745,7.816640216305179,6.608358314230294,8.304531828601657,6.304531828601657,6.282358658504841,34027,37.0,919.0,True,0,0.0,5,0,1,0,124.0
CC Bresse et Saône,epci,200071371,7.518338086185044,5.096245247148289,4.030814321926489,1.0,1.0,3.9416191381495564,2.1547053231939164,6.452352661596958,4.142942015209125,4.094462927756654,3.0018219264892267,4.201996197718631,1.558222433460076,4.428707224334601,3.3790795310519646,1.9081115335868188,2.593789607097592,3.9572639416983524,3.8169756020278833,7.056677756653992,1.7919439163498099,1.8510773130544993,5.10927598225602,6.788696134347275,6.498494930291508,6.6293963878327,5.560163181242078,1.855117237008872,3.979224662773855,25248,97.0,260.0,False,0,0.0,19,0,19,0,83.0
CA Vichy Communauté,epci,200071363,5.063036279699321,5.649227757232978,6.59965436395717,4.600609092886665,8.600609092886666,4.019275856234742,5.895112754695091,4.998670630604501,2.4208179247335218,7.319967128320402,7.725267686655548,6.404889662340174,6.721231237763759,4.513511227128804,6.905638943272183,7.8769366495057165,7.84019771348464,5.968965267203249,5.38920310347328,8.629408068063713,7.155572474802407,6.893928407415464,8.174328668455273,8.52987455586977,5.978391704734972,3.6546540014018802,6.075278563314239,7.87211466415295,6.338441910010324,82757,111.0,745.0,True,3,7.0,15,3,10,0,151.0
CC des Hauts Tolosans,epci,200071314,6.913784475907338,5.6394784093250525,4.089482824596002,2.0,1.0,6.136137520972537,2.050039737438554,7.311718129102522,6.660966061283961,4.179053954611015,4.998057280781797,5.973596679716246,2.688223000618138,4.191387278132635,4.559915226797751,5.606246136637918,2.5667736143408,6.909722426632914,7.121625997115356,9.259559061607748,3.0844788508521472,3.3430371177111233,2.563300267859771,4.682571453801549,2.6139581432313896,1.8879404232773085,2.0157477997233095,2.323668795808436,4.370373952424404,33974,89.0,381.0,False,0,0.0,1,1,0,0,53.0
CC des Terres du Lauragais,epci,200071298,6.2589003213831935,5.649343531228979,4.074690450683874,1.0,1.0,4.913550412317198,1.6048232392436284,6.373551907122748,7.3635367099329825,3.5202670719250606,3.75211141284038,5.176013353596253,2.641196840977603,5.027554248984778,3.5486683773885748,2.76671068038566,1.3104711128827324,4.220558559007449,3.0057550013702383,7.097087620518698,2.7751314183213336,4.333516031789531,3.3132863300032387,4.438202247191011,2.0575998405540745,1.6271456688009167,1.8838536087097337,1.2133087520864994,3.6409583839016557,40139,64.0,627.0,False,0,0.0,4,1,2,0,62.0
CC Nièvre et Somme,epci,200071223,4.934720739950196,6.139523301316258,4.100604766986837,3.0,4.0,3.977018854500178,3.350337958022056,5.959765208110992,4.508110992529349,3.9684453930985413,3.6377090003557453,5.171931696905016,5.433902525791534,7.140519388118108,7.068445393098542,5.844895055140519,8.689398790466026,2.3334400569192457,2.3752045535396658,4.172287442191391,5.407257203842049,6.526111704019922,5.061543934542867,6.6860192102454645,7.727605834222697,8.886268231945927,8.598790466026324,8.9017075773746,5.485770188545002,28110,89.0,315.0,False,0,0.0,13,0,1,0,86.0
CC Chavanon Combrailles et Volcans,epci,200071215,7.7598205148390145,8.364480831299693,5.1641344564276155,7.0,2.0,4.44729591435094,5.2959143509407225,6.624970479414311,7.257025899393844,7.186412658427143,7.482563174053373,4.938754624891758,3.0,9.141698811304416,3.1960166889711092,1.0,1.0,3.5049988191765724,2.5382193182712744,5.4279304101393375,4.716287491143825,3.9141147760371564,7.950956466976304,7.431787766669291,8.208690860426671,8.3710934424939,3.0,1.0,5.2472559912731525,12703,15.0,846.0,True,0,0.0,6,5,5,0,155.0
CC de Pouilly-en-Auxois/Bligny-sur-Ouche,epci,200071207,6.143174121219199,7.404647903772043,6.609599439448791,8.0,1.0,5.331776246642532,9.0,5.673011794931683,6.235548289150999,6.836739460469461,8.697419128809997,4.755342753707812,1.0,7.9869204717972675,4.568142006306201,2.0,3.0,5.215228307836039,5.647553427537078,5.055587994861614,5.471213359803807,5.683872474600023,7.244306901786757,4.985402312273735,6.384327922457083,4.095760831484293,7.0,8.0,5.679484826746301,8563,17.0,503.0,True,0,0.0,5,2,2,0,120.0
CC Plaine Limagne,epci,200071199,6.8159335472909195,5.815131206343213,5.1239380781574475,4.0,2.0,4.050877855389843,3.7264489333585047,5.3148952237115346,3.895176515008495,4.514017368321691,4.6407872380592785,5.458561449877289,6.094534642250331,6.169482726071361,5.036671700962809,7.686331885973193,6.592222012459883,3.5967056824617707,3.616481026996413,6.388993770058524,4.097460826883141,3.372333396262035,5.628516141212007,5.865631489522372,6.714130639984897,6.896781196903908,8.55625825939211,7.444166509344912,5.3254453329377816,21188,59.0,359.0,False,0,0.0,3,1,0,0,86.0
CC Somme Sud-Ouest,epci,200071181,7.736813527769159,6.035215637604716,4.783896990381632,4.0,7.0,6.189730065156686,4.829092977557141,5.80494363429517,5.493536043024098,4.181275209432206,4.10644844347916,5.3525959251215225,6.184274485469024,7.56991415865136,6.016030613300238,3.876667700899783,7.1844554762643495,1.8492088116661496,1.163331264867101,3.339719722825525,5.9807374082118105,7.67506981073534,5.601846106112318,5.939445651049747,7.262203950770504,7.97313579480815,8.246302616609784,6.245940635019133,5.629351166467208,38676,42.0,920.0,False,0,0.0,46,3,1,0,92.0
CC du Pays Arnay Liernais,epci,200071173,8.664795058955644,7.298147108366086,5.2279618192026955,8.0,1.0,5.37128017967434,9.0,8.718837731611455,8.223189219539584,7.424340258281864,8.913531723750701,4.307271195957328,1.0,8.844609769792251,4.571869736103313,8.0,1.0,5.102049410443571,7.180095451993262,5.376052779337451,5.283688938798428,8.664373947220662,8.762071869736104,6.942167321729365,8.771055586749018,8.487647389107243,6.0,1.0,6.326251303441085,7124,15.0,474.0,True,0,0.0,2,1,0,0,175.0
CA Les Sables d'Olonne Agglomération,epci,200071165,6.810793104093743,5.66059562360781,2.10725717387642,1.0,1.8301293450386538,5.147352264006139,10.0,7.817831271175336,2.7331299253130674,6.941991277165266,8.642925331785936,4.932351234487019,6.761095408344721,3.982760234355989,6.75819403627651,7.180484061172154,5.530258502892012,3.215581303932763,1.9053965520468712,7.490388035115961,4.352844280553319,4.790352469909965,8.822005503247665,9.277577073545102,6.643337139434326,3.3014619171517885,2.9566666042715686,6.486925107163581,5.467131599284415,53430,308.0,173.0,False,0,0.0,4,0,1,0,222.0
CC des Hautes-Vosges,epci,200071157,6.838251826869027,8.76177627880832,3.786143901068016,2.0,8.0,7.662731871838111,10.0,5.1684935356942105,4.038167509836987,6.665851602023609,6.237633501967397,4.472006745362563,4.825491849353569,7.01433389544688,5.326644182124789,5.522625070264193,4.25061832490163,4.997948285553682,4.6590500281056775,7.984935356942103,3.7609893198426083,3.565682967959528,8.401208544125913,8.59168071950534,7.93327712197864,7.35300730747611,3.485609893198426,4.558684654300168,5.923673010519555,35580,70.0,508.0,False,0,0.0,3,2,1,0,
CA Moulins Communauté,epci,200071140,6.216104695919938,6.052163202463434,5.637551963048499,3.9033718244803697,7.204495765973826,4.245650500384912,4.361247113163972,4.014257120862202,3.0219707467282526,7.204896073903003,8.132748267898384,5.859969207082371,3.6722709776751348,5.912055427251732,5.681770592763664,5.160153964588145,5.762709776751347,5.002093918398768,4.909561200923788,7.8780908391070055,6.263217859892225,6.68698999230177,7.303140877598152,8.256412625096228,6.417059276366436,4.739445727482679,7.820169361046959,8.82016936104696,5.933562080721436,64958,48.0,1353.0,True,1,6.0,15,4,0,0,120.0
CA ECLA  (Espace Communautaire Lons Agglomération),epci,200071116,5.3166593790992565,5.606092406354759,7.003293980469318,2.0,7.018831074187436,4.408599329543798,7.79889228975368,3.6582422387407085,1.360326483019968,7.375630374580965,8.865063401836467,6.978691152893164,5.831307389593354,4.30132633726862,4.951523101588689,2.7718699897974055,5.326599621046495,5.386853228392362,6.212738667832677,8.04917650488267,6.432560851187874,6.692114852062382,7.333770587377933,8.557586357673808,4.727240926978575,2.0294417723363942,4.920361463343536,8.65319924209299,5.698856892997688,34311,173.0,198.0,False,1,11.0,11,1,0,0,122.0
CA Montluçon Communauté,epci,200071082,6.558161596336277,5.656493294079163,7.054170755642787,5.142623487078835,10.0,4.402142623487078,1.1252208047105006,3.5756297023225385,1.4502616944717044,7.806444226365718,7.958423290807982,6.8652273470722935,7.5034347399411185,4.8428361138370954,6.944373568858357,7.470117762512267,6.575302584232908,5.841151455675499,7.301275760549558,8.541331370624796,7.997006869479883,6.98480536473667,8.227199869152765,9.338828917239123,6.91120379456984,5.078982662741249,8.144978737324173,6.64579653254825,6.497979461657087,61148,162.0,377.0,False,5,7.0,21,2,10,0,140.0
CC Les Portes de l'Ile de France,epci,200071074,4.440001773128241,6.268185646526885,4.19854603484197,10.0,4.0,4.601400771310785,3.836960858194069,5.207899286315882,2.4732922558624053,3.8588146637705574,2.562524934615896,5.78673700075358,9.400682654372977,4.688239726938251,5.850170663593245,6.715944855711689,5.577020257990159,6.99698568198945,8.21131255818077,9.120173766567667,3.3833503258123145,2.788377144376967,3.3213351655658494,5.589166186444435,4.959351035063611,4.538055764883195,5.9617004299835985,5.577020257990159,5.354044632170878,22559,154.0,146.0,False,0,0.0,1,1,0,0,67.0
CA de Saint-Dié-des-Vosges,epci,200071066,7.689935520044855,7.620369257879771,5.617499032133178,5.526466151361021,9.26323307568051,5.404247934104957,10.0,3.5582255329942463,2.1556329849012776,7.135247707156875,8.200128158917057,6.502342905202451,8.450198245824822,6.528655532860747,7.891932663168996,9.378335803062464,9.347283965450492,5.092701616671339,6.568785293764268,7.068177873896966,6.352250123486456,5.956118920795119,6.747526933397412,7.686544648697718,7.91869918699187,7.560201316298877,8.330329608714806,9.212637003217322,7.098703821309852,74913,76.0,985.0,False,2,4.0,11,10,2,0,118.0
CC Les Avant-Monts,epci,200071058,5.366322770817981,6.033529845246868,5.597420781134856,6.0,9.0,3.681171702284451,2.0157700810611643,4.433529845246868,3.061090641120118,4.438577745025793,3.089719970523213,5.8784082535003686,6.521407516580693,6.475497420781135,7.8209653647752395,9.026160648489315,10.0,7.106079587324982,9.270891672807664,8.29572586588062,5.4431466470154755,4.788540899042005,7.2931098010316875,7.338909358879882,5.535519528371408,3.070228445099484,9.120744288872514,10.0,6.275088167175491,27140,76.0,357.0,False,0,0.0,3,2,1,0,114.0
CC du Chaourçois et du Val d'Armance,epci,200071041,5.6387299771167045,7.637871853546911,5.943935926773455,10.0,9.0,5.194698703279939,1.4265827612509534,7.4451754385964914,6.726926010678871,5.810068649885584,7.3472540045766594,5.477307398932113,5.0,8.48321891685736,6.766590389016018,10.0,9.0,2.684687261632342,2.0597826086956523,2.9534706331045,5.739702517162471,5.276220442410374,7.732456140350878,6.123283752860412,8.700705568268498,8.101353928299009,9.0,9.0,6.581072245831971,10488,17.0,616.0,True,0,0.0,7,2,6,0,123.0
CC Jabron-Lure-Vançon-Durance,epci,200071033,5.749522353840275,8.016622086358426,4.42376767290791,10.0,8.957011845624761,6.398930072602217,8.707871608712265,5.455292319449752,3.4054260603744746,5.340275124188001,3.0,5.864157432174245,6.0,6.385747038593809,6.794230034390523,9.0,6.0,4.92300343905235,6.063813526939243,5.839128773404662,3.9686664119220483,4.564386702330913,6.9581581964081005,6.402942300343906,4.524646541841803,2.1253343523118073,6.0,6.0,5.959604781920411,5234,17.0,307.0,True,0,0.0,0,0,0,0,120.0
CC Haute-Provence-Pays de Banon,epci,200071025,6.172121953706536,8.1304170490466,6.374936270011217,10.0,9.0,5.798817171408178,7.352401345977363,5.4866931783420005,6.492811257265219,6.740185581727338,5.316202712348322,5.883756500458856,7.0,7.80422147445702,7.7326399510553685,10.0,9.0,6.590802488018762,7.792087284592638,8.480677067400837,5.53043744264301,4.298766187417151,7.984398898745794,7.924033853370042,4.569287243805445,1.500560823901295,6.0,9.0,6.927009133417821,9807,20.0,490.0,True,0,0.0,1,1,0,0,147.0
CC des Terres d'Auxois,epci,200071017,7.452600936590305,6.626945956208075,7.072522465510695,10.0,5.0,5.395392988229338,7.615048728009112,7.1614985444880395,6.467599038096443,7.279521579546893,9.224338691304897,5.720478420453107,5.0,8.320972028857106,4.857992659157069,3.73864067839514,5.52271864320972,4.489178584989242,4.8691304898114165,5.120174661435262,6.660549297557271,9.47126945956208,7.358688773572966,5.588026832046577,6.8841285913175545,5.431780787242121,6.78407796481458,3.5227186432097204,6.379856980129097,15803,20.0,790.0,True,0,0.0,9,3,4,0,128.0
CA de la Baie de Somme,epci,200070993,3.9002290763315064,5.119262865090404,6.8801030843491775,5.934017835228667,10.0,6.630266710300254,5.255256483678312,3.140534238730263,2.2164157735416836,6.12472388120756,8.268326106520494,7.008631268919251,10.0,6.6901333551501265,7.735907714963593,7.465290845128037,10.0,3.1712550110447517,1.4186983555591917,5.798024216640759,7.507690419700564,7.952896179334043,6.531109383948294,8.414771332733372,8.064223185797267,7.231980692137773,9.517364804057923,10.0,6.71346831500333,48896,122.0,400.0,False,3,2.0,16,2,3,0,122.0
CC de l'Est de la Somme,epci,200070985,8.33208513992905,5.0120713441072136,6.499901458415452,10.0,9.0,7.405252266456444,4.400472999605833,4.888450926290894,3.7918309026409145,5.218417422152148,6.274783208513993,6.194668900275916,9.340756799369334,7.813312968072527,8.472999605833662,8.201813165155695,10.0,2.9471324398896335,3.0830212849822627,4.594156484036263,6.782863618446985,7.025719353567205,6.29700433582972,6.988716988569176,9.339525029562475,9.87761135199054,10.0,10.0,7.0636631426319045,20297,76.0,267.0,False,0,0.0,29,1,10,0,100.0
CC du Grand Roye,epci,200070977,7.12248243559719,5.667525370804059,6.66455893832943,9.0,8.445667447306791,4.473185011709602,4.158704137392662,5.522833723653396,5.117993754879,5.516393442622951,7.736533957845433,7.027790788446526,9.463778298204527,7.070921155347385,7.710772833723653,10.0,9.463778298204527,2.8462138953942233,2.3599141295862607,4.752654176424668,6.816588602654177,8.338173302107728,5.31615925058548,5.501092896174863,8.697931303669009,9.364090554254489,10.0,9.463778298204527,6.914982714397234,25620,64.0,400.0,False,0,0.0,17,3,2,0,85.0
CC Avre Luce Noye,epci,200070969,7.983927099551241,5.990475318252587,4.481637512592728,9.0,5.0,5.756616906310102,2.823793387672864,8.394221082516713,7.273788808498947,3.52165949262753,4.229508196721311,4.915605824709222,4.830570565070062,6.548493451781298,5.254739445004121,4.571160362670574,6.726806484110266,1.9196354977562047,1.0,3.536450224379522,4.34824617638978,4.43506731385658,3.929251762981958,5.280932319809506,5.345590255517904,7.473257624324572,4.648868944042495,5.908508105137833,5.183171862938783,21838,56.0,389.0,False,0,0.0,13,1,1,0,67.0
CC du Territoire Nord Picardie,epci,200070951,6.899106942799526,6.2697096763868,5.747447264812266,3.0,6.0,5.275375308088729,4.1163215005921705,6.043628565026728,5.393649371018854,4.1749303799494255,4.484619570436285,5.43900643385295,9.191927275055216,7.08162350757018,6.449025319291956,5.347652123811658,9.191927275055216,2.7161422489677025,1.846547805768061,4.551550846643833,5.312506001728498,6.235523830863289,4.943343682980698,6.18139624211773,6.606734739605006,7.024583079927019,6.966102237444384,9.191927275055216,5.774368160887478,31242,57.0,548.0,False,0,0.0,11,1,1,0,83.0
CC du Vimeu,epci,200070944,3.7006802721088436,5.067806343316548,4.91364078098772,3.0,5.0,4.139367435285803,2.675324675324675,4.337662337662338,3.3433607209117415,4.610036222281121,3.984053361604382,4.944164678858557,7.26080042406573,6.784521600848131,7.385060517713579,6.096784168212739,9.19882498453927,1.6428571428571428,1.0889654563123952,3.819816238183585,5.4014930647583705,6.214418234826398,6.417748917748917,7.433253821008923,9.07381394116088,9.513075360014135,9.19882498453927,8.19882498453927,5.515899309631088,22638,119.0,190.0,False,0,0.0,11,0,1,0,105.0
CC Ponthieu-Marquenterre,epci,200070936,7.938537352238716,6.263415666475194,4.81461438461771,4.0,4.0,6.243673851921274,5.8496236055264985,5.593826525984824,4.257066844030596,4.574628896211869,4.874021223206458,5.247029658070563,4.187199564652175,8.171206578589352,6.586449798953956,4.570698672793784,8.093599782326088,2.229222722737854,1.8671584484687245,3.7227378540980136,5.828007376727031,5.7931493182574,6.735798288841189,7.442361761949391,8.114127641563623,7.91589321885298,8.187199564652175,7.093599782326088,5.721244585145484,33077,42.0,787.0,True,0,0.0,10,3,1,0,112.0
CC Terre de Picardie,epci,200070928,8.301702896566828,5.107758856704813,5.6944094617532715,10.0,3.0,6.5298143787986636,3.607950501012977,7.555932760225593,6.342605267480699,4.335432294803701,5.8602639215901,5.802223073974703,7.6657723265619016,7.346766686743689,8.04347588019493,10.0,8.328533099709796,2.725236817609374,2.1034879264085857,4.492252094398511,5.864644362919564,7.812955155231889,3.7935169468323933,5.593604555658983,8.325904834912118,9.573016481410502,10.0,7.492799649564693,6.475002151109581,18263,61.0,299.0,True,0,0.0,12,0,1,0,67.0
CC Tille et Venelle,epci,200070910,6.766626360338573,9.43409915356711,6.5703345425231765,8.0,6.0,7.094518339379283,8.211406690850463,9.94236195082628,9.903063280935108,4.81217251108424,4.972591696896413,4.760378879484079,6.972591696896413,8.617089883111648,5.329101168883515,1.4862958484482063,5.0,3.71664651350262,6.972591696896413,3.917775090689238,4.502216848045143,2.0,5.66968964127368,5.230552196694881,7.690648931882306,8.972591696896412,7.458887545344619,3.0,6.178722577301779,4962,15.0,330.0,True,0,0.0,1,0,0,0,99.0
CC Auxonne Pontailler Val de Saône,epci,200070902,8.440005133250631,6.295076357103135,7.046327586944432,8.0,3.0,4.788167857295632,9.119818625144372,7.095478461735894,5.470975745390769,4.68229456303204,6.8795397185267575,5.559010993711768,6.976344270008983,6.680112931513881,4.946443085083629,7.976344270008983,2.3254480900029946,4.516533344740557,7.0994567309748895,6.777901356033708,4.764854344013346,4.388715404029602,4.846301920691277,6.250074859905035,7.868674338024554,8.713094066817812,9.325448090002995,2.0,6.136872933713844,23378,60.0,389.0,False,0,0.0,3,2,1,0,84.0
CC de Gevrey-Chambertin et de Nuits-Saint-Georges,epci,200070894,7.154391982781814,7.554210384718859,5.751614205004035,8.0,1.0,4.982176486413775,9.0,5.994989238633306,4.063828356201237,4.52152273338714,4.931194511702986,4.742265267688997,2.6382835620123757,5.257869249394673,3.118610438525693,1.3645412967446866,2.0228679042238364,4.192729351627657,5.612624428302395,6.254102771051923,5.140772128060264,7.707257196663976,5.109900457358084,5.862758945386064,4.437819478073715,3.7848735539413507,3.9570890503093894,1.2848399246704332,4.8372547465313795,29736,60.0,495.0,False,0,0.0,2,1,0,0,90.0
CC Usses et Rhône,epci,200070852,7.8101791491622,7.796561881307644,3.4467139890868705,8.83664107392921,2.0,3.916123424598001,3.6283741368487132,4.486841469892317,4.553430875464774,4.029504080351538,4.363899753730262,5.124776667149549,3.3787725143657346,4.752185040320634,3.433869332174417,6.451204790187841,1.0,7.8107586073687765,9.225022936887344,9.608769134192864,2.999420541793423,3.632768361581921,2.74141677531508,5.16162055145106,4.148969047274132,4.760200878844946,2.1128011975469603,1.0,4.7218152218152225,20709,75.0,276.0,False,0,0.0,5,0,2,0,57.0
CC Orne Lorraine Confluences,epci,200070845,5.73033072646754,6.209610854612268,6.6241402054084615,4.0,7.0,5.11487797983605,8.349985866390275,3.3773862244417225,1.7067747102610007,6.243738810892302,7.571450108357674,6.547083765193631,8.157467257137473,5.510694431357769,6.841609347027231,9.09448789220767,7.985715631772354,5.704871384151512,7.19628757184585,7.792424385187977,6.411231508527278,5.4956185809855835,5.661151418072175,7.744483181004428,7.490191274851597,8.0118156977292,6.363120701027042,7.51491566946198,6.480409470864572,53068,133.0,398.0,False,0,0.0,4,3,0,0,95.0
CC Neste Barousse,epci,200070829,7.111494411480613,7.104181040430523,7.139643990616807,10.0,7.0,6.319994480474679,1.9626052159514282,5.178556644128605,7.202842555540223,6.765696150131089,6.875810680281496,5.983855388436594,10.0,6.9098937491375745,5.696288119221747,4.0,6.0,4.531254312129157,4.320960397405823,4.511246032841176,5.845729267283014,9.121015592659031,9.109010625086242,6.82986063198565,6.732716986339175,3.183524216917345,5.0,8.0,6.372720731731357,7247,23.0,315.0,True,0,0.0,3,2,1,0,191.0
CC Pyrénées Vallées des Gaves,epci,200070811,6.471932114882507,7.715535248041776,4.998107049608355,2.0,8.0,5.858485639686684,5.245757180156658,6.282506527415143,6.21958224543081,6.8313315926892955,9.33668407310705,6.17630548302872,6.757441253263708,6.6238903394255875,4.675391644908617,8.378720626631853,2.0,5.030156657963446,3.8469973890339424,7.273107049608355,4.780939947780679,8.277349869451697,8.38831592689295,7.802741514360314,5.322715404699739,2.444255874673629,1.5680809399477806,2.0,5.725226128310332,15320,15.0,1021.0,True,0,0.0,6,6,0,0,173.0
CC des Coteaux du Val-d'Arros,epci,200070803,5.133213159080667,7.513204146011717,5.495087877422263,4.0,9.0,5.20793150067598,2.317260027039207,6.9776475890040555,5.9025687246507434,3.7409643983776477,3.7501577287066246,5.351780081117621,8.0,5.5604326273095985,4.657323118521857,8.0,4.0,3.9966651644885083,3.7451104100946373,3.783596214511041,4.954303740423614,7.087607030193781,6.852726453357368,5.629743127534925,4.509058134294728,2.9209553853086976,2.0,3.0,5.110262022790188,11095,42.0,264.0,True,0,0.0,1,1,0,0,116.0
CC du Pays de Trie et du Magnoac,epci,200070795,7.68041087962963,7.421730324074074,6.1548032407407405,7.0,9.0,6.615596064814815,2.490162037037037,8.740162037037036,9.407262731481481,6.458043981481482,7.791666666666667,5.492621527777778,8.0,7.586950231481482,5.284143518518518,1.0,6.0,8.10228587962963,9.703414351851851,6.362268518518518,8.124855324074074,9.728153935185185,9.18894675925926,5.0415219907407405,7.044126157407407,3.877314814814815,5.0,7.0,6.832015749007937,6912,20.0,345.0,True,0,0.0,1,1,0,0,220.0
CC du Plateau de Lannemezan,epci,200070787,5.939870386024232,7.720033812341504,6.349788672865596,5.0,7.0,5.89585798816568,3.2070442378134687,6.60326852634545,5.7364327979712595,7.253254437869822,9.229078613693998,6.188898281205973,5.637362637362638,6.884474499859115,5.319582981121442,5.654945054945055,7.9824175824175825,5.690898844744998,5.947759932375317,6.839335023950409,7.050324034939419,8.538517892364046,8.413468582699352,8.159876021414483,6.597125950972105,4.127923358692589,4.654945054945055,10.0,6.557945900253592,17746,41.0,432.0,True,0,0.0,2,1,1,0,170.0
CC Brie des Rivières et Châteaux,epci,200070779,5.911211399016277,5.388266315095583,3.965265453070331,9.0,4.0,3.9488362659094367,2.178464580903605,6.785457126920542,4.38517316566097,2.773819786014908,1.4860301201764616,4.831144465290807,2.8977739465544343,4.328507682166219,2.658283048526951,1.8358348968105065,1.0,6.745525074793368,8.013006439835708,8.950585670097865,2.2484407484407485,2.2021195679732264,2.531007555397799,4.353126109223671,3.321763602251407,3.455276101617565,2.224582931900005,1.837837837837838,4.044904996124507,39442,107.0,368.0,False,0,0.0,1,1,0,0,54.0
CC Ambert Livradois Forez,epci,200070761,6.616889243721875,8.737588909856292,4.976883437363914,5.0,4.0,4.4804398316156195,4.103570910146611,5.802946726665699,3.958085353462041,7.631514007838583,8.488713891711424,5.445746842792858,3.240746116998113,9.13478008419219,5.249383074466541,3.2105167658586153,4.0,5.140949339526782,5.6147481492233995,6.622768181158368,6.357490201770939,6.458194222673828,8.591885614748149,7.893707359558717,8.105857163594136,6.33843808970823,4.0,5.0,5.864351554237603,27556,22.0,1252.0,True,0,0.0,12,3,7,0,171.0
CA Riom Limagne et Volcans,epci,200070753,4.175587525690287,6.0099633634170315,4.485762368569982,1.0,3.132219342924374,3.3650105739731333,1.2790337473565068,4.637461650731242,2.0783069728651,4.899204718077026,5.4905429958597685,5.370372025139249,6.190763411074375,3.6246388466922825,4.008608107705597,3.2331635540464063,2.763306823935901,5.457927501265898,7.372948500282965,7.611905400172758,4.763440860215054,4.315923509963364,4.978866946653561,6.236350638906264,3.420293092663748,2.859559765287582,5.096535906829893,7.331367467905758,4.47103805779304,67152,165.0,406.0,False,0,0.0,7,1,4,0,85.0
CA Sarreguemines Confluences,epci,200070746,4.741959899904229,5.408631715530292,5.909079674997683,4.286045290246841,8.64302264512342,4.4259476659767065,10.0,6.63696746887454,3.115202817510581,5.596419413636504,5.617427167969353,6.191572183261763,8.88649633908987,5.2259105934690595,6.351138434922302,6.245466341252433,8.007939695387563,8.292131360252093,9.323627544873181,9.605811115573543,6.404430164663721,6.062220025332881,5.8553708795452435,6.924186721863512,6.684420278661682,5.580725385399611,6.258472612684977,8.513794062220025,6.599800624936559,64744,189.0,342.0,False,2,2.0,11,1,9,0,113.0
CC Mad et Moselle,epci,200070738,4.419391939193919,7.124912491249125,4.7942794279427945,8.935243524352435,6.648864886488649,5.5721072107210725,7.922442244224422,5.688618861886189,4.034453445344535,4.427992799279928,3.4937993799379936,5.163716371637164,5.0,6.6397639763976395,4.343084308430843,5.4494449444944495,5.0,3.630763076307631,4.985148514851486,5.083958395839584,3.790929092909291,6.204620462046204,4.908940894089409,5.2616261626162615,4.873887388738874,3.8621862186218623,2.0,4.0,5.116434857771493,19998,42.0,476.0,False,0,0.0,9,2,8,0,93.0
CC Médoc Atlantique,epci,200070720,7.7060896955152245,7.994675266236688,4.935240737963102,4.0,4.0,7.366956652167391,7.300547472626369,7.252324883755812,6.2011774411279434,7.43321583920804,7.400367481625919,4.629481025948703,5.929953502324884,8.32758362081896,7.966739163041848,8.879181040947953,10.0,5.379518524073796,5.4888630568471575,8.327208639568022,6.1758662066896655,4.35221988900555,9.141855407229638,8.678378581070946,6.675828708564572,3.5332233388330585,6.047172641367932,10.0,6.825845314877114,26668,21.0,1269.0,True,0,0.0,7,3,3,0,202.0
CC Thiers Dore et Montagne,epci,200070712,6.25354309533414,7.475541212854646,6.150974855452468,6.0,8.633212316794406,4.2652144681995425,4.189108511496571,6.1855318004571735,3.0015866612881537,6.989108511496571,8.138362242839856,6.093397875487428,5.0842006185289765,7.2686836089821165,7.679091031329837,9.518811348662094,8.991233024068846,6.194433239209358,7.409627537985747,8.266828022051902,6.185316659943526,5.198547801532876,7.426112679844024,8.000053785128411,8.341454887723545,7.189135404060777,10.0,9.208148446954418,6.976330701703837,37190,59.0,630.0,True,2,5.0,6,3,1,0,129.0
CC Couesnon Marches de Bretagne,epci,200070688,7.981405710129114,6.471994908165121,4.5352336788507,2.0,1.0,5.349290780141844,5.470540098199673,6.445126386615748,5.269230769230769,5.611474813602473,4.623886161120204,3.8050554646299326,2.461993089652664,7.367066739407165,3.313511547554101,1.5872431351154754,1.567103109656301,4.354519003455174,2.7488634297144934,7.345517366793962,4.1112020367339515,6.7527732314966356,6.379068921622113,7.646663029641753,8.26950354609929,9.846062920531006,5.698354246226587,2.532414984542644,5.0194678253188885,21996,54.0,407.0,True,0,0.0,12,1,11,0,93.0
CC du Pays de Dol et de la Baie du Mont Saint-Michel,epci,200070670,7.878617875812827,5.3438735177865615,4.9928173743040505,3.0,4.0,4.278804879085384,4.394704407327128,7.027710484933486,6.561222321390624,6.414934761358324,6.632028560499808,4.892983127204726,4.214246249309363,6.943644013770241,4.29848272344766,3.2428492498618726,2.0,3.697182200688512,3.00450507883888,6.76888095541672,4.888350546134557,6.332483318458073,7.181350673636788,7.762930851289898,7.707254876960347,7.087721535126865,6.757150750138128,3.0,5.368026083313601,23529,72.0,326.0,False,0,0.0,7,1,6,0,107.0
CC Bretagne porte de Loire Communauté,epci,200070662,8.731448653355725,5.679231199850719,5.017042980655595,1.0,3.0,3.624681221620949,2.1063942277788144,9.843285438825651,9.300304783230702,4.084686197673696,4.191671331716116,3.898146420352056,1.2272812091808174,5.8555078683834045,3.999688996703365,1.8353548547614604,1.0,3.334515145860546,2.616564035578777,6.334701747838527,2.674566150401194,4.896622504198545,3.074827393170368,5.529234309883685,5.240498849287802,7.822665920258755,2.418361634633327,1.0,4.262045824114307,32155,68.0,472.0,False,0,0.0,12,1,10,0,58.0
CA Bergeracoise,epci,200070647,7.465577018325904,5.960723130262506,5.65941885421826,6.442760442463266,8.328281327389798,5.500875020637279,7.072296516427274,6.605827967640746,2.7858841010401187,6.122024104342083,6.597952781905233,6.116427274228165,8.511441307578009,5.051312530955919,7.022007594518739,6.8201915139508005,7.862638269770513,6.717764569919102,6.8819382532606905,8.831087997358429,7.41958065048704,6.951659237246162,8.369836552748886,8.464867095922074,6.433614000330197,3.2045897308898796,5.763282152880964,8.442760442463266,6.693093587112904,60575,102.0,593.0,False,3,4.0,4,3,1,0,149.0
CC de Seille et Grand Couronné,epci,200070589,5.350229431223989,6.251413936612955,4.216892540817415,9.0,9.0,4.642194002774517,8.649023583395582,5.826859460036282,3.647369544338918,2.526091132216412,2.0449791911215454,4.296233059438694,3.0,5.830220894248213,2.881496105004802,1.0,3.0,2.154359193255789,2.246985380428983,3.6821577206274676,2.7176928822964466,2.766567068615943,3.9206594813787214,5.443655959876214,3.2377014192722227,3.4241809838864583,1.0,2.0,4.062748677530984,18742,53.0,353.0,False,0,0.0,3,2,0,0,71.0
CC Cœur de Berry,epci,200070571,5.478072079895788,6.770010131712259,6.923722680561586,9.0,8.90447242726878,6.414965986394558,6.187147199305254,6.724706904038211,4.061948183528731,4.322333188594587,2.2942538717614704,4.1236068895643365,8.0,5.766246924301636,4.027645100593429,7.0,2.0,4.426400347372992,5.077001013171226,7.202634245187436,3.240990013026487,3.6232450426979304,6.180778694456506,7.481545809813287,6.611955420466058,6.2954117817339705,8.0,2.0,5.647824783408804,6909,33.0,209.0,True,0,0.0,0,0,0,0,99.0
CC Terres Touloises,epci,200070563,5.905119052997786,7.009826955225229,5.346699498486423,2.0,6.397551167939276,4.510233587855239,7.088171508607057,5.685356707179325,2.4835087877829487,4.666764559707224,5.41112817964126,5.413500203316315,6.6528712781819,4.928907061853341,4.857181584060001,5.645687435051733,5.324266931730899,4.798174671305291,6.06198888537478,6.97472100483441,5.273618578593051,4.739551800478923,4.540279221072606,6.0514390276962,5.317557493335743,4.966068766095875,7.684317534902634,8.46247684453079,5.507034583137009,44270,93.0,475.0,True,1,4.0,15,1,13,0,80.0
CC de la Veyle,epci,200070555,7.060706401766004,5.2111699779249445,3.928609271523179,8.0,1.0,3.157748344370861,1.573774834437086,5.189094922737307,3.3950993377483445,3.2932891832229583,3.1752317880794703,4.917880794701987,4.309580573951435,4.726843267108168,3.604326710816777,2.1486092715231786,2.271876379690949,4.672052980132451,5.577439293598234,7.459779249448124,1.7073730684326711,1.5749668874172185,4.399381898454746,6.2269315673289185,6.734039735099338,7.327814569536423,5.459690949227373,1.407814569536424,4.268254493850521,22650,106.0,213.0,False,0,0.0,1,1,0,0,80.0
CC La Clayette Chauffailles en Brionnais,epci,200070548,8.153795248494474,8.01376480709417,3.9458672490238897,2.0,3.0,3.5876513797895573,3.008470650519489,5.562040897359539,6.541195155846734,6.361326186221958,7.157964396797035,4.2766858579842495,6.224273707894911,6.715902322811197,4.550261398980875,6.244854741578982,1.9794189663159287,4.6285487393289655,5.3001786777843956,6.0113824366355635,4.711336112765535,4.983124875918206,8.50698166898286,8.08205942690755,8.593077890278606,8.503937528952418,6.9794189663159285,3.224273707894911,5.601706892802784,15111,52.0,290.0,True,0,0.0,6,1,0,0,165.0
CC du Grand Autunois Morvan,epci,200070530,6.472388500126465,7.471545400893685,5.447573279374982,5.0,8.739285613916758,5.475564173903268,8.85509934519293,5.325801646853835,3.0927128122980077,7.058595396678189,8.65157519039991,5.318410476913133,8.108928420875136,7.604052496978895,5.657308265182812,7.800607031447601,6.630357193041621,6.549475873310288,7.950903521344462,7.38330101452941,5.556810836635472,6.641514206222072,8.30691622403957,8.607874546834163,7.538937132900543,6.220020796447742,8.108928420875136,6.0,6.841945993472002,35587,28.0,1270.0,True,1,3.0,20,4,8,0,150.0
CA du Grand Cognac,epci,200070514,5.994395516413131,5.899628793944246,5.364524346750128,2.0,5.0845039668098115,6.044777640294053,8.55094257223961,4.731712642841546,4.928510080791907,6.191425867967101,6.621660965135745,5.969037047820074,6.332469612053279,5.444442826988864,6.00813741902613,5.354072348788121,6.506703544653905,5.071213334303807,5.4009462115146665,7.713225125554989,5.460033481330519,5.289307809884271,7.021428051532135,7.977465608850717,6.991542324768906,5.260994249945411,5.665885435621224,7.170449086541961,5.930336996870222,69275,91.0,754.0,False,1,3.0,47,4,44,0,123.0
CC Pays de Nexon Monts de Chalus,epci,200070506,6.678724708767628,7.281575720416922,3.432863274064991,5.0,9.79644389944819,5.075107296137339,9.259733292458614,7.366799509503372,5.9255058246474555,5.964132434089516,6.348175965665236,5.273298589822195,10.0,7.8198191293684856,4.193822808093194,1.8065603923973024,4.0,5.281729000613121,5.779659717964439,7.861817903126916,4.380364806866953,5.219037400367872,7.520692826486818,8.403203556100552,6.729307173513182,6.090205395462906,5.0,4.0,6.124592165192257,13048,32.0,407.0,True,0,0.0,3,2,0,0,137.0
CC Cœur de Maurienne Arvan,epci,200070464,9.043981640063027,7.542371720216483,6.281085154483798,8.0,1.0,3.678564088511338,5.311022812906762,3.347605672398438,1.677467972871138,7.454339932862917,7.703911762690964,5.5002397752962935,3.5786120435705966,5.413098581900391,3.2762896485579227,1.0,1.5262040145235323,7.026169760909776,8.827156264985955,8.420908405836816,3.9722545728574365,4.387819414948277,7.0949510173323285,8.581489347126121,6.296636295129136,5.012262793724738,3.0524080290470645,1.5262040145235323,5.1976090977598135,14598,40.0,364.0,False,0,0.0,2,1,0,0,132.0
CC Inter-Caux-Vexin,epci,200070449,8.383891080290113,6.275498518531983,3.6584443676949085,1.0,1.0,4.447657826331958,2.6984894479486665,4.1059204188101,3.079144929380328,2.404195372002981,1.896551724137931,3.5011360951047936,1.8137167578572337,4.276716412484322,2.7355715921691237,1.2541217530401905,2.5896424481486195,2.0327013614963736,1.2396706233072183,4.331521640339556,2.6848017741261154,3.946194535836984,4.346318142984385,5.675749368331122,4.349499209277807,5.052060422082054,1.2387617472233836,2.420227946121826,3.3013644826807167,55013,100.0,550.0,False,0,0.0,3,1,2,0,78.0
CC Saint-Marcellin Vercors Isère Communauté,epci,200070431,8.836732851985559,6.983574007220216,6.181520758122744,2.0,2.0,4.695261732851986,3.2353339350180503,4.553587545126354,2.6056859205776175,4.932558664259928,5.030708483754513,4.9964350180505415,3.357490974729242,4.9611913357400725,4.999300541516246,4.499796931407943,5.072901624548736,5.502775270758122,6.724120036101083,7.807806859205776,4.114824007220217,5.0767148014440435,6.093411552346571,7.130640794223827,5.333167870036101,4.265839350180506,4.466719314079422,5.1698781588447655,5.022427797833935,44320,74.0,598.0,False,1,2.0,10,1,5,0,98.0
CA Pays d'Issoire,epci,200070407,5.015743306447343,6.193155544573678,5.235531866075998,3.0,3.8054501491378243,6.732857974902487,4.224324467427946,8.36280202615648,4.995481741647399,6.579078345893857,8.581355124516847,5.796872518046559,5.72669831800773,5.85993399106938,5.927460774104731,8.493884466721969,4.354542085105632,3.9182830618260116,3.8874141795654706,6.202650946892815,5.3682733546303325,5.078840078363544,6.097477894068021,7.270707213328862,5.997405531336592,5.773028115568577,5.026968354542085,5.026968354542085,5.661899635160723,56661,55.0,1030.0,True,0,0.0,9,2,2,0,106.0
CC Loir-Lucé-Bercé,epci,200070373,4.708225035633436,6.849333445124508,6.609499455018026,5.0,5.0,5.815083424163662,5.985369330091389,5.460425924373271,7.31177161063134,6.858388530225539,7.5777228137838515,4.6076968223358765,7.017523266538107,8.07638131969481,6.948562086023308,8.05370168525195,9.254380816634526,3.8645929403873565,2.396285738240966,7.153307621363293,5.602079315838014,5.355495933596043,8.21141108409491,8.622956317598726,8.973505491741427,8.789678879852435,10.0,8.508761633269053,6.736147875768066,23855,44.0,542.0,True,0,0.0,6,3,2,0,154.0
CC Corbières Salanque Méditerranée,epci,200070365,7.253311705866451,6.562494367847166,7.952374515634856,7.0,10.0,5.08560872307831,2.5472199693610884,5.681670721816707,3.5752455618635666,4.779535009462017,3.9863476615301434,6.760430747048752,8.73443272956655,5.8546003424348925,8.988285122105074,9.617013607281248,10.0,6.272551139947733,6.8072001441831125,8.38181490492926,8.674551680634405,7.636793728034604,5.706136793728034,6.804541768045418,6.537217265927728,4.350995764621069,9.617013607281248,10.0,6.97026384222248,22195,39.0,569.0,True,0,0.0,3,2,1,0,91.0
CC Haute-Maurienne Vanoise,epci,200070340,8.682906976744187,9.908837209302325,5.99546511627907,8.0,1.0,7.063023255813953,8.008139534883721,4.871744186046512,5.872906976744186,7.665581395348838,5.598255813953489,4.684418604651163,1.0,9.583953488372092,2.1645348837209304,2.4311627906976745,3.5045348837209302,6.459418604651162,7.999186046511628,8.741860465116279,2.4755813953488373,2.3163953488372093,6.544883720930232,7.660348837209303,5.871162790697674,5.392906976744186,3.0733720930232558,3.715581395348837,5.581648671096346,8600,8.0,1075.0,True,0,0.0,1,0,0,0,123.0
CC des Savoir-Faire,epci,200070332,4.221496243057825,8.13296308395949,3.8117608624632475,5.0,4.0,5.6840901666122186,8.187520418163999,5.833518458020255,5.330218882718066,7.400653381247958,9.2203201568115,4.626461940542306,6.0,8.81391702058151,5.841489709245344,7.3178046390068605,5.0,4.260895132309702,4.069389088533159,4.8390721986279,5.273244037896112,7.647108787977785,8.719764782750735,7.206076445606011,9.47781770663182,9.624240444299248,6.476706958510291,6.0,6.357733233770476,15305,18.0,850.0,True,0,0.0,3,3,0,0,176.0
CC du Territoire de Lunéville à Baccarat,epci,200070324,3.6651836724770863,6.193688765711229,6.558383779447159,3.0,9.438139693190383,5.728855177108405,9.240901465976224,3.57107431988914,2.214766732307393,6.274451170592955,8.179101937616998,6.89181435830112,9.232708530863297,6.349330221476674,7.03726934578076,6.287141711034935,9.0,3.9482896944059513,4.380886392920526,6.709284516081978,6.48243502783653,6.943670532176112,5.807283689495053,7.9382004716407755,7.136484088201687,6.686990980477962,8.08171054870785,8.438139693190383,6.47914951846102,41138,90.0,457.0,False,2,2.0,11,2,9,0,104.0
"CC Entre Arroux, Loire et Somme",epci,200070316,8.272905438510534,7.9266402387421495,4.042403456416196,4.0,3.0,5.567458019687319,7.300877466482562,8.13308984009621,5.582290321143824,6.925259453921874,8.049351921963387,4.213175359672175,4.524030110017371,7.839739877956439,5.523361988330141,7.8334149926506615,6.666829985301323,5.803394058171128,7.067079417397888,7.797247338648613,5.674758362656452,5.872032426172553,9.019509153267116,8.907710124270634,9.491737561801257,9.547191661841344,8.572090330052113,6.452184757917242,6.771634416538874,22454,25.0,898.0,True,0,0.0,11,4,0,0,196.0
CA Mâconnais Beaujolais Agglomération,epci,200070308,6.567705593266011,5.257862522936368,5.742509591572248,4.734926154517342,6.734926154517342,3.964353996381507,1.2577598706581294,3.9285026882065366,1.9390630413303735,6.357602042780337,7.692723236626333,6.270167964790269,4.846932621610871,3.4264560584091464,5.241181527722531,6.675990915273376,6.500417024880346,6.797954653356088,7.9702821654498095,8.761898040624638,5.800289992686025,6.962904032951381,5.671294573543942,7.6091771136745665,5.131561726098059,3.738980919507782,5.906034670806975,6.621970153850102,5.6468367517153,77943,260.0,299.0,False,4,3.0,16,3,2,0,96.0
CC Coeur du Pays Haut,epci,200070290,5.643416186462544,5.661907628795046,6.927367334652103,6.0,7.0,5.488604111120668,8.0,5.113227831770878,3.328373613141825,4.984131762277458,7.2732863163326735,6.006020469596629,7.197213382643846,6.098907714801754,6.5482927668358135,8.155887159198418,8.212092543218372,6.933301797540208,7.858819987959061,8.882987873054098,6.561193773114303,4.107508385654081,4.846263008514664,7.137438720220177,7.928098391674551,9.586522748774405,5.217252945729767,7.212092543218371,6.568221749867919,23254,109.0,213.0,False,0,0.0,3,1,2,0,81.0
CC Lavalette Tude Dronne,epci,200070282,6.791968548160629,7.2588598708228025,6.267452962650941,7.0,10.0,7.498848638023027,7.066554338668913,5.7312552653748945,5.152597584948048,6.43201347935973,6.422240943555181,5.934962089300758,10.0,8.149957877000842,6.275372086492558,7.144509969109801,7.0,7.706823925863522,9.403819151923617,6.961078348778433,6.736253861274923,7.67379949452401,8.63920247121595,7.950407188991856,7.79657399606852,5.413254703734906,9.0,8.0,7.335993099851566,17805,23.0,774.0,True,0,0.0,15,4,13,0,170.0
"CC Terres-de-Montaigu, communauté de communes Montaigu-Rocheservière",epci,200070233,7.594777265745008,5.312667690732207,1.8450998463901689,1.0,1.0,3.70715821812596,9.0,9.43795186891961,7.175647721454173,4.058044034818228,2.6968151561699947,2.806267281105991,1.3530568356374808,3.9543881208397336,2.6295340501792115,2.9078750640040965,1.0,2.6474347158218126,1.562068612391193,5.887475678443421,1.4142549923195085,1.526963645673323,3.102836661546339,4.89921146953405,4.896487455197133,8.095279057859702,1.3210445468509984,1.0,3.7082978567771194,48828,127.0,384.0,False,0,0.0,2,2,0,0,60.0
CC des Terres du Val de Loire,epci,200070183,5.576063328001313,5.698412698412699,4.188322874369386,1.0,1.0,4.757967269595176,3.4318731799351956,6.664103195110947,5.790082441245232,4.291600016406218,3.943706164636397,4.8636028054632705,5.042451088962717,5.147020220663632,4.210061113161888,3.5017226528854435,4.026988228538616,5.549874902588081,5.820085312333374,8.086891431852672,2.150547557524302,2.0215741766129365,5.434969853574505,6.509269513145482,5.304848037406177,5.172388335179033,4.831446618268323,3.362803002337886,4.549238429221819,48762,73.0,667.0,False,0,0.0,8,4,3,0,83.0
CC Terres de Perche,epci,200070167,6.439354612416696,6.593546124166959,5.617397404419502,9.0,6.0,5.509645738337426,7.0535250789196775,7.270431427569274,6.654787793756577,6.057593826727464,6.956787092248334,5.414380918975798,8.46776569624693,7.46804629954402,6.180007015082428,6.701648544370396,8.46776569624693,4.949982462293932,4.916871273237461,7.23949491406524,4.631217116801122,4.55313924938618,6.996702911259208,8.271834444054718,8.435847071203087,8.092949842160646,10.0,8.46776569624693,6.87173172320489,14255,38.0,375.0,True,0,0.0,3,2,2,0,102.0
CC Cœur de Beauce,epci,200070159,5.553978547249073,5.464170643174681,3.73930421305926,8.0,1.0,6.73624536074065,5.960030996370162,6.3038459969819325,6.602512337371018,4.902279864594804,4.483298666340389,4.09951466209878,1.5813858640238183,8.062645295485133,5.824095599331131,7.898119825441494,5.796729067253966,5.199681879358865,6.283576002283943,7.409233655532444,3.0502875321179492,2.075206982340226,4.803947958725886,6.595252661201517,8.102084098046413,8.983767690362576,8.211020025286512,4.637383253803173,5.619985667091991,24519,25.0,980.0,True,0,0.0,5,2,4,0,77.0
CC Lyons Andelle,epci,200070142,8.471089499783352,8.010687978431466,5.354436473929999,8.0,2.0,4.717442588223966,3.6668431948389584,3.119397236531703,2.4491839584035433,4.243897742044196,4.518655818208079,5.062490972991189,4.631072167926436,6.182273361898801,6.05666554330557,5.3155360839632175,7.0,2.6644359924895284,2.527273602619036,4.7012661884358,3.996629916710799,4.36324683452891,4.885320880073179,5.816908189302393,7.9716913003707095,9.073660391892542,8.176977516730057,5.0,5.284895836915481,20771,75.0,276.0,False,0,0.0,3,1,2,0,84.0
CC Seine et Aube,epci,200070126,4.923931203931204,5.577592137592138,4.246584766584767,10.0,6.0,5.452972972972973,2.5486977886977886,7.601572481572481,5.857690417690418,4.9172481572481574,4.937690417690417,4.475184275184275,5.0,7.341130221130221,6.816019656019656,10.0,6.0,3.426732186732187,4.361769041769041,5.463194103194104,3.842751842751843,3.6114987714987716,5.410515970515971,6.2975921375921375,8.531498771498772,9.844127764127764,7.0,4.0,5.8387855387855385,10175,26.0,391.0,True,0,0.0,2,1,1,0,89.0
CC Val de Saône Centre,epci,200070118,7.541532924812762,5.031368543915962,3.063661122458905,8.0,1.0,4.332555198910612,1.728674253477288,4.999513665985799,3.2024608501118568,3.608160684758292,3.5808287131601984,4.720357941834452,6.214765100671141,3.706205622021204,2.8436436144343937,2.9158642155432353,1.0,4.028547806633596,4.747252212819765,6.7477871802353855,1.8696624841941445,2.005544207761891,4.136854391596148,5.233197159809357,4.600087540122556,4.610008754012256,5.6752261453166035,1.1839801575722206,4.0117050175775,20562,130.0,158.0,False,0,0.0,12,1,11,0,71.0
CC du Val de Sully,epci,200070100,6.614631172525909,6.985043690306848,5.9289981711034345,8.0,2.0,5.103718756350335,2.995895143263564,5.267953667953668,6.764275553749238,5.620239788660841,5.562609225767121,5.086811623653729,4.684576305628937,6.729567161146108,5.513879292826661,6.375370859581386,4.960902255639097,6.097297297297297,7.348099979678927,8.458199552936396,3.4901036374720587,2.5779719569193253,5.984799837431416,7.234505181873603,6.989189189189189,7.067953667953668,5.996220280430807,5.855395244868929,5.760507446221731,24605,41.0,600.0,False,1,6.0,3,1,3,0,94.0
CA du Libournais,epci,200070092,7.238215931533904,5.607899934167215,5.967972350230415,5.537788018433179,7.07557603686636,5.072756199253895,2.507658547289884,4.766984858459513,3.0064625850340136,5.625137151634847,6.6636273864384465,7.063232389730086,8.461751152073733,4.918959842001317,7.495227123107307,8.277090190915075,8.696829054202325,6.2259052007899935,5.473151195962256,8.755913978494624,6.93035988588984,6.164395435593592,5.537557603686636,6.991759929778363,6.601316655694536,5.113550581522932,9.032159315339038,8.64237436910248,6.408986175115209,91145,159.0,573.0,False,1,2.0,9,1,5,0,89.0
CC Communauté Bray-Eawy,epci,200070068,6.388426791897162,6.349982090977832,5.118040354996618,4.0,2.0,5.7353842480200585,5.612806940741035,7.092569745691885,6.831615393799498,4.226927209774346,5.290603733036177,5.30341863334262,7.1259601225773075,6.92342898077765,5.620686910494687,3.0600151231742747,5.562462689537151,2.350459664902296,1.891869303936005,4.4452580889083455,4.783062044812353,6.404544911847813,5.426752099335376,6.303179846380387,7.880964699327417,9.664822700680542,6.750467624467704,4.749950252716202,5.460487864505454,25127,51.0,492.0,True,0,0.0,3,2,1,0,89.0
CC Vienne et Gartempe,epci,200070043,8.022241471554866,7.334386385060253,4.353162976739446,6.0,5.0,5.337112430256554,8.753917097653563,8.81738044890576,8.959287661460854,7.049654785865329,7.93977223510229,5.210822654199893,4.5165218720542155,8.490586227102494,5.150518458128455,4.209880003057247,5.0,5.971210924562431,6.749152887824514,7.505515783037374,5.162390767114213,4.1290158212529615,8.508725892333953,8.847545285470433,8.301368118009732,7.4291355634251355,5.870754885225854,4.150594889302184,6.527523411596428,39251,19.0,2065.0,True,0,0.0,77,2,75,0,168.0
CC du Civraisien en Poitou,epci,200070035,8.249069410991899,6.325158747536676,4.953251587475367,7.0,5.0,4.976935990073717,9.545252171374353,6.482118093569812,4.803554485074082,6.2332676446974675,6.051273629662068,4.889351142252391,6.6744033282242174,8.217721334209182,5.541529815341946,3.505984964601124,7.837201664112109,6.394131815195971,7.50872199109554,7.650244507700168,5.751988905919276,4.772133420918181,8.312787387781913,8.568462156047003,8.085723669805123,6.799613166922122,8.325596671775783,6.6744033282242174,6.611781465377919,27402,30.0,913.0,True,0,0.0,34,3,26,0,147.0
CC Médoc Cœur de Presqu'île,epci,200069995,8.143746275574388,7.62706084883798,5.614579884791101,5.0,7.0,5.946070317155532,6.2711712904720915,6.246705952459776,3.523935641925445,5.647255512149904,6.359233264914256,6.40743560881944,8.057836191485135,7.7104548765146,7.540091372574985,9.397636231212342,8.881248758524796,7.307455472422697,8.09468317552804,9.172680924319671,7.326756273588029,5.693703237767331,6.458087797126399,7.15612792160498,9.077931536780772,7.984274647421042,9.36873468847249,8.565616102761041,7.199304064471582,30207,53.0,569.0,True,0,0.0,10,0,7,0,104.0
CC du Grand Châteaudun,epci,200069961,5.584546915564347,5.610433922610953,5.7124984546915565,3.0,7.293213005315861,6.370255903078254,7.2501668933119054,5.312572629496848,7.331116330819632,6.80828285325751,7.522685127951539,5.1530720731858075,7.4690320187909505,7.342390901223884,5.900482136234392,6.673037458276672,5.642452713561627,5.51247372975646,5.158561008777352,8.037507726542218,5.567536160217579,4.402076894548152,7.658795895660774,8.811200395598961,8.685004326863641,8.553591296822846,9.723550500679936,9.12142415626159,6.685998622467901,40447,51.0,793.0,True,1,7.0,7,3,4,0,131.0
CC des Portes Euréliennes d'Île-de-France,epci,200069953,2.587600634175469,6.249160952910413,4.141762925443202,1.0,1.0,4.747997611546936,3.398624580476455,10.0,9.275495706961516,4.373236971606235,4.64578829246196,4.919389709061709,3.5553359276875245,4.9362736014166,4.748697675376285,3.9316408260753186,5.218666996108468,6.405028105503737,6.977433236559804,8.639611258673584,1.946733378631581,1.4179998764593242,3.8926225626454176,5.705231947618754,4.633104783083163,4.17161858875368,4.523688924578417,4.414643688100974,4.694906741497019,48567,119.0,408.0,False,0,0.0,3,2,2,0,73.0
CC des Forêts du Perche,epci,200069912,5.818611182027062,8.074163900944601,5.138881797293847,9.0,3.0,6.907199387286188,5.602757212152158,8.346310952259381,8.673729895328057,6.47485320398264,8.062803165688026,3.400561654327291,1.0,7.756446259892775,6.527444472810824,9.219045187643605,6.0,3.501148838396732,2.8317589992341077,5.8731171815164664,5.046591779423028,6.589992341077355,7.4267296400306355,7.8295889711513915,8.73219300485065,8.297932090885881,10.0,7.0,6.504709325650096,7834,24.0,326.0,True,0,0.0,2,1,2,0,121.0
CU du Grand Poitiers,epci,200069854,5.5803223096625905,5.761318717564176,5.506815710405747,3.8273215933043696,10.0,4.042022913155738,8.1910305766426,3.2960466302818534,2.328457974510016,7.186727273664301,6.572091920613079,6.226987636378629,2.1693749130320508,3.8360467333549786,5.5096553750057975,3.5180094518055833,4.013574730592619,5.895921911800326,4.703711147873859,8.682045176950787,5.011224663337405,3.823064673232425,4.49435932322186,6.883465524616439,2.9083576843591685,2.135087637924726,1.167493828496627,3.3650901632162937,4.879843792678714,194064,181.0,1072.0,False,6,8.0,36,8,26,0,78.0
CC Plateau de Caux-Doudeville-Yerville,epci,200069847,8.447121565639732,5.43136041140898,3.8933384124565498,9.0,8.0,4.941431360411409,2.0373315556402076,4.745774010761393,2.714918337222037,3.2454645016903956,3.5915908766249225,4.513927908194848,3.745440693300319,5.56649683348412,5.151088043426504,7.114280272367982,3.8272939383838867,1.9091948002476073,1.1181848483405552,3.692395600209514,3.819675253559354,6.322937002999857,3.619351459454312,5.317080139040998,7.125232131803248,9.15718299128613,6.003904575972573,3.5909242417027762,4.915818634486792,21001,82.0,256.0,False,0,0.0,2,2,0,0,67.0
CC de la Côte d'Albâtre,epci,200069839,6.347101788220056,5.550930090310509,4.138164285971288,2.0,2.0,5.5738135501745045,3.6735149138272227,4.488792141906235,4.407080919656028,4.650055769438348,6.266254092757169,4.918288777749793,3.7992300219479724,6.606015903285,6.29190803439715,6.15795344151405,8.500701615514698,2.5112798186593746,2.0781131939697044,3.956140035260677,5.402475443456986,7.058899722951822,5.3521390278127585,6.263843413809233,7.774799409923362,7.489907530673191,6.749649192242651,5.751052423272047,5.205646591382208,27793,71.0,391.0,False,0,0.0,5,2,3,0,94.0
CA Fécamp Caux Littoral Agglomération,epci,200069821,5.170049710024855,5.652236951118476,5.523534589892295,2.0,7.88960231980116,3.5267450289975146,3.900968309859155,3.378624689312345,4.53246685998343,5.59701222038111,7.727164457332228,5.7740524026512015,8.94480115990058,4.84745236122618,6.063354391052195,7.41720173985087,8.94480115990058,2.2170671085335543,1.0399751449875725,5.2463235294117645,5.765922742336371,6.885485708367854,5.886676677713339,7.424554681027341,7.982938069594034,8.6233429991715,9.47240057995029,8.41720173985087,5.923284190436739,38629,185.0,208.0,False,1,7.0,3,1,2,0,104.0
CC du Haut-Poitou,epci,200069763,7.480691642651297,6.030619596541786,3.634462055715658,2.0,1.0,4.2127521613832855,8.425744476464937,6.803698366954851,5.811335254562921,4.020292987512008,3.728218059558117,4.6707732949087415,4.707012487992315,5.322694524495677,3.7290826128722383,4.320124879923151,3.068924111431316,2.59426032660903,2.1359029779058596,5.3170749279538905,2.320028818443804,2.3046829971181557,4.673318924111431,6.430499519692603,4.869092219020173,5.282973102785783,3.2766810758885687,3.0488472622478384,4.329278166598051,41640,59.0,705.0,False,0,0.0,12,3,9,0,75.0
CC Mellois-en-Poitou,epci,200069755,8.334117647058823,7.199621848739496,4.512226890756303,5.0,2.0,5.4764075630252105,10.0,6.972647058823529,6.571344537815126,5.519537815126051,5.50531512605042,4.591680672268907,5.896365546218488,7.496260504201681,5.317121848739496,3.7678361344537814,5.735042016806723,5.276134453781513,5.9935294117647056,7.054810924369748,5.34468487394958,5.610735294117647,7.329264705882353,7.724936974789916,7.505357142857143,6.451218487394958,6.684432773109243,4.817100840336135,6.060276110444179,47600,36.0,1322.0,True,0,0.0,14,6,12,0,130.0
CC Val de Gâtine,epci,200069748,8.142810579251258,6.645604395604396,4.297029241944496,5.0,3.0,5.131868131868132,9.968848947662506,7.878236170609052,6.438768858260383,4.759033339541814,3.7074874278264107,4.013363754889179,1.0,6.581672564723412,4.947103743713913,2.0,4.0,4.720245855839076,6.242596386664183,6.527891599925498,3.23835909852859,4.202551685602533,6.064304339728069,7.1536133358167255,6.883730676103557,7.25437697895325,4.0,3.0,5.242839182609159,21476,38.0,565.0,True,0,0.0,1,1,0,0,93.0
CC des Quatre Rivières,epci,200069730,8.650071560008179,6.389081987323656,5.003782457575138,5.0,4.0,6.054215225243645,6.313875826347713,5.993457370680843,7.630477748245076,5.483916036257071,6.934232944864718,4.831697676003544,4.1156546036938595,6.841273086621686,6.399100388468616,5.7707694404688885,8.672118857765964,3.4673209295985825,4.031520479792817,5.505281810127445,6.0916308866625775,7.657840932324678,6.524875621890548,7.168438628773939,8.911197437470184,9.955939480678797,9.336059428882983,8.672118857765964,6.478783917983468,29348,47.0,624.0,True,0,0.0,1,1,0,0,110.0
CC Interrégionale Aumale - Blangy-sur-Bresle,epci,200069722,8.127817801533814,6.433557982802696,4.658238438298861,5.0,5.0,7.127167092726005,4.89133162909598,6.811294445735533,7.174854752498257,4.9423193121078315,5.890309086683709,5.227236811526842,6.544922147339066,7.903973971647687,6.188101324657216,4.1017894492214735,8.272461073669533,2.334324889611899,1.8630257959563095,3.7457122937485474,5.9174529398094355,6.910852893330235,6.319590983035091,6.882500580990007,9.529909365558913,10.0,10.0,7.4086916105043,6.257408452574615,21515,46.0,467.0,False,0,0.0,2,2,0,0,105.0
CC Mâconnais - Tournugeois,epci,200069698,6.410593920895333,5.951481622790284,6.335431769044894,9.0,4.0,4.190448938064352,4.171372249777439,5.778901182754674,5.3235406333460515,6.616177031667303,8.84427063461783,5.996566196108356,5.351201831362076,6.7986137606511505,5.755055322396032,6.7024036627241514,8.053605494086227,4.8135571664759,5.161070838102505,6.822777565814574,5.122154393997202,5.884331680020349,7.50508711687651,8.249268726949001,6.203357497138497,4.356161770316673,6.7024036627241514,7.404807325448302,6.196594356933922,15727,72.0,218.0,False,0,0.0,4,0,0,0,127.0
CC du Ternois,epci,200069672,2.375544019715799,5.5934927376645165,6.780792826805096,6.0,9.0,6.381416810864664,7.061742960515967,5.3250747207802425,3.252713544124587,4.570237533427718,6.349640815898485,5.71398982748676,8.100938597871114,7.464868124377327,6.385349483508993,6.059304703476482,9.289602013528395,2.469561113732893,2.307299040427875,3.411462429867338,6.298647160610351,7.527214094698757,6.163940013633265,6.457186303812071,7.702296680824288,8.93490115882754,9.289602013528395,9.289602013528395,6.269872169412047,38142,59.0,646.0,True,0,0.0,20,2,0,0,94.0
CC Meuse Rognon,epci,200069664,5.437228637413395,8.619214780600462,3.366281755196305,9.132471131639722,6.264942263279446,5.647575057736721,6.862909930715936,7.754180138568129,7.03473441108545,6.770993071593534,7.532748267898383,5.020692840646651,2.0,9.095981524249423,5.423556581986143,5.0,4.0,2.9726558891454964,4.112147806004619,2.6956120092378755,5.9497459584295616,9.018475750577368,7.86540415704388,6.564711316397228,9.10688221709007,9.449884526558892,7.0,4.0,6.203536786539096,10825,12.0,902.0,True,0,0.0,2,2,1,0,153.0
CC Cœur Haute Lande,epci,200069656,7.796223044532346,8.460061247926502,6.063225724129131,5.0,3.0,6.79213984943218,8.65254561694526,9.718131938241674,9.727191527370167,6.06220492535409,4.957955850452979,5.2816128620645655,6.524243970907235,9.004083195100167,7.726425928288886,10.0,7.524243970907235,6.953170856194973,8.586193696567564,8.844328186806177,6.063736123516652,6.31217302539237,7.246140104631874,6.842541788949854,7.905320913614903,5.967079239504913,9.174747990302413,5.873739951512058,7.216409340308792,15674,8.0,1959.0,True,0,0.0,11,1,6,0,123.0
CC Chalosse Tursan,epci,200069649,7.9418586789554535,6.490168970814132,5.256067588325653,3.0,3.0,5.613095238095238,7.807219662058372,8.908064516129032,8.276612903225807,4.810483870967742,6.112596006144393,6.100576036866359,8.5607910906298,6.670890937019969,5.536405529953917,5.549462365591398,6.572119815668203,4.201113671274961,3.117089093701997,6.583794162826421,5.040706605222734,5.225153609831029,7.146505376344086,7.454493087557604,6.998233486943164,5.659485407066052,3.762826420890937,5.1215821812596,5.9470498683344335,26040,44.0,591.0,True,0,0.0,8,2,4,0,122.0
CC Terres de Chalosse,epci,200069631,7.8700833011529765,6.458101175042754,5.9661278755447675,3.0,3.0,4.933745241904342,8.744359243118002,9.753516853312737,10.0,3.5335135433331493,2.5623655320792187,5.574115959618249,7.0,5.473382247476141,5.4677001158492855,6.207204722237546,3.0,4.450543388315772,4.6779941523693935,6.577425939206708,4.432448833232195,4.3899155955204945,6.764384619628179,7.40083852816241,6.846030782810173,5.000330997958846,4.0,3.0,5.574433165995478,18127,57.0,318.0,True,0,0.0,4,1,3,0,110.0
CC Champagnole Nozeroy Jura,epci,200069623,8.212376499647142,7.660197600564573,5.597477064220183,2.0,2.0,6.788329216654905,7.819998235709245,6.926826040931545,7.385718066337333,6.788020465772759,8.365781580804516,5.562367678193366,2.352284756527876,6.938735003528581,4.32939308398024,4.056854269583628,1.3522847565278757,5.546797812279464,7.11803105151729,7.467228299223712,4.506571983062809,7.487429428369795,7.1695924488355685,7.230769230769231,6.988355681016231,6.466610797459421,3.0,1.7045695130557517,5.672235734449037,22674,36.0,629.0,False,0,0.0,8,3,1,0,121.0
CC Bresse Haute Seille,epci,200069615,7.905866877137595,6.761115495922126,4.807103393843725,2.0,2.0,6.1958958168902925,8.038095238095238,5.278084714548803,3.3580636674559328,5.819047619047619,5.722388845040779,4.409155485398579,3.0,6.6048408313601685,3.415101289134438,1.0,1.0,3.5205998421468037,3.845566956064194,5.260457774269929,3.6638253091291766,5.37774269928966,6.891449618521442,7.029676400947119,6.170060510392002,5.205209155485399,5.0,2.0,4.6885481264328925,19005,43.0,441.0,True,0,0.0,6,2,1,0,117.0
CC Rurales de l'Entre-deux-Mers,epci,200069599,7.571480406386066,6.635764392839865,4.444847605224964,6.0,5.0,5.806422351233672,5.7503023705853895,6.410256410256411,5.065795839380745,4.502479438800194,4.200048379293662,5.046686018384132,5.0,6.777576197387518,4.631168359941944,3.6251814223512335,6.0,6.238872762457668,8.561199806482826,7.691340106434446,5.748609095307208,7.3251088534107405,6.294146105466861,6.2582244799225935,7.43662312530237,5.529995162070634,9.0,5.0,5.984004596032898,16536,36.0,459.0,True,0,0.0,3,2,1,0,105.0
CC Convergence Garonne,epci,200069581,7.4093701996927805,6.397204301075269,5.865806451612904,3.0,2.0,5.079754224270354,6.338863287250384,4.092135176651306,2.0292780337941627,4.785468509984639,4.462980030721966,5.485806451612903,5.4317050691244235,5.351920122887865,6.1574193548387095,4.806236559139785,7.27963133640553,6.485345622119816,6.753056835637481,8.64500768049155,4.647434715821813,4.665929339477726,4.660030721966206,5.959754224270354,5.477204301075269,4.229646697388633,8.930291858678956,8.103440860215054,5.518954355935923,32550,104.0,312.0,False,0,0.0,4,2,2,0,82.0
CC des Lacs et Montagnes du Haut-Doubs,epci,200069565,5.342177208897726,8.19715421896359,3.5592146141419163,8.0,1.0,5.260594010190133,7.003728097427612,7.776624829128868,6.246054430222443,5.9478687709705484,4.845221821796943,3.8335404498570895,1.0569156207282218,5.021001615508886,3.232074064868895,3.0,1.0,6.800546787622716,6.259786255747484,8.823723126631043,2.97172859450727,1.066608674040015,2.036286814962098,4.590903442276625,3.189387349322729,3.5240462284081024,1.0,1.0,4.342328108079319,16094,38.0,423.0,False,0,0.0,3,1,0,0,51.0
CC Norge et Tille,epci,200069540,7.7139904809619235,5.055423346693387,5.548597194388778,8.0,6.0,3.15061372745491,9.0,6.667835671342686,3.5795966933867733,1.283379258517034,1.0,2.8939128256513027,2.0,3.031813627254509,1.5215430861723447,1.1184869739478958,1.0,3.7370991983967934,3.497307114228457,6.527179358717435,1.870678857715431,1.0,4.805799098196393,5.731713426853707,1.8885270541082164,1.1365856713426854,1.0,1.0,3.598574380904666,15968,126.0,126.0,False,0,0.0,12,0,12,0,82.0
CA Lisieux Normandie,epci,200069532,5.989610178227491,6.494669451753791,6.452920272359819,4.820578900252285,6.820578900252285,6.25068496866777,6.019260505113529,4.582304750020346,3.492973984754361,5.871537856387163,6.799392344627404,5.850025771098391,7.367333098228576,5.905243740335838,6.520413422673141,6.232889347041749,7.653419417844451,3.824064780403114,3.6835309117543336,6.3615006917505355,5.3312535604806985,4.937132083661123,6.307557713696661,7.659482407834414,7.929563518975667,7.6320294061796385,9.931855790358897,7.755188129018257,6.231321282276848,73731,76.0,970.0,False,1,5.0,14,7,7,0,103.0
CC Pré-Bocage Intercom,epci,200069524,6.647807637906648,6.284946453829057,5.339058395635482,2.0,3.0,6.33412810668822,4.683855324307941,4.979389775712265,5.113073348151142,3.9359466558900786,4.8027884421095175,4.3560315215194985,3.033744190745605,6.171994342291372,4.582178217821782,3.133279450394019,2.3139220044453426,2.841826631642756,2.0328955344514044,5.643443119822186,2.79571630632451,2.5806425540513236,4.031440695089917,5.908345120226309,6.870195999191756,8.392038795716307,6.702444938371388,2.0,4.518254770083422,24745,58.0,426.0,True,0,0.0,16,3,16,0,76.0
CC Seulles Terre et Mer,epci,200069516,4.759628851540616,5.14437441643324,5.633169934640523,8.0,1.0,4.754201680672269,3.1146125116713352,3.9090219421101775,3.3967086834733893,2.618172268907563,2.339577497665733,3.8121498599439776,1.0,4.271183473389356,2.911589635854342,1.0,2.0,2.1806139122315593,1.1523109243697478,4.4870448179271705,3.058531746031746,2.702906162464986,4.271475256769374,4.693043884220355,4.274801587301587,4.776960784313726,4.0,2.0,3.473645708283314,17136,86.0,199.0,False,0,0.0,4,2,2,0,81.0
CC des Campagnes de l'Artois,epci,200069482,1.8058527470540369,5.41502667189054,5.251378801121123,2.0,1.0,5.289894819324312,5.454718061541244,5.227328893041198,3.821614779542509,3.1900183840149485,2.5418462373044814,4.759742021036135,4.111690425243363,6.587595310569302,4.358729393327507,1.0,2.0,1.6499201350170278,1.130014164732829,2.3017690847171575,4.11967692354058,3.943310930954462,4.796751152768151,5.497332810946023,5.191193755462463,4.998161598505169,2.0,2.0,3.6229845393448055,33181,59.0,562.0,False,0,0.0,15,1,1,0,82.0
CC des Vallées d'Auge et du Merlerault,epci,200069458,7.800247371675943,7.551157836872123,6.403628117913832,6.0,6.0,5.267642410499553,5.782450353878925,4.899333470762042,4.677935820792964,7.101765958908816,9.751735037449324,5.665154950869237,9.221535078677936,8.403696832268261,7.201195629767058,4.1076753933896795,8.0,4.858585858585859,5.6143063285920425,5.5340479626193915,7.748436748436748,5.999518999518999,8.584003298289012,7.187384044526902,9.170549027691886,9.229574658146086,10.0,8.0,6.991484328219022,14553,27.0,539.0,True,0,0.0,10,5,5,0,159.0
CC du Pays de Bitche,epci,200069441,4.620930573902833,7.699750477029209,5.9229707911345955,2.0,4.0,5.658153530016145,10.0,7.534801115514457,7.2360193747247905,4.823249669749009,3.3023924849552326,4.508762659621312,4.650227506238075,6.9222662556876555,5.320475561426684,6.6244238954939085,1.8525172464406283,6.122882724203728,6.235138705416116,8.19562600910025,4.4110670776456775,5.009892851900778,5.9963011889035664,7.075150447673566,8.159547923088214,8.40695728753853,4.81746660795538,1.0,5.64667757019144,34066,56.0,608.0,False,0,0.0,6,1,5,0,117.0
CC de Vezouze en Piémont,epci,200069433,2.46041755432467,6.446442266723476,5.188155091606306,9.0,7.0,6.241073711120579,9.982019599488709,5.91989774179804,5.451981252662974,6.095526203664252,7.194801874733702,6.674051981252663,8.0,8.50046868342565,7.484192586280358,9.0,8.0,3.3590115040477206,4.125181082232637,4.009970174691095,7.305752023860247,9.07907967618236,7.129782701320835,5.7008947592671495,8.792927141031104,9.27993182786536,10.0,7.0,6.943627122770711,11735,26.0,451.0,True,0,0.0,5,3,2,0,109.0
CA Mont-Saint-Michel-Normandie,epci,200069425,8.04298134664251,6.26989824405474,4.630488041112592,4.0,2.0,6.42515297576317,6.653471438826787,6.180779179343429,4.354915165396141,6.489419888558438,6.997812190202715,4.535899451908066,4.140692122745246,6.667384541756401,3.8353787075969414,2.3725201973586754,3.0480292619560387,4.84327533358402,5.0371813717111635,7.041078407912579,4.956642623548582,6.193359085677822,7.903121047413941,8.729965017832928,8.186465205847833,8.262787862213562,4.580339338415433,3.079114392825807,5.552076872864487,87760,56.0,1567.0,True,1,1.0,43,10,27,0,135.0
CC Pays d'Orthe et Arrigans,epci,200069417,6.493690055527511,7.400849739188962,5.8656402490324755,4.0,3.0,5.068399798081777,8.965337371697796,6.663974423691738,8.41401648998822,4.548334174659263,3.95002523977789,5.21487464243648,7.461761736496719,5.854703011946828,5.719417802456672,6.356553928992091,3.4695440013461214,5.8386336866902235,5.691317516405856,8.455241460541814,4.7567726737338045,4.4421588423355205,7.265985192663638,7.598813730439172,6.331776880363453,4.593471310785798,3.5913259296651523,3.3886925795053005,5.728618302444652,23772,60.0,396.0,True,0,0.0,8,1,2,0,110.0
CA Saint-Brieuc Armor Agglomération,epci,200069409,5.126266316475443,5.8957786159547645,4.6259009854065045,2.162792840827557,7.872094630620668,3.676152109375514,1.340027778326323,3.2792840827557153,2.022281903934385,6.921878394123107,6.769946747236978,5.933450502577065,4.6668246476694515,4.113772652171909,5.549115635511496,5.519125575149588,5.162595364574076,5.157678205862411,2.855532955495435,8.253987374684861,5.214090588940013,5.497343944390687,6.2821540709729655,8.080780952757097,4.17307477109211,2.9349776522706477,3.417820257114082,4.811245614381537,4.904141970380443,151936,251.0,605.0,False,4,2.0,26,5,18,0,105.0
CA de Lamballe Terre et Mer,epci,200069391,8.022234369459875,6.372458929204586,3.910102233778513,2.0,1.0,4.025292518614821,2.1627762675806643,5.733025056139936,4.915937832407517,5.8169690343930975,6.0904591655832645,4.276223259661979,2.141635149509514,5.929175038411535,3.940801914667297,4.124512468975299,2.3677756766339675,4.0581787022810545,2.7103327029901902,7.386316629240042,3.3650130008273256,3.1315004136626876,5.9265748729464605,7.563896111570736,5.651577827679943,5.88650868691644,1.976775794823307,2.244962179411417,4.3832505656204095,67692,73.0,927.0,False,0,0.0,6,3,3,0,106.0
CC Ouest Aveyron Communauté,epci,200069383,6.807881773399015,7.093450100346652,5.641744207261449,6.0,9.429775588396279,4.078817733990148,5.805145046524357,7.202444809341361,9.443130815544608,6.54573982849845,7.504032110928662,5.074475460682358,2.859551176792556,6.305929574895092,5.132129173508484,7.641926655719759,5.289326765188834,6.772778690020069,7.899069512862616,8.838204707170224,6.6028826856413065,6.048677248677249,8.629045794563035,8.765626710454297,6.595110381317278,4.363035942346287,6.719102353585112,5.719102353585112,6.600290614330023,27408,40.0,685.0,True,1,7.0,5,1,2,0,154.0
CA Tarbes-Lourdes-Pyrénées,epci,200069300,4.733579158316633,5.613939879759519,6.455887775551102,5.89167134268537,10.0,4.242877755511022,1.4323366733466933,2.796488977955912,2.7596472945891786,6.690741482965932,7.578180360721443,7.256128256513026,5.4796072144288575,3.871062124248497,6.957026052104208,8.026356713426853,5.455118236472946,6.4042965931863725,6.541034068136272,8.548705410821643,6.315406813627255,7.536296593186373,7.185971943887775,8.312889779559118,5.093354709418838,2.8937314629258517,6.004248496993988,5.854404809619238,5.926106784998568,124769,201.0,620.0,True,5,5.0,15,5,3,0,118.0
CC Aubrac Lot Causses Tarn,epci,200069268,6.721029504080351,8.699686126804771,6.323289391086001,10.0,4.122284996861268,6.217325800376647,6.1893283113622095,9.340489642184558,8.034651600753296,6.848210922787194,6.804896421845575,5.03804143126177,1.0,8.739485247959824,2.7119899560577525,1.808286252354049,1.0,5.547897049591965,5.195354676710609,7.94601381042059,5.146641556811049,7.371625863151287,6.600125549278092,5.854488386691776,4.683741368487131,3.7458882611424986,1.0,1.0,5.488956147430723,7965,13.0,612.0,True,0,0.0,3,2,1,0,110.0
CA Troyes Champagne Métropole,epci,200069250,5.292101964061847,5.24862446023123,6.678669266843107,5.719505966476296,9.85398384176069,3.9592213400195013,1.1850710405348934,3.494979570042253,1.6745716673631426,6.759965408366996,7.997852532850444,7.400833449412639,7.35180155081952,3.8027000046431723,7.215448994753215,8.469726517156522,8.154588614941728,7.0062682824905975,7.973992431629289,8.850217068301063,6.746900682546316,6.871355109811023,5.244352741793193,7.087343873334262,5.545973208896318,5.218821098574546,5.0656486511584715,8.07153967590658,6.212216393382818,172317,193.0,892.0,False,11,7.0,20,8,17,0,81.0
CC du Haut Pays du Montreuillois,epci,200069235,2.659340659340659,6.476021088737852,5.767960363336086,7.0,5.0,7.125325541510513,8.04160579305088,5.450041288191577,4.626818268436765,4.128501556247221,4.046687416629613,4.943721018865528,3.7476338690211524,8.017404560757162,5.980562789811345,3.1495267738042303,4.448580321412692,2.926443498697834,4.069554722733914,3.8395477355014926,5.669059264434987,8.184780537381693,4.868512989900273,5.770247093946516,6.603125198500921,8.7309915518008,5.747633869021152,3.4485803214126913,5.373864574731627,15743,37.0,425.0,True,0,0.0,8,2,2,0,79.0
CC Pays Fort Sancerrois Val de Loire,epci,200069227,6.315356291964479,7.253248862897986,4.013861815031405,3.0,6.0,5.222763699371886,8.002653238033355,5.363818496859433,3.7298029023175223,7.449859215941087,8.729586311457657,5.474063244531081,8.0,8.343946285466753,5.297541693740524,5.0,6.0,3.878330084470435,4.506010396361273,5.597465886939571,6.323153562919645,5.836473900801386,8.35705003248863,8.82277452891488,7.903941953649556,6.853259692440979,5.0,5.0,6.116962932021414,18468,26.0,710.0,True,0,0.0,6,3,3,0,154.0
CC de la Dombes,epci,200069193,7.679504567904394,5.655347135143435,4.003275584103181,8.0,1.0,3.7793842925506054,2.6068019551142614,5.811807457071935,4.710955293395092,4.380940194999616,4.482406530695806,5.005399595670087,2.954832766077232,5.620646416050362,3.3737492642731017,2.645750697341147,1.1940783581134682,4.715510402538578,5.190649231005451,7.234127491875016,2.505770657931776,3.688691557693784,4.617831460961691,6.036389692146275,5.044936919415513,5.636205440540471,4.447756992604345,1.3833457020753896,4.407360559189001,39077,61.0,640.0,False,0,0.0,35,3,31,0,80.0
CC des Terres d'Apcher-Margeride-Aubrac,epci,200069185,7.813780785862004,7.560443692423388,6.331265275427712,10.0,4.0,6.37037037037037,7.1140251927053955,8.96897913141568,9.437770257567212,7.059127655574356,8.050761421319796,4.855141943974432,1.0,7.665068621921414,3.0518894529046814,1.7862380146644106,1.0,3.754653130287648,2.657642413987592,6.880804662530551,5.875822523030645,8.62201541643166,7.862850159804474,7.974243278811807,5.994829855235946,4.487685655198345,1.7862380146644106,1.0,5.677201675932639,10639,24.0,443.0,True,0,0.0,2,2,1,0,139.0
CC Mond'Arverne Communauté,epci,200069177,4.879710969785455,6.135779861918785,4.275568533320135,1.0,9.0,2.7610551582489915,2.1443171413723987,6.2075672465417835,3.0806711044022665,4.076538566231966,2.8402662641360026,4.628838682536933,5.007151518150999,3.988839672366435,2.7339338298978,1.1264012273885824,2.826581871272673,4.241270941080399,5.656776620227165,6.676202024201332,2.1635940709212838,2.4344856598450915,5.391403330776273,5.782460221226894,2.8992601024473537,2.0248942119719877,2.2396872138774095,2.2682932864814034,3.874698190379564,40411,130.0,310.0,False,0,0.0,3,1,2,0,92.0
CC Dômes Sancy Artense,epci,200069169,8.60683081810961,8.626926131850675,4.733518665607625,6.0,3.0,3.95186656076251,4.310166799046862,8.015329626687848,7.8158061953931695,6.577680698967434,6.8546465448768865,4.456632247815727,3.0,8.550039714058776,2.5753772835583795,1.0,2.0,3.0507545671167593,1.891977760127085,5.583637807783956,3.7246227164416204,4.731294678316124,6.3793486894360605,6.874106433677522,6.055361397934869,5.7996822875297855,1.0,1.0,4.8630574151821175,12590,18.0,699.0,True,0,0.0,5,2,4,0,118.0
CC Gorges Causses Cévennes,epci,200069151,5.340990667623833,9.682842785355348,6.551758793969849,10.0,5.0,6.564536970567121,6.668916008614501,9.63632447954056,9.27264895908112,8.55075376884422,9.70251256281407,7.119023689877961,5.5125628140703515,9.788370423546302,6.460732232591529,5.0,9.0,6.216654702081838,6.384781048097631,8.454414931801866,6.501363962670496,7.964680545585068,8.317875089734386,7.006173725771716,5.515290739411342,2.880832735104092,2.0,7.0,7.074787201312684,6965,7.0,995.0,True,0,0.0,2,2,0,0,153.0
CC des Hautes Terres de l'Aubrac,epci,200069144,8.093645484949834,9.12905764312414,6.63250049183553,10.0,4.0,6.8270706275821365,7.713358253000197,9.97678536297462,9.817430651190241,7.008853039543577,7.0,4.910485933503836,1.0,9.319299626204996,3.6142042101121383,1.0,5.0,2.8089710800708243,1.213259885894157,4.99606531575841,4.687389337005706,6.6970293133976,8.427109974424553,7.422388353334645,6.662404092071611,5.863859925240999,1.0,4.0,5.88647030718642,5083,9.0,564.0,True,0,0.0,1,1,0,0,176.0
CC des Cévennes au Mont Lozère,epci,200069136,7.866322887742959,9.782229274097581,8.301071003570012,10.0,5.0,4.329432764775882,7.6439904799682665,9.430583101943673,8.795715985719953,8.377826259420864,10.0,4.952994843316144,4.0,9.468266560888535,7.797897659658865,9.0,10.0,7.495834986116621,8.25446251487505,7.544426814756049,8.711225704085681,6.86334787782626,9.227092423641412,7.208052360174534,4.470448234827449,1.2848076160253867,2.0,10.0,7.4216439054796846,5042,8.0,630.0,True,0,0.0,9,5,3,0,215.0
CC Mont Lozère,epci,200069128,5.5813953488372094,9.50109011627907,6.736191860465116,10.0,4.534156976744186,6.119731104651163,7.869004360465116,9.640443313953488,8.655704941860465,6.712209302325581,6.056140988372093,4.783066860465116,1.0,9.040697674418604,4.902252906976744,3.0,6.0,4.696584302325581,5.57594476744186,6.595021802325581,5.100109011627907,6.7289244186046515,7.426053779069767,6.037245639534884,5.7376453488372094,4.2914244186046515,1.0,3.0,5.940037115863789,5504,7.0,786.0,True,0,0.0,4,2,1,0,144.0
CA du Grand Chambéry,epci,200069110,4.844716318610239,5.50783958602846,4.65647015339124,2.7393901312141935,6.7393901312141935,3.328907780447237,1.2122491221585658,3.560620957309185,1.2421068194418776,7.389635926815746,8.441323230456478,6.674973202735169,1.9189059323600073,3.187359083348734,5.232932914433562,2.6910293845869524,3.2314322676030307,7.227736093143596,8.017150249491776,9.324960266124561,4.400036961744594,6.454163740528553,5.03889114766217,7.481552393272962,2.7164738495656997,1.265836259471447,1.8933949362409905,4.566978377379412,4.678087757742165,135288,258.0,524.0,False,2,5.0,50,3,17,0,88.0
CC Randon - Margeride,epci,200069102,6.668612314065148,9.340048954999059,6.988326115609113,10.0,4.0,5.697608736584447,7.081905479194125,9.331199397476935,8.38109583882508,6.336659762756543,8.101864055733383,3.878365656185276,1.0,9.041423460741857,1.8088872152137074,1.0,1.0,3.157597439276972,2.71342496704952,5.621540199585765,5.635850122387498,8.472980606288834,6.909056674825833,5.2803615138392015,5.8683863679156465,5.222745245716437,1.0,6.0,5.554926433009655,5311,8.0,663.0,True,0,0.0,5,2,3,0,125.0
CC Isle et Crempse-en-Périgord,epci,200069094,8.789502993178338,6.715787275511625,4.979117360434359,7.0,8.0,5.630446888486705,6.57914520395378,8.427746067102882,7.237296394264235,5.860852011694278,6.745371014896283,5.752540721147153,10.0,7.128149798134484,6.855352916608659,8.380899345677294,6.0,6.4015035500487265,7.851315606292635,7.90261729082556,5.896630934150076,6.4839203675344566,8.678337741890575,8.301058053737993,7.5397466239732704,6.074342196853682,6.57134901851594,7.0,7.099393906246893,14366,33.0,435.0,True,0,0.0,6,1,4,0,163.0
CC Leff Armor Communauté,epci,200069086,8.930547117321652,6.624724202986602,5.5925239024078275,2.0,2.0,4.734307549643463,3.415150449269338,4.779330412816167,4.553928308764749,5.3699037508393825,5.078214434176446,5.334985450708278,1.896204393566335,5.832827039299076,5.336072650529211,5.690020145173152,4.376714737952867,2.861605858088447,2.0154446327502957,5.486170178748441,3.075016787644294,3.6417996354682955,5.836792120998945,7.173824065487801,5.338119144309788,4.999136635436319,2.399162216608576,3.460237265372686,4.565455824513159,31273,71.0,440.0,False,0,0.0,3,3,0,0,97.0
CC des Vosges du Sud,epci,200069060,5.722779416584726,7.529072435267126,4.195345788266143,9.0,7.0,4.632186168469354,10.0,7.184988528351361,4.724090462143559,5.292166502785972,4.882661422484431,5.09406751884628,6.785578498852835,5.648770894788594,4.713470993117011,3.0,6.785578498852835,3.4632579482137005,2.8079318256309405,6.239265814487053,4.198951163552933,4.378367748279253,6.193379219927892,6.631989511635529,5.793117010816126,4.705342510652245,5.1783677482792525,5.392789249426418,5.613339888561128,15255,87.0,175.0,False,0,0.0,3,0,0,0,107.0
CA Grand Belfort,epci,200069052,4.49118923484694,5.226613850619909,6.658064641404286,5.367314245769377,8.911542830512918,3.644035378984262,10.0,4.138331440111069,1.569656016077826,6.924640045048981,7.645171312342838,7.1450984961019035,4.33002262157885,3.5640443111098166,6.834415868115224,8.680734764415188,4.628384741599433,7.131680890105729,7.917727356576277,8.917348712123419,6.220594374702667,4.541859629705143,4.7751046126661425,6.789784366838513,4.142748958727755,3.02997116476859,3.9953106340838263,4.497131040107186,5.775661483537289,103009,391.0,263.0,False,7,11.0,19,2,2,0,82.0
CA du Pays de Saint-Omer,epci,200069037,3.147203149666204,5.436274416569983,6.65756889894821,5.0,9.333900755083022,4.062242045000666,8.77245753846739,3.916712630998345,2.00794073454172,4.786807919812846,5.138568195218442,6.299237309089526,9.221503699336212,5.158396256918424,7.064695589326131,7.9308823249709945,8.133271202236719,3.0581908439051295,2.418567054035034,5.746400517336478,6.210244023051905,5.3917016946573595,4.1142514787834985,5.97396199859254,6.478983205584191,7.714390322764707,6.801614774521179,9.446221731936017,5.907935368262601,105162,192.0,547.0,False,5,6.0,53,6,22,0,75.0
CA des Deux Baies en Montreuillois,epci,200069029,3.075953771215926,5.381084924212629,5.6013826279006445,3.0,7.956176443893141,4.6860042961304575,7.2750128581369315,3.618476386409706,1.899494750854688,5.7484645871781685,6.740779959459051,6.027743321332405,7.462953438417088,5.747738480622031,6.958884216258736,4.96289292953741,9.71542673887393,2.7819865065198317,2.0698423743684384,5.874640728526911,5.280322512328684,5.916180074425922,6.648851844008108,6.985750158835809,6.186730402686594,5.344688833086256,5.110292560433243,9.091958369890781,5.612489789126554,66113,163.0,405.0,False,1,1.0,18,3,0,0,129.0
CC du Barséquanais en Champagne,epci,200069003,4.848591174906964,7.7281765018607125,5.461881977671451,10.0,9.0,4.878415736310473,1.6252525252525252,5.240563530037214,5.855023923444976,6.272408293460925,7.523710792131845,5.847262094630516,9.158958001063263,8.512865497076023,5.069750132908028,4.953748006379585,4.841041998936736,3.922222222222222,4.8981924508240295,5.684423179160021,5.916108452950558,4.247846889952153,6.7889952153110045,7.228389154704944,8.671823498139288,9.109516214779372,9.158958001063263,6.635832004253057,6.3957127667653975,18810,23.0,817.0,True,0,0.0,12,1,11,0,117.0
CA Arlysère,epci,200068997,6.885835233891742,7.355653272515465,6.965346940784616,2.0,3.5761235171542487,4.393817579208164,5.413572448192692,4.214809588658999,1.874448291138202,6.6039509737969055,7.616223932269021,6.071767273204587,4.858417969711389,4.7951334766272335,4.1031223850230525,1.9803271695079332,2.893842190755903,6.406763253318457,7.110653518630942,8.61098987645003,4.49434754786946,4.851969744203981,5.921161008745304,7.368992731389568,6.203882061463238,5.137627774952008,4.458283426583753,3.32515136101859,5.196150519538053,60950,79.0,771.0,False,1,2.0,19,3,7,0,96.0
CA Dinan Agglomération,epci,200068989,8.904976633598427,5.822128392227597,5.267627285398048,2.0,4.024288759531032,3.9638128228252847,3.5150036894318273,4.902906452406329,2.9657292776912354,6.032641223251619,5.954599491678281,5.109360908420103,5.157364515864557,5.317373124538821,5.217225547265721,4.738347544478151,4.0196769697466594,4.316051078133968,4.135022956464704,7.037416987783882,3.798106091661884,4.527158317619087,7.1338443879642535,7.754058375010248,5.581044519144052,4.350414036238419,2.2848446339263755,4.21581126506518,4.93024411740592,97579,102.0,956.0,False,1,1.0,27,6,19,0,123.0
CC Maine Cœur de Sarthe,epci,200068963,4.112603305785124,5.371806912096169,4.257419233658903,9.0,9.0,4.73919984973704,1.690880916604057,5.889228024042073,4.291604057099925,2.7961589030803906,2.5096262208865516,3.8547614575507136,1.1056536438767843,5.25103305785124,2.5546581517655897,1.0,1.0,1.9168388429752066,1.2576540195341848,4.9065082644628095,1.9114857250187829,2.40650826446281,4.416228399699474,6.343773478587528,5.452620210368144,6.768172426746807,2.658151765589782,1.0,3.837949111838575,21296,112.0,190.0,False,0,0.0,2,1,1,0,70.0
CC Anjou Loir et Sarthe,epci,200068955,7.718714121699196,6.546892939150402,3.4280640068886337,1.0,6.0,4.743326636050517,8.0,6.6814724454649825,5.6079219288174516,4.460820895522388,3.8583165901262917,3.553386911595867,2.11201205510907,6.635835246842709,4.436674799081516,4.859679965556831,2.3256673363949485,2.6993398392652126,2.0550373134328357,5.371053386911596,2.087004879448909,2.0474669919632604,4.591059127439724,6.435096153846154,6.384615384615385,7.3935849598163035,3.823371125143513,1.589444603903559,4.515923558717402,27872,61.0,456.0,True,0,0.0,6,3,5,0,72.0
CC Albret Communauté,epci,200068948,7.611879297173415,7.476623376623377,5.02563025210084,6.0,5.0,4.112070282658518,5.074446142093201,6.112910618792972,6.363368983957219,6.352291825821237,7.201413292589764,5.723682200152789,6.215393430099312,6.886058059587471,6.405003819709702,6.60790679908327,6.5230710466004584,7.257792207792208,8.734262796027503,9.070435446906036,6.256035141329259,6.0220397249809015,8.39935064935065,8.875859434682964,7.505920550038197,5.166883116883117,9.0,7.5230710466004584,6.7322642693441015,26182,35.0,748.0,True,0,0.0,5,2,2,0,147.0
CC Fumel Vallée du Lot,epci,200068930,8.194630598234717,6.9637136319058515,5.5817260542661,7.0,10.0,5.644573389996731,5.708115397188624,8.832461588754494,7.72895554102648,6.635787839163125,6.8430451127819545,5.971641059169663,10.0,7.38411245505067,7.759807126511932,8.863844393592677,9.0,7.642448512585812,8.945161817587447,9.115764955867931,6.97507355344884,6.19172932330827,9.045766590389016,8.89645308924485,8.545235371036286,6.19520268061458,8.39228506047728,9.19614253023864,7.759059916872928,24472,54.0,453.0,True,0,0.0,4,2,2,0,169.0
CC du Confluent et des Coteaux de Prayssas,epci,200068922,8.287911009324391,7.474562407982987,4.943453841539887,7.0,5.809040841921588,5.191558972681171,3.795026991657124,4.947707072359453,4.378537542941273,4.462675173128305,3.9227329734445715,5.753966955668248,6.037024919570315,6.898576803533453,7.217569115000818,10.0,8.481487540214843,8.494901575876547,9.50297180871367,9.098642237853754,6.5841648944871585,3.9465074431539344,7.263591253612519,7.5767490048530455,7.430612356180817,5.015486122471236,10.0,9.240743770107422,6.741292951009948,18339,48.0,382.0,True,0,0.0,5,2,3,0,114.0
CC La Rochefoucauld - Porte du Périgord,epci,200068914,6.300560249816312,7.359065025716385,6.381337252020573,5.0,3.0,6.238749081557678,9.0,5.345885378398236,4.988198016164585,5.586838721528288,5.2595058780308594,5.377020573108009,6.182586333578251,6.938877663482733,6.126790962527553,7.733008817046289,4.547759000734754,5.530951506245408,6.887077516531962,7.009597722263042,4.461012123438648,4.877433872152829,7.928912564290963,8.050238795003674,8.178499265246142,7.426846069066863,6.365172667156503,5.7303453343130055,6.207581085336412,21776,46.0,473.0,True,0,0.0,11,2,10,0,146.0
CC Champagne Boischauts,epci,200068880,7.805372529143437,7.186011150532185,5.6091231626964015,9.0,5.0,8.248454130765332,5.784693360364926,7.8925494171312724,6.642473390775469,5.722655854029397,5.810542321338064,4.851697921946275,6.0,8.000506842372022,4.570704510897111,2.396553471870248,6.0,3.1499239736441966,2.921844906234161,4.281500253421186,5.094272681196148,5.399391789153573,6.548504815002534,6.5862138874809935,7.9161682716675115,8.093765838824126,6.0,5.0,5.9826044457316625,9865,13.0,758.0,True,0,0.0,2,1,1,0,110.0
CC Éguzon - Argenton - Vallée de la Creuse,epci,200068872,4.385995223334519,6.831495502820265,6.223588596981554,5.0,8.0,5.903602825346816,5.9117841353727325,5.0403475786371255,6.316327049138676,7.474770059454241,8.55673560648407,6.028659992885817,6.0,8.195843284719752,6.89425275674577,8.498196046547081,9.24909802327354,4.305859037552721,3.2427460744956553,6.743838609685452,6.63575384928096,7.140860816098379,8.69530972102241,9.011128614258855,9.109609228111184,7.743127191422328,10.0,9.24909802327354,7.013858137390839,19679,43.0,457.0,True,0,0.0,6,3,3,0,164.0
CC de la Mossig et du Vignoble,epci,200068864,3.39930908351961,6.853281853281853,4.397236334078439,8.0,1.0,4.702133712660029,10.0,4.253647632595001,1.7814265393212763,3.824466571834993,2.772200772200772,4.5496037390774235,2.6936801463117255,5.060760008128429,2.897256655151392,1.5768746189798821,3.1501727291200976,4.867669172932331,4.38528754318228,7.60735622840886,2.813737045315993,2.175533428165007,4.877301361511888,5.853728916886811,4.831822800243853,4.069051005893111,2.976752692542166,2.7467181467181465,4.218464597787906,24606,139.0,177.0,False,0,0.0,4,1,3,0,92.0
CC des Hauts du Perche,epci,200068856,8.210391822827939,7.979435385738623,7.276344609394013,10.0,6.0,7.288634704307618,4.940618155268922,6.559625212947189,5.914821124361159,7.5098564127524945,8.648454611827695,6.162691652470188,2.9041129228522755,9.152226819177416,6.945120467266975,5.434047213433925,9.0,4.893161353127281,5.434168897541981,6.869798004380628,6.869189583840351,4.59333171087856,8.561450474568021,8.323679727427598,9.432465320029204,8.47517644195668,10.0,7.0,7.156385808156314,8218,21.0,391.0,True,0,0.0,3,1,2,0,153.0
CC Pays Ségali Communauté,epci,200068831,6.228652592881413,8.256725895393528,4.192112738818025,5.0,7.0,4.145546705286025,2.4488386342115525,8.217623795465938,9.870606583857851,5.25149000167103,4.520637219406227,3.8179134406505875,1.0,7.587255611875452,2.5636383891271652,1.3501364674427672,1.0,4.025956664624297,2.8103938060491283,6.482983345401883,2.9527098535063776,3.368740600456748,7.177407675597393,7.9309864646577175,5.474906700829945,4.789840138138473,1.0,1.0,4.623753690191054,17953,30.0,598.0,True,0,0.0,7,6,1,0,119.0
CC Cœur de Garonne,epci,200068815,5.55484334578902,6.239292900258695,5.55590686979017,4.0,4.0,4.178729519977005,2.17257832710549,5.1739867778097155,8.59514228226502,4.653866053463639,4.759356136820926,6.4048577177349815,7.064386317907445,6.069215291750503,6.685340615119287,9.061339465363611,6.84642138545559,5.00183960908307,4.354210980166714,7.307185972980742,5.090629491233113,5.547111238861742,4.981144006898534,6.38904857717735,5.176544984190859,3.6190572003449266,7.261770623742454,6.14544409313021,5.638901778015031,34790,60.0,579.0,False,0,0.0,10,2,9,0,84.0
CC du Bassin Auterivain Haut-Garonnais,epci,200068807,6.080774944293142,6.250123793018074,4.633510769992572,2.0,2.0,4.7577370636296115,2.306604357514236,6.115189403317653,6.64669472641743,4.067126764050507,4.278967566229265,5.387348353552859,5.04298712552612,4.935875216637782,5.19587150284724,2.943550383758356,6.328299083931666,5.9469856400099035,5.4751176033671705,8.660683337459767,3.8814372369398367,4.851757860856647,4.088666749195346,6.120233968804159,3.5892238177766775,2.68869150779896,5.592411487992077,6.426869274572914,4.86759784069607,32312,102.0,316.0,False,0,0.0,7,1,4,0,71.0
CC Intercom de la Vire au Noireau,epci,200068799,6.485163521475536,7.05665613525745,5.661002476304329,3.639633677738878,6.441465289044488,6.645568269148663,4.723379728460422,5.297519426180514,3.356630518316113,5.730467082230382,7.209226368371616,4.490905985825292,4.846703953547946,6.4135641704380495,5.618222184271198,3.1849543164546152,4.518486892665016,4.52092050209205,4.577854154213987,7.454231064810862,5.800401332080949,5.727158227307659,6.755870549056443,8.233306293228589,8.910191273161985,9.982793954401844,7.793100503799846,4.549675518743062,5.915180477450993,46851,58.0,807.0,True,0,0.0,15,4,10,0,117.0
CA Valence Romans Agglo,epci,200068781,5.312736489058253,5.469207725271921,5.368871435032397,5.314769455353105,6.456096436039925,3.7617981452540983,1.0882235725576417,4.77153757629221,2.0786587795933174,5.85623704207882,6.67824949959475,6.3247775603508885,5.120513704610893,3.494333218400584,6.524509781971082,7.667663745583671,5.677143458460767,6.376694325158182,7.277226747388265,8.792086656307793,5.379228816177755,5.3927252047519465,5.555640138098415,7.307036123213878,4.334172193140754,2.962703576498193,3.9005010769347885,6.432636721461228,5.381284971594126,223342,237.0,942.0,False,6,1.0,45,3,9,0,90.0
CC des Vosges côté Sud Ouest,epci,200068773,4.303665358603991,7.445687567838357,3.2017199632629207,5.0,4.0,6.3947566168489605,8.757702262670117,5.675127327377473,7.48584787509393,6.679218502129081,6.942556566752943,5.773732988227436,5.0,9.262252650914252,6.357685563997662,8.0,5.0,4.167237204642231,5.555063872422142,5.5975619938214916,6.450697169575019,9.289471487016781,8.215329381314186,6.466143441596393,9.071052851298322,9.683727143692076,7.0,8.0,6.599151349610563,11977,17.0,704.0,True,0,0.0,4,3,3,0,159.0
CC du Sisteronais-Buëch,epci,200068765,6.956096397041279,8.346735067207508,7.586494869959437,7.0,8.0,5.3461783186192635,8.496222063151198,5.120376998329754,5.63703968822079,7.37743577507357,9.410204406267399,6.2065139584824625,8.437365783822477,7.562316074127097,6.881929531535831,9.14065855404438,8.281317108088762,6.831861926350116,7.217171717171717,8.58577905034598,7.334367294997216,8.10435059253957,8.42853734192317,8.128290781834089,6.097391235186511,2.4770540046130596,7.2813171080887615,9.14065855404438,7.336202292895206,25146,16.0,1571.0,True,0,0.0,9,6,5,0,154.0
CA d'Épinal,epci,200068757,4.019346080890351,6.697223046288555,5.787184120391596,4.868874565117721,8.57924971007848,5.391821066731393,9.452142722295639,2.9659196130783823,1.92795562627543,6.895421487454714,7.990057265118621,6.741327076422413,7.746676016073788,6.015039959725631,7.030115878709422,8.642241340561144,7.430207574817731,4.723185630680439,4.880723140681607,7.18758147019427,6.557449409818675,6.012567760727096,5.875059557521328,7.239956129705044,6.037874088657551,5.229186331885973,5.88084000827063,7.419644542733083,6.2580311150323835,111246,98.0,1135.0,False,3,4.0,21,6,16,0,99.0
CC Terre d'Eau,epci,200068682,3.8204127791914053,6.4387899349731414,4.1852982753746115,10.0,4.0,5.456036188860616,8.146169069833192,6.7086231269437375,6.792083686740176,6.860163980774668,8.478880407124683,6.826123833757421,8.08108566581849,7.629346904156065,6.890302516256715,7.281764206955047,7.821374045801527,4.867062482329658,7.261577608142494,6.315238903025163,5.613401187446989,6.476957873904439,7.146904156064461,6.851625671472999,8.245801526717557,7.528018094430308,6.401696352841391,7.281764206955047,6.76451795306757,17686,42.0,421.0,True,0,0.0,5,2,3,0,134.0
CA Grand Lac,epci,200068674,6.70951627784368,6.393291155924608,4.36429418742586,1.3952682219586134,1.3952682219586134,4.207960985896929,3.0199815473836824,3.9161328588374853,1.5808620007908265,6.173639119546593,5.948385396072228,5.841254777909582,2.0973111901937527,3.6168577830499538,4.248279952550416,3.9795834980888363,2.304547251878213,6.479174904441808,7.042124686964544,8.992328983788058,3.057756689073415,4.167088440753921,5.679082641360221,7.555239224990115,3.0385396072228814,1.9166205351258732,1.039580862000791,2.3837089758797942,4.233702856389689,75874,218.0,348.0,False,1,2.0,13,0,0,0,100.0
CA de Saint-Dizier Der et Blaise,epci,200068666,5.875267159524894,6.9923093094145266,6.0162047580673415,5.8190322693668755,8.819032269366875,5.656686871518167,2.0687957674923796,4.645965453207666,2.587768473424197,6.316667250621912,7.759083423846397,6.196489261063032,8.56364528222557,6.690445324270348,6.980063767912827,8.448337479415578,8.309379489155951,4.311481728040363,5.4216215269261765,6.69608633194352,7.138239725307453,7.43645982971865,6.330261728741109,7.975508916996602,8.193546126624856,8.287656354017027,7.718895623839389,9.309379489155951,6.663011106828772,57088,60.0,951.0,False,1,11.0,9,2,7,0,107.0
CA de Chaumont,epci,200068658,6.546883032700776,6.94474619459532,5.720445249111513,2.0,7.982722009879524,5.399986588882183,5.242852991796866,5.0356512215293145,2.8781823464985807,7.308433357920383,9.385524933503207,6.4412257761684435,5.2451999374147835,6.336037908759695,5.130043139095644,2.3684034064239254,4.522385390822325,4.730570643063099,5.453474597107669,7.061467623326404,6.154361966069872,6.559511835311473,6.325420773821498,7.434631976575248,6.47625114553298,6.2706810612664565,2.3450904132859476,5.3414023558863635,5.6657709955839115,44746,48.0,932.0,True,2,2.0,8,4,2,0,118.0
CA Le Muretain Agglo,epci,200068641,5.1110901469225025,5.316232024347626,3.4986095274033846,1.6105282155191507,3.0175470258652513,5.07672619584745,1.3377166717254165,5.673398905669354,5.2634432859451525,4.451784644916777,3.343770764800945,6.546738747016021,5.874332450102952,2.8942912691446336,5.583432457485992,6.342474631053068,3.937629715917015,6.687008310022067,6.786958269415345,9.17391982018195,4.65538428724949,5.178932084232287,3.576754907670979,5.5678542423770105,2.832946407330539,1.5255986415205782,3.8883356166069185,5.883946809296068,4.665620931270927,121913,379.0,321.0,False,2,2.0,27,2,22,0,71.0
CC Alpes-Provence-Verdon - Sources de Lumière,epci,200068625,7.856206293706293,9.588111888111888,5.41687062937063,7.0,8.0,5.601748251748251,7.854982517482518,5.395804195804196,8.166958041958042,8.54458041958042,9.911975524475524,6.40708041958042,10.0,9.868181818181819,6.548426573426574,10.0,7.0,5.764160839160839,6.827097902097902,7.319318181818182,6.483653846153846,6.663986013986014,8.700874125874126,7.012587412587413,6.696940559440559,3.044318181818182,6.0,6.0,7.274066558441558,11440,6.0,1906.0,True,0,0.0,28,4,24,0,187.0
CC Les Vals du Dauphiné,epci,200068567,9.183445972807506,6.0518565635684185,6.250807028703188,1.0,2.0,3.463417349129363,1.1319710582809892,3.954599666057088,3.0901486841059076,4.358781903474596,4.329029180249662,5.372378150592351,5.119980917547905,4.247785640454798,5.59136519042697,6.381394609207283,4.994688717500199,5.444334897034269,6.355378866184305,7.972330444462114,3.5248787469189793,4.034141687206806,4.205597519281228,5.703601812832949,5.466406933290928,5.1807267233839545,6.8891627574143275,4.168959211258647,4.838113222549098,62885,180.0,349.0,False,0,0.0,8,1,3,0,73.0
CC de l'Ouest Vosgien,epci,200068559,4.816875428963624,7.248713109128346,4.819492107069321,5.0,6.0,5.416695264241592,7.3035346602608096,4.985458133150309,3.230610844200412,6.404727179135209,7.065502745367193,6.285990048043926,7.284874742621826,7.601106726149623,6.79259608785175,9.284874742621826,7.569749485243651,5.104667124227865,7.384737474262183,6.724562457103637,6.030027453671929,5.833090253946465,7.414464653397392,6.412062457103637,8.107412491420728,8.62474262182567,6.715125257378174,6.854624227865477,6.511297063437591,23312,31.0,752.0,True,0,0.0,4,2,2,0,124.0
CC Les Balcons du Dauphiné,epci,200068542,7.833742235214282,6.062418437124811,4.555593255728977,1.0,1.0,3.4841441770632144,2.619903951558177,4.724552382940962,3.519483739625202,3.596074541942893,3.756864331575925,4.911416192514485,3.978454350890014,4.271558699170016,4.5301456386699375,6.9781541995093175,3.885720624314872,5.206712950879574,6.7310904630161295,7.775878269040038,1.9696455603695777,2.102703972438273,3.4045649109985905,5.5356266638826535,5.056467609751005,5.0865088479407,6.228937203111134,3.4970506864331576,4.403693353417997,76628,123.0,622.0,False,0,0.0,5,1,0,0,68.0
CC Terroir de Caux,epci,200068534,7.619101657341919,6.22226327456983,3.7643565924205635,1.0,1.0,5.18742742531405,4.730206903831943,5.369998944368205,4.217380977515043,3.4381399767761005,4.342552517681833,4.458672015201098,5.196241950807559,6.081257257468595,4.568035469228334,3.4904729230444422,5.0,2.2317639607304973,1.83677293360076,3.7879763538477778,4.025361553890003,5.925050142510292,4.610076005489286,5.925551567613216,7.1841813575424895,8.24076322178824,4.117175129314895,5.0,4.591813575424892,37892,77.0,492.0,False,0,0.0,7,1,6,0,78.0
CA de Cambrai,epci,200068500,3.1101158792506394,5.0772365184831685,7.30249746093511,5.795222887069736,9.397611443534867,4.227439031851499,4.874466184550249,3.467249122034189,1.4030811399483623,5.6656265677960915,7.510040013215374,7.045421729500875,8.521432154962495,5.511728644322895,8.342376075278686,9.829986662261541,9.75048639917771,4.298789814372943,5.339781946330898,6.762784038765097,7.262459772646624,6.985120467922127,5.388115952669383,6.707830109026834,5.8640896687591,5.940861201864836,6.9215643087013445,9.319041151205903,6.3436591552299495,81730,197.0,414.0,False,4,2.0,63,3,14,0,91.0
CC des Causses à l'Aubrac,epci,200068484,5.534219223354448,8.732098595428257,4.832966125034425,5.0,3.0,4.774717708620215,4.891214541448637,8.803773065271276,9.157050399339026,6.797507573671165,6.930459928394382,3.3585100523271825,1.0,9.00227210134949,3.393348939686037,1.5671302671440375,1.0,4.910837234921509,3.5823464610300193,7.362641145689893,4.90526025888185,6.013701459652988,8.47335444781052,8.660492977141283,7.257091710272652,6.029124208207105,1.719016799779675,2.0,5.310326258016288,14524,19.0,764.0,True,0,0.0,5,4,1,0,154.0
CC des Pays de L'Aigle,epci,200068468,5.359057802572447,6.618472028513869,7.235859290252596,5.0,8.0,6.35034092670076,3.0047652254765227,4.216139779947311,2.6505888733922207,6.478847047884705,7.1589183325585,5.932202076553541,8.511235084456843,7.150317681698435,6.601115760111576,6.559739655973965,8.699597086626376,5.927243142724314,7.163993491399349,7.8010227801022785,6.8489074848907485,6.290252595691927,7.248217883155122,7.996590732992407,8.559313497598016,8.057531380753138,9.87780877111421,8.699597086626376,6.785631267848842,25815,46.0,561.0,True,1,4.0,3,2,1,0,116.0
CC Argentan Intercom,epci,200068450,5.151823001510529,5.714006456772206,6.980985102034772,4.0,8.219530255012884,6.087047951900009,6.216005686698457,5.4779492343689835,2.8980837010929124,6.600035541865355,7.693392174865978,5.511417824245476,7.7359535586292685,5.905873293250007,5.1985605544531,6.5544530995468415,5.779877380564523,4.676539407043213,4.505197997808252,6.612445576518675,6.3856292391078995,5.416165625092557,7.35849894855315,7.606492314071617,8.107336433373812,8.207653348339898,8.48328051417232,9.010781032491188,6.360536259049425,33768,46.0,733.0,True,2,8.0,8,2,6,0,125.0
CC Andaine - Passais,epci,200068443,8.463135561112374,5.999772675608093,4.757444873834962,5.0,8.0,7.447450178070774,5.105781617034174,4.362885504281276,5.356520421307873,7.259149806774267,7.012351291960294,3.78025308782299,1.794422974918542,8.126619686292338,5.293248465560355,3.466393877396378,4.462226263544745,6.550352352807456,8.268091232855951,8.16799272561946,5.395014018337501,4.441085095097371,8.794574524513147,8.990225051147988,9.22603622035311,7.820716829582481,6.693339395317118,2.0,6.144110133255393,13197,39.0,338.0,True,0,0.0,12,2,12,0,192.0
CC Cœur du Perche,epci,200068435,8.31759014951627,7.624098504837291,6.355057167985928,10.0,6.0,4.60905892700088,6.7605980650835535,5.971591908531223,3.4485488126649075,6.143007915567282,5.741072999120493,5.171855760773966,4.0,8.160422163588391,4.892963940193492,4.478891820580475,5.0,4.1186455584872474,3.0795074758135446,6.76561125769569,4.605892700087951,3.454089709762533,7.31750219876869,7.305277044854881,8.109938434476692,6.354441512752858,9.0,4.0,5.956630858148009,11370,29.0,392.0,True,0,0.0,16,4,12,0,118.0
CC de la Porte des Vosges Méridionales,epci,200068377,5.996831669676013,8.2997649303308,5.984226484516063,5.0,3.0,6.491500017034034,10.0,4.715259087657139,1.934521173304262,7.879330903144482,7.753551596088986,6.086498824651654,6.63247368241747,7.189077777399244,6.993186386400027,7.460225530610159,5.819030422784724,5.390215650870439,6.3926004156304295,7.8937416959084254,5.576295438285695,5.944366844956223,7.366265799066535,8.370660579838518,7.013218410383947,6.875242734984499,2.982965966000068,4.897727659864409,6.283527845778724,29354,112.0,262.0,False,1,4.0,5,2,3,0,132.0
CC de Mirecourt Dompaire,epci,200068369,6.421990850291844,6.204816742914234,5.269180207183047,10.0,6.0,7.663353841299889,8.884576957459116,5.72650786138718,5.92201714255666,5.979912709680812,8.107430194036914,6.500236630383341,7.5339433138770575,7.170321291476048,5.509964768365147,6.800914970815586,3.8009149708155863,3.846979018772677,5.309565125939948,5.0466424777830365,5.5948361991901985,9.634590103591524,5.820318662249567,5.2121785770626285,6.564337172003996,5.868275753273387,6.800914970815586,4.334858284692643,6.340342099925631,19018,39.0,487.0,True,0,0.0,3,2,3,0,97.0
CC des Deux Vallées Vertes,epci,200068294,3.747398119122257,6.82846394984326,3.8522257053291535,3.0,7.499435736677116,6.333291536050157,9.982507836990596,4.2437617554858935,4.032037617554859,5.91717868338558,7.164075235109718,5.753730407523511,7.55128526645768,7.127084639498433,4.721818181818182,3.4487147335423196,2.367523510971787,3.342382445141066,4.851285266457681,4.659184952978056,5.0724764890282135,7.255172413793104,6.783260188087774,6.150094043887147,7.645078369905956,7.7327272727272724,8.0,2.367523510971787,5.622489923869233,15950,40.0,398.0,True,0,0.0,7,3,1,0,105.0
CC Berry Loire Puisaye,epci,200068278,7.166934634362699,6.883129123468426,6.152298054000111,3.0,8.0,4.485779231579531,6.499861396019294,7.741531296778843,7.670067084326662,7.567001164273438,8.470033819371292,5.21539058601763,5.833120807229584,8.635360647557798,7.950823307645395,9.653490048234186,9.115373953539946,5.611243554914897,6.16543771137107,7.391362199922382,6.3126351388811885,3.5540832732716083,8.222099018683817,8.510339856960693,9.363807728557964,8.711481953761712,9.53811609469424,8.826745024117093,7.223126668197909,18037,32.0,563.0,True,0,0.0,3,1,1,0,135.0
CC des Baronnies en Drôme Provençale,epci,200068229,8.2578125,8.240956439393939,6.874905303030303,7.0,9.0,5.477414772727273,4.788541666666666,5.215246212121212,3.1986742424242425,7.708854166666667,9.125568181818181,6.080255681818182,7.3210227272727275,7.304356060606061,7.717850378787879,9.321022727272727,9.321022727272727,7.423958333333333,9.179166666666667,7.725994318181818,7.151325757575758,7.4460227272727275,8.864109848484848,7.941761363636363,5.64185606060606,1.9506155303030304,6.963068181818182,9.321022727272727,7.1986573322510825,21122,19.0,1111.0,True,0,0.0,18,2,10,0,206.0
CC Sarrebourg Moselle Sud,epci,200068146,4.209665378535043,6.082030563850343,5.520880906376251,2.0,4.624099771649394,6.461224310556824,10.0,4.714495872123661,2.532539961356051,5.456064465132619,5.945876515018444,5.649218338310206,4.927213244335149,6.397439838398033,5.5005708765150185,4.082733181099596,3.729316704725101,4.719523976813631,5.390589320217812,6.923590374143685,5.4922272966801335,6.153104689970139,5.672229053223257,6.716845248550852,7.114987704198138,6.703188125768488,7.812049885824697,7.082733181099596,5.629087099445435,45547,54.0,843.0,True,1,3.0,19,2,14,0,109.0
CA Quimper Bretagne Occidentale,epci,200068120,5.760240951879206,5.680341149690361,3.877923678691067,1.627707478056878,6.255414956113756,4.353555133646783,1.2575024105128179,3.083120446118826,1.849902088448425,7.369976441586068,7.7927555392093515,6.572389936481745,2.9883599566604704,4.080665202135168,5.694327094164074,3.314221528613036,4.335583145296766,5.010536674585739,3.1017584318247335,8.84780469379032,6.051689347024383,6.9636981739744135,5.208089382809316,7.252701265394976,3.115396467231936,1.719545531356547,1.5694575600640153,4.485651236071212,4.615011282194013,100619,209.0,481.0,False,1,3.0,7,2,4,0,92.0
CC du Pays de Saverne,epci,200068112,3.9870547447296314,6.344377341609349,5.3276575518649,1.0,4.577895207739194,4.453419448638372,10.0,3.285326846725941,1.4746966392663423,4.67382430241011,4.818123357378516,5.328692053905944,4.46468713303137,5.11099927305262,4.470139238382822,3.5131968909019737,5.321087065928536,6.030168316278029,6.249259072862495,8.363725325728346,4.6551193871274394,4.925236257898563,5.531202818319074,7.410333836604597,5.148940334395795,4.338477884023933,2.444164849298216,4.4875580159928425,4.91912011407482,35768,145.0,246.0,False,1,4.0,1,1,0,0,103.0
CA de la Provence Verte,epci,200068104,6.545921145507714,7.780457799737824,4.7759503882222445,4.525189069274982,6.3501260461833215,4.6359786225673085,7.557487143289301,5.793869113643239,3.4258142583442575,4.334798830291419,3.7832207320762326,5.648200060502168,8.054351114248261,5.085771906826661,7.082343450640314,8.47810829888071,8.103176363819703,5.732368659876979,7.112776041141474,8.235303015024705,5.743864071795906,4.559554300695775,5.845205203186447,6.576252899062216,4.247100937783604,1.794272461429868,6.666017948976505,7.510527377231018,5.928000259295006,99176,103.0,962.0,False,2,2.0,8,5,1,0,99.0
CC Champsaur-Valgaudemar,epci,200068096,5.784006447568729,8.4630608041551,6.631503537207845,10.0,6.0,5.471478463329452,7.906868451688009,6.5230590131637864,4.936867556192352,7.135219844183756,6.841855467000985,5.4002865586101905,3.0,8.187516790543565,3.2267395003134234,2.8166024894779262,1.0,3.342437539177935,2.074236589952539,6.01029820005373,4.056595325512672,3.778633473627653,7.726246977702158,8.222441121160562,4.444255395361332,2.3846153846153846,2.0,1.0,5.1558866046642535,11167,14.0,797.0,True,0,0.0,4,1,0,0,125.0
CC Les Bertranges,epci,200068088,6.018376111055628,7.590981723759113,4.915559772296016,3.0,6.2583641266353744,5.533456506541496,7.926445620693099,5.994157595126336,5.17756916009188,7.027064815739538,7.625087386397683,5.902077299510636,8.480475382003396,7.305103365624688,5.473334664935583,2.3604314391291323,4.759762308998302,4.160541296314791,3.4736342754419254,6.262109257964646,6.110506341755718,7.297463297712973,8.022620593228803,7.523219814241486,7.59048237291521,5.4991011684809745,8.480475382003396,7.7207130730050935,6.196039791128674,20027,33.0,606.0,True,0,0.0,7,3,1,0,153.0
CC Loue-Lison,epci,200068070,5.224494630448516,8.569211939355654,3.1547299431459255,1.0,9.0,4.685289008212255,8.9403427037271,5.404848389134554,4.753474415666456,5.4054011370814905,5.617577384712571,5.233220151610865,5.0,7.076634554643083,4.071462413139608,3.397978521794062,2.5242419456727734,3.7809144030322175,3.93900031585597,5.709175615919141,3.9683749210360078,4.172536323436513,6.142687934301958,6.31830385344283,5.268240682248894,5.079121920404296,4.698989260897031,2.3494946304485156,5.017348107120296,25328,37.0,684.0,False,0,0.0,8,3,2,0,91.0
CA Creil Sud Oise,epci,200068047,3.0215347843074167,5.341384937142331,8.932637723793983,8.0,10.0,2.876100296476753,2.4287881225437244,1.4101146836432166,1.0062742754705707,5.650272344924272,7.906759210314633,8.513732159683759,9.826997770678679,3.4843487853646202,8.993794672611523,8.04770058146216,9.845349451862747,9.340729930362437,9.862023396382524,9.820275332674496,9.319884626875963,7.53848452115557,1.9827514881294386,4.507572797683345,6.960722575900347,9.033658155408977,8.130920916549838,9.966996851370917,6.84820751402765,87036,1048.0,83.0,False,5,33.0,41,2,1,0,40.0
CC de l'Oise Picarde,epci,200068005,1.86064209274673,5.757193816884661,6.885850178359096,8.128513674197384,4.0,5.127895362663496,5.110297265160523,7.796195005945303,6.068727705112961,3.480951248513674,3.3563376932223545,5.804090368608799,8.403709869203329,6.937883472057075,6.800808561236623,6.605564803804994,9.201854934601664,2.9531985731272297,2.1486801426872773,4.801902497027348,5.609464922711059,8.250368608799048,3.696551724137931,5.891652794292509,7.922901307966706,9.239714625445897,10.0,8.403709869203329,6.080166468489892,21025,52.0,404.0,True,0,0.0,6,1,0,0,68.0
CA du Beauvaisis,epci,200067999,1.8778204233542684,5.345603628750872,6.762153989299837,5.645615259362643,9.097076839575095,3.608445762580445,3.9800244242847174,5.027835930836629,2.304877103202295,5.991848879584399,7.439559587500969,7.2941381716678295,9.181592618438396,4.747334651469334,7.066711250678452,8.5275742420718,8.71241373962937,6.6314743738854,7.400054276188261,8.628770256648833,7.287528107311778,7.093161200279135,3.8641253779948825,5.845719934868574,5.890866092889819,6.026013801659301,9.185265953322478,9.53866209195937,6.428652427474828,103185,190.0,543.0,False,3,3.0,41,5,1,0,70.0
CA Guingamp-Paimpol Agglomération de l'Armor à l'Argoat,epci,200067981,7.816140933658257,6.8516602453269435,5.6494356935727605,4.0,7.286673110696636,4.77182688249629,3.1741385647965368,4.581351340312853,5.5982464977604725,7.373095721073339,8.078254121683253,5.531686929056676,6.565041591221598,6.446530434427457,6.153853484541135,6.266810069023729,5.206404095135665,4.390535444433856,3.585653411024737,7.202387921528052,6.012443331109689,6.022735626863437,7.776442078608089,8.523858794058786,5.929750997236328,4.153799027949845,4.6567328768055765,5.707622561365771,5.904039706634563,73458,65.0,1130.0,False,0,0.0,13,4,9,0,138.0
CC Thelloise,epci,200067973,2.061106074342702,5.495854281711036,4.533157504327042,8.937311464600675,1.0,4.489623341300585,1.5780928047473832,5.832127256243304,3.091799225253441,3.2933487183713837,2.984768812330009,5.615758674688865,6.614654248743097,4.120316492211325,4.957042775900437,2.6148355724058354,5.19278002142916,5.711217341135746,6.225813895986153,8.364262754471277,2.901261023654496,3.0014670732712436,2.8995796587818345,4.948405175966372,5.003774828978818,5.463727025467732,4.377993900931345,5.326712272315174,4.522742579270231,60667,197.0,307.0,False,0,0.0,13,0,0,0,61.0
CA de la Région de Compiègne et de la Basse Automne,epci,200067965,1.8352100607070012,5.891644640766622,6.314976405131733,4.467576668235635,8.978384445490423,3.138407135184716,1.6958494756025442,3.3450643880420485,1.535573337195409,6.941948175772717,7.777351340260932,6.832011779330654,4.8550756121993315,3.744571973399954,6.423549006118976,7.33400919656758,4.501502588797567,7.517518133651954,8.683333936782649,9.207514150886468,5.793004815525544,6.4445007663806315,4.214212438297308,6.300312586745839,3.855835958337859,2.7123598488962912,3.198933101608796,5.0443293867748045,5.306591476881856,82866,312.0,265.0,False,3,4.0,49,1,23,0,74.0
CC Haut Chemin-Pays de Pange,epci,200067957,2.125851932781853,5.867124499245617,5.81223661620103,9.0,8.0,6.126632329223245,9.010613391602934,7.633265698975079,4.740596222881224,2.2132043077883563,1.2132563342177827,4.068466781124811,2.634930544716716,3.959367358618178,2.7700431819364235,1.0906300400603506,1.841267363820821,4.392695489308569,4.082149732063889,6.697934550751782,2.7969408459497425,1.6717652567504293,3.997242599240414,5.637375786899745,2.460746058997971,1.6972061807398158,1.0,1.0,4.055055110853456,19221,75.0,256.0,False,0,0.0,18,1,17,0,77.0
CC Couserans-Pyrénées,epci,200067940,6.470181186066725,8.788593969378885,6.542755900247376,7.0,10.0,6.016146286019924,5.345323260012035,5.11579862271846,6.910409841545764,7.871665440930668,9.115932339372868,7.08778498361971,9.214180651200106,8.044928795881527,7.754863943304138,9.214180651200106,10.0,6.583940629805443,7.589122150163803,7.675770542221033,8.714280938690914,6.090994183325533,8.459116132914355,7.31523701276994,5.245904927458715,2.2535602059236477,6.856722604800428,10.0,7.4027641142704335,29915,18.0,1661.0,True,1,4.0,3,2,1,0,166.0
CA Golfe du Morbihan - Vannes Agglomération,epci,200067932,5.292771141113546,5.905327395678707,3.468738955255531,1.3146898046700124,4.25875921868005,3.8758276195188617,8.01882024457482,5.694994227280224,3.1073490257062746,6.593058598996254,5.78252750877689,5.60000353431823,3.458300935416225,3.8200855305011663,5.62082066869301,4.828137885535214,3.421691289083669,4.243273014302208,2.3807933366320304,7.849655993025612,4.150497160764355,5.0917980254942155,6.282839706887208,7.300022384015457,2.8502097028816475,1.7722014090148677,1.6602342074880423,4.296087509719375,4.56926842978656,169784,208.0,816.0,False,2,2.0,13,4,10,0,117.0
CC du Canton d'Erstein,epci,200067924,4.439908161135462,5.976101022750991,4.849071175120017,1.0,1.0,4.8995408056773115,10.0,8.677207263619286,7.1683782091421415,3.9596535170110623,3.17810477979545,4.898434564809017,2.6615529117094554,4.438134001252348,3.888227927363807,3.204216238781048,3.3791692757253182,5.713087038196619,5.667355458150699,8.416092673763305,2.76944270507201,3.1252974326862866,4.519974953036944,5.965664788144437,5.112544353997078,5.0053850970569815,4.105301607180129,1.5926946357754121,4.628947878462593,47912,175.0,273.0,False,0,0.0,1,1,0,0,83.0
CC Cœur de Loire,epci,200067916,6.876335756564573,6.747546974933461,4.718865451078536,4.0,5.0,7.967584316529615,8.300440948635442,4.4934652206729435,2.996543916100584,7.577245461407063,8.85865808604457,5.209232113772693,4.773686092241688,7.293687681245779,6.324752711238231,8.773686092241688,7.386843046120844,4.811941365749017,5.027887021809081,7.924601755849522,6.993087832201168,6.007786120049259,8.715925793508918,8.244627179914989,8.8645771262861,6.9305207960910495,7.226313907758312,7.0,6.608780098858754,25176,35.0,719.0,True,1,5.0,14,4,0,0,177.0
CC Amognes Cœur du Nivernais,epci,200067908,7.51918814883938,8.91134958590925,3.4922430887670592,9.0,7.0,6.841479062171935,7.705354018429954,7.692872973288231,6.922080951825499,6.409774874606322,6.670010498075353,5.425055406508807,2.0,8.471130292779657,4.769158987518955,6.0,5.0,3.835180216960224,5.4145573311559545,3.5273533185582644,6.38936195030911,7.877755744780123,7.298845211711186,6.546716435320191,6.94039426105214,5.113145923247405,5.0,3.0,6.099036010064822,8573,13.0,659.0,True,0,0.0,2,2,0,0,128.0
CC Morvan Sommets et Grands Lacs,epci,200067890,8.252113821138211,9.322926829268292,3.817560975609756,7.0,8.0,4.898861788617886,8.930162601626016,6.460243902439024,5.517479674796748,8.584471544715447,9.080487804878048,4.468211382113821,4.843414634146342,9.5430081300813,5.31219512195122,4.0,5.0,6.9226829268292684,7.749349593495935,8.11170731707317,7.399430894308943,7.848780487804878,9.786422764227643,9.045853658536585,8.087235772357724,5.4678048780487805,6.0,3.0,6.873228803716608,12300,12.0,1025.0,True,0,0.0,6,2,0,0,229.0
CC Bazois Loire Morvan,epci,200067882,7.678333009268261,8.826625186337417,4.372285955019768,7.0,8.0,5.95132542614557,7.886706850735628,7.665888910493227,7.084451357832653,8.305917428219587,10.0,4.9273446107978485,8.0,9.775941409034933,5.611381165338,7.004990602112905,3.0,6.423034545336703,7.071164689869726,6.3085099487977185,7.495819560567762,7.546957028971417,9.597446367230539,8.288353101302741,9.004666537040638,7.833819430941733,6.0,5.0,7.202177254335525,15429,12.0,1285.0,True,0,0.0,13,5,5,0,240.0
CA de Haguenau,epci,200067874,3.5494163504585448,5.1093787156608315,4.668379532460013,1.3596087635314675,3.4384350541258697,4.692728419441888,10.0,3.8638633567344574,1.9323193994975134,4.60264270722402,3.6951788169852873,5.849760646822237,4.976509269119822,3.8898665205388805,5.19667283574065,3.5642117887902067,4.48264560220846,6.457603986807142,7.259132125021971,8.896400913987945,5.270619009708537,4.973407500077545,4.487856574199485,6.249123750245556,5.803451235021041,5.2832535489407455,3.8931026995729896,4.618916655465834,4.9308744920853185,96732,240.0,402.0,False,2,3.0,11,3,10,0,91.0
CC Sèvre et Loire,epci,200067866,7.00799179899161,5.054687336555158,3.294022887508107,1.0,1.0,4.160714659302496,8.532312391472624,7.902445657858951,5.228038243477897,3.487227766271261,2.1804849473838366,4.379171112366367,2.260737672336241,3.488692232055064,2.7220862361137264,2.155463503420574,1.3410322391681835,3.135065587146175,1.2169292244607628,7.003514717881127,1.1920542270758803,1.9456473984811398,2.6881106299294966,4.7448482185819785,3.5796564781689995,6.255298227996402,1.9305215590284315,1.3410322391681835,3.5795638282928812,47803,172.0,277.0,False,0,0.0,12,2,1,0,54.0
CC de l'Alsace Bossue,epci,200067841,3.9673890861597485,6.618260479164116,5.204563079057998,2.0,5.0,5.606383412921922,10.0,5.305824252071344,4.1521978694747155,4.488265785069997,2.791110566915636,5.390188155585486,8.229378392718665,6.88110689359618,5.267580915064691,7.310722011346476,3.802824374515326,5.299538794334925,6.314109628178442,7.38084159830211,4.410513856577283,5.21709317987021,6.2115423860250605,6.606832374188809,8.498387820905268,8.646585853638626,5.344067589077997,6.344067589077997,5.7960491408513946,24501,63.0,388.0,False,0,0.0,2,2,0,0,110.0
CA Gap-Tallard-Durance,epci,200067825,6.008013362231811,6.032550555765445,6.347815712552942,3.0,6.806307291563103,7.526197530373228,8.158855461215724,3.952019247976775,1.5833250482193633,6.636773975462806,9.706070668708119,6.726650891809668,6.433974269750054,3.749438269272832,5.920940128452407,3.044660078344038,4.806307291563103,6.109482810045535,6.472271380565111,9.374838440277584,6.71110138991072,6.914696466564594,6.348531546399952,8.479012149291126,3.3936091944880795,1.1213338370682626,4.806307291563103,5.806307291563103,5.784906842178521,50300,143.0,351.0,True,1,3.0,15,3,8,0,118.0
CC Saône-Beaujolais,epci,200067817,6.010344204535189,6.033065317553528,5.116677206613064,1.0,1.0,4.396196585057368,2.472603667901346,4.502890956725992,3.5390053302014635,4.864599331466257,6.180142740988346,4.760434546932876,1.998102809648568,5.339890685698799,4.019513957900442,4.679013461017256,3.080269220345108,5.666681723732948,6.373701328033246,8.262828620471588,2.821415665371759,3.9535640075887613,4.396919324238866,6.18669256482067,5.899697352967748,6.735838829162526,5.835012196223688,2.785391634293974,4.568231902481835,44277,82.0,539.0,True,1,3.0,11,2,1,0,73.0
CA Pays Foix-Varilhes,epci,200067791,3.4544197158305043,6.917986923173645,5.946812523576009,4.0,8.594241166855275,5.453665283540802,2.2012448132780085,5.325977618508738,2.512668175531246,6.519583804853514,7.317584559285804,6.617565698478561,8.081101471142965,5.267854897522947,6.455079844083993,5.420218785364013,8.108009556142337,6.340720482836665,6.9348359109769895,8.368351565447002,6.519929586319628,6.271972840437571,6.8286181315226955,7.446309568716208,3.9394882434301524,1.6652206714447377,4.108009556142337,9.189111027285302,5.9216636579188435,31812,71.0,448.0,False,1,4.0,2,2,0,0,118.0
CC de Hanau-La Petite Pierre,epci,200067783,4.5400969086879766,7.750140855651129,5.197385719115051,1.0,2.0,4.860008263531533,10.0,5.9323892874582125,4.446531194831537,3.9817075461067497,2.40667843593885,4.682905758179018,6.44968636141682,6.970814709086128,4.622920031551666,3.144987416895166,4.639033918040792,4.838372835518161,4.5176351275213165,7.364722232655974,4.665251849904219,4.935732261578335,5.9777260263681775,6.915186117267025,7.276227322240168,6.136047778236863,5.906734778199302,3.341697028884799,5.160736420173749,26623,73.0,364.0,False,0,0.0,2,1,2,0,107.0
CC du Royans-Vercors,epci,200067767,7.866027711219918,8.95176580893843,4.407438274820294,10.0,4.0,6.483279508282113,4.227211167829982,4.745911032399208,3.619543702469007,6.7439316595478696,7.658818626940306,6.221793936868424,9.293676424627565,7.789457235128659,5.192207521616835,5.118970726117304,4.41264715074487,4.867798729034274,6.183873320137514,7.222523179497864,5.419731222002292,7.6149598916553805,6.78331076153766,7.81091780393791,6.91790811542869,5.406604854672362,6.41264715074487,5.118970726117304,6.303283080082748,9599,20.0,479.0,True,0,0.0,7,2,2,0,123.0
CC Vallées et Plateau d'Ardenne,epci,200067759,7.145251396648045,8.337727583296491,6.949961818254893,6.0,10.0,5.179815923797275,2.13681122141393,4.101000763634902,1.9457417306378362,5.549897512157871,7.496844982114867,6.558056348217515,10.0,8.065351071098428,7.800208994815321,10.0,10.0,5.183433141754753,7.411237490454564,6.987018206663719,7.341384992564608,5.929022145412162,5.304208030223865,6.5071339576383584,8.346730436879547,8.929223101965356,9.293959246011012,9.202242675133636,7.060795098956748,24881,60.0,414.0,True,0,0.0,9,3,6,0,91.0
CC Serre-Ponçon,epci,200067742,6.95647693520034,8.050857731708795,6.106019276232042,4.0,6.0106686064132875,5.358550039401103,9.0,4.97708674304419,6.292356185973207,7.661999151360853,8.80651027459538,5.909316845487059,6.933442444080742,6.731648178456689,5.241437837182518,5.807298296659999,2.1927017033400014,5.8388191792447115,5.308965266412075,8.510213978299085,4.091168091168091,5.978177850518276,7.794811177789901,7.395344608110565,3.793174516578772,1.5719221676668484,4.674183184821483,7.236709704794811,6.008209284805031,16499,26.0,634.0,False,0,0.0,3,3,1,0,135.0
CC Sud Nivernais,epci,200067700,6.919961380642047,8.242626116340816,5.67270094134685,4.0,4.0,5.872169925174994,6.479266232198889,5.102679217958001,5.103982621288921,7.856770456191166,9.606661839246923,6.357470432054067,9.745739802075791,8.517354573980208,6.534781559256578,5.580014482259233,5.886652184407434,4.7146512189234855,3.5398986241853727,7.613709872073377,7.900410330678253,8.646777697320783,8.569345884624669,8.822544050205165,9.167608013516775,8.77465604634323,8.808351436157373,9.157953174028481,7.042669218302817,20716,39.0,531.0,True,0,0.0,7,3,2,0,165.0
CC Tannay-Brinon-Corbigny,epci,200067692,6.932351729818781,8.01410626029654,3.525947281713344,10.0,9.0,6.960358319604613,8.965815485996705,8.400329489291599,8.982289950576606,7.992689456342669,10.0,5.134369851729819,6.0,9.478686161449753,6.084328665568369,6.0,6.0,5.289023887973641,6.262149917627677,2.608834431630972,6.9889827018121915,9.396931630971993,9.393018945634267,6.0215197693574956,8.752471169686984,5.361408566721582,10.0,8.0,7.340914774064489,9712,12.0,809.0,True,0,0.0,2,2,0,0,242.0
"CA Épernay, Coteaux et Plaine de Champagne",epci,200067684,4.930133029747222,5.837054371429174,5.97105390761706,3.8825712057006725,5.411928404275504,5.343748023527923,2.13461092488352,4.317774545147893,2.132081040625725,6.762211962136066,8.040899795501023,6.359981447515443,5.444079016718319,5.117133641135918,5.438323530031834,6.143107119515949,8.521071827630552,5.355490902957857,6.381021651592773,7.899268441802121,5.449708009191913,4.55396032298189,6.137963021525098,7.237893449708009,6.948917420361352,7.13197562878165,6.942845698142643,7.59110745683385,5.836354135607818,47439,80.0,592.0,True,1,7.0,5,2,3,0,107.0
CC Canaux et Forêts en Gâtinais,epci,200067676,7.802736643437863,6.697372241579559,5.067000580720093,2.0,3.0,6.018365272938444,3.2347198025551682,8.402293844367016,9.469766260162602,6.387521777003484,7.084349593495935,5.710365853658536,8.001234030197445,7.825965447154472,6.295078397212544,6.539271196283392,5.705865272938444,5.086418408826946,5.5425740418118465,7.626742160278746,4.877831010452962,3.4904907084785135,7.519054878048781,7.837253193960511,8.31003193960511,8.236679732868756,7.972052845528455,4.813225900116144,6.305509322631493,27552,36.0,765.0,True,0,0.0,3,3,0,0,113.0
"CC de la Cléry, du Betz et de l'Ouanne",epci,200067668,6.8416385971864475,6.759213394095502,6.053893402021003,9.0,4.0,5.885426986328512,5.900287299385774,5.077917574796909,6.907172577768971,6.599663166237368,7.665345749950466,5.385377451951655,9.196403804240143,7.4400138696255205,8.030760848028532,8.037249851396869,9.803596195759857,5.213889439270854,5.130473548642758,7.8647711511789185,5.970725183277194,3.2008123637804635,7.39553199920745,7.900138696255201,8.994402615415098,8.085248662571825,10.0,9.196403804240143,7.054869936879051,20188,40.0,504.0,False,0,0.0,2,2,0,0,121.0
CC Houve-Pays Boulageois,epci,200067650,3.0291190723433714,5.3740048459674625,4.956602630668051,10.0,9.0,5.968501211491866,9.58095361716857,9.26137937002423,7.94855486327449,4.027734510211146,3.8186656282450673,5.2082467982000695,6.265489788854275,5.84652994115611,5.062045690550363,5.535825545171339,6.967635860159224,6.7479231568016615,9.11111111111111,8.536907234337141,5.023624091381101,4.730529595015576,4.088438906195916,6.037859120803046,6.164330218068536,6.805771893388716,3.7257268951194185,6.209544825199031,6.251180586460959,23112,91.0,253.0,False,0,0.0,15,1,15,0,85.0
"CC Meurthe, Mortagne, Moselle",epci,200067643,6.4415553435114505,6.668773854961832,4.6796875,9.0,7.047232824427481,4.860806297709924,9.0,3.837607347328244,2.447697996183206,4.704794847328245,5.052123091603053,5.519978530534351,7.141102099236641,6.188692748091603,5.468093988549619,4.380009541984733,5.049976145038168,2.2623449427480917,2.176884541984733,4.033933683206107,3.6018010496183206,3.943761927480916,4.772781488549619,5.925274332061068,5.862535782442748,7.393547232824427,3.7167223282442747,4.668893129770993,5.208807592693566,16768,61.0,274.0,True,0,0.0,2,2,0,0,81.0
CA Clisson Sèvre et Maine Agglo,epci,200067635,7.703790529087171,5.190644498142604,3.5142280088000866,1.0,1.0,4.433674757456631,8.894813719479208,8.821437587910701,5.8053161178634545,3.228171096764886,2.1498359000252463,3.9914163090128754,2.181050961156995,3.4609045334872146,2.5870631514408338,2.405525300248855,1.2437696108486314,3.3888267753453314,1.2665272117430664,6.657067118692971,1.1810689941212535,1.4569372813503083,3.3655101525588775,5.347477188300212,3.282432286219209,5.025769105925632,1.579849965737368,1.0,3.612968148632844,55455,178.0,311.0,False,0,0.0,11,2,1,0,61.0
CC Billom Communauté,epci,200067627,5.1612777864138035,5.994403855122027,4.408946059381315,1.0,9.0,3.21521840509871,1.1241256023628168,5.691046168195244,3.1935722058137728,4.370822322400124,4.286102906886367,5.09346339188559,4.191201616664076,4.7846261464324575,3.981890253381004,1.5542515156225711,3.9037773977926316,4.113593968599409,6.083670138349137,6.390292243121405,4.76278563656148,5.465723612622416,4.075781128555883,5.336118451733251,4.726138660034199,4.123542670604695,7.925462459194777,6.143828695787347,4.646487974950589,25732,92.0,279.0,False,0,0.0,4,2,2,0,80.0
CC Marche et Combraille en Aquitaine,epci,200067593,5.947227788911156,7.382097528390114,8.350107622652713,8.0,7.0,5.520967861649225,6.419134565427151,6.492985971943888,8.1424330141765,7.726786907147629,8.886216878200846,6.122244488977956,2.0,9.334001336005343,5.433014176501151,3.0,2.0,6.099532398129592,7.509611816225043,6.469457433385289,7.4389519780301345,8.851258071698954,9.45401914940993,8.40584873450605,8.594893490685074,6.822533956802494,5.0,2.0,6.585833041744865,13473,13.0,1036.0,True,0,0.0,6,5,0,0,206.0
CA Thonon Agglomération,epci,200067551,7.301527707311573,5.783336151981509,3.3333446079260387,2.794543097130616,1.397271548565308,5.020779074355939,1.0185692541856926,6.741699081120695,3.083792772986076,5.964327188680309,6.6995433789954335,6.2388973448334175,2.259011218219742,3.1101527707311574,5.931270082868257,6.138136309825808,4.403855910705226,8.684976605220136,9.469834827216866,9.734990698461019,3.862923501888494,3.0263599977450815,4.076622132025481,6.237702238006652,3.5990867579908676,2.8256947967754664,2.8248604769152714,4.4023225660972995,4.855908289241623,88700,371.0,239.0,False,1,1.0,17,0,12,0,73.0
CC Creuse Confluence,epci,200067544,6.620885083805619,7.55100687326661,8.38393826118413,7.0,7.0,5.214518268419149,4.911853370312311,7.3156879295791635,7.222657663089352,7.8647654648498735,8.98914747377306,6.244965633666948,3.0,9.141625467261546,5.418364886048475,4.0,4.0,5.991559146267937,6.787531653201495,6.720306282406849,6.300373809236706,7.574822139153503,8.942119860122995,8.306704449535752,8.223139997588328,6.392499698540938,4.0,5.0,6.575659764689669,16586,16.0,1036.0,True,0,0.0,3,3,0,0,185.0
CA Saint-Avold Synergie,epci,200067502,2.7966556447803494,5.259688238072744,6.881492678318375,4.0,9.291544638639584,5.291280113367973,9.924742560226736,6.838488427019367,3.3638167217760984,5.7904015115729806,5.899688238072744,6.193027869626831,8.876976854038734,5.38705715635333,6.949211147850733,8.195899858290034,9.207350023618329,6.4478223901747755,8.747661785545583,8.612281530467643,7.231346244685876,7.34751062824752,5.520472366556448,7.183863958431743,7.344563060935286,6.266206896551724,6.169900803023146,8.985148795465282,6.785860719346786,52929,152.0,348.0,False,3,9.0,14,4,11,0,99.0
CC Bouzonvillois-Trois Frontières,epci,200067486,3.4102930664760542,6.098602176157573,5.598999285203717,3.0,6.0,6.858152648717338,9.510841076959734,7.6730998332142,6.937336192518465,3.9448415534905887,2.6067826225081405,5.341076959733143,4.357636406957351,5.8573187197204355,4.756810420141371,3.532642363593043,5.467357636406957,7.512826622190453,9.122190453498531,9.214796283059329,5.554483361130966,3.379556826304503,3.8222539909459137,5.3093479469462315,6.6556667460884755,7.931776665872449,4.090501151616234,4.7789293940115956,5.654432871552244,25182,74.0,340.0,False,0,0.0,23,1,19,0,76.0
CC Comtal Lot et Truyère,epci,200067478,6.603978300180832,8.071196073366055,3.8168948592095067,4.0,3.0,4.11413071557737,3.6809609919917334,7.902505812451563,9.90477912684061,6.298269181090157,5.601446654611212,3.99659002841643,4.4759493670886075,7.835546370446913,2.2977525187290104,1.0,1.0,4.591113407388272,4.152777060191165,7.21363988633428,2.872642727977267,3.5041074657711184,8.175510204081633,8.117695685869284,5.913407388271764,4.825678119349005,1.235546370446913,1.0,4.828647082702882,19355,29.0,667.0,True,0,0.0,6,3,0,0,157.0
CC Loudéac Communauté - Bretagne Centre,epci,200067460,8.358812159550167,6.7942169897889455,5.720611491829204,4.0,3.0,4.088189929518343,4.571780003514321,4.807590933052188,5.361389328178996,6.685897811359066,5.847341806751401,4.991721821980125,4.162869247740097,7.496768777211582,5.0096058103438175,3.0283879029266485,2.679728225853687,6.500771198188172,6.4928054042445185,8.672211484019602,5.1749350826841605,4.612097073351686,7.240770026747887,8.378355688318788,8.110076338858626,8.04049278588024,6.144848591343056,2.863449110681583,5.672704465139889,51221,43.0,1191.0,True,0,0.0,6,4,2,0,109.0
CC du Guillestrois et du Queyras,epci,200067452,7.829970104633782,9.891629297458893,5.997259591429995,9.0,5.0,7.796586945690085,9.0,7.318759342301943,9.858121574489287,7.58570004982561,8.688340807174887,6.02553562531141,5.453662182361734,8.862107623318385,1.7345540607872447,2.4536621823617337,1.0,5.078101644245142,5.307797708021924,7.180244145490782,4.126307922272048,4.536621823617339,7.16230692575984,7.73181365221724,3.274414549078226,1.5338814150473343,1.0,1.0,5.7652635418891025,8028,9.0,892.0,True,0,0.0,2,1,1,0,132.0
CC Buëch-Dévoluy,epci,200067445,7.220179563916203,9.623022659256092,6.416310389055152,10.0,6.0,6.087430525865755,7.9594912355707566,6.73492945703292,6.033882000855066,6.890337751175716,8.217828131680205,6.369709277469004,9.341919623770842,8.428495083368961,5.216652415562206,3.3419196237708424,4.683839247541685,5.731829841812741,6.022338606241984,8.133924754168447,5.649743480119709,6.171440786660966,7.917486105173151,6.491769987174006,4.649209063702437,2.1093415989739204,6.0515177426250535,6.683839247541685,6.577799578574482,9356,13.0,719.0,True,0,0.0,4,3,0,0,143.0
CA Provence-Alpes-Agglomération,epci,200067437,6.349644297143822,7.757594308754301,6.983703109497371,5.344683456122945,8.034050368368833,5.550590023432058,8.85535454180828,4.742732895653459,2.9839353190770725,7.554896455637415,8.078254628359122,6.848430474340842,7.677439783833991,6.29950813789027,6.816786641616178,7.167908636085369,6.526989086149754,6.6132232800658635,6.961347659960736,8.946338477127357,6.915306833294632,6.908593865445104,7.441683730552448,7.86844271811868,5.1925017415718475,2.6144687678115304,7.3225813261278,9.53169660762914,6.781738827552722,47377,29.0,1633.0,True,1,5.0,14,4,3,0,129.0
CC Haut Nivernais-Val d'Yonne,epci,200067429,6.896313931532715,8.202282242837205,5.943929069862901,9.905344388802233,10.0,5.72120515557015,8.360068959855512,5.8979558328544455,8.268204580904687,8.670962975125194,9.90542648386832,6.368196371398079,9.301535177735818,9.546588950004105,6.499055906740005,2.3969296445283637,9.301535177735818,5.934652327395123,6.215253263278877,7.618750513094163,7.449224201625483,8.639438469747969,9.01017978819473,8.105738445119448,9.310073064608817,7.1521221574583365,10.0,10.0,7.879320252852804,12181,24.0,507.0,True,0,0.0,8,2,0,0,177.0
CC Côtes de Champagne et Val de Saulx,epci,200067379,4.423362650499531,6.100589189650756,5.55409444112373,10.0,8.0,7.3662368713175645,5.187772180001708,5.602852019468876,3.8589360430364614,5.377508325505935,6.795918367346939,4.879173426692853,1.0,7.714456493894629,6.195457262402869,8.315600717274357,7.0,2.999231491759884,4.207241055417983,3.5991802578772094,5.298266586969516,4.2440440611391,6.009649047903681,6.700794125181453,8.518145333447187,9.552728204252412,8.0,7.0,6.053615648291595,11711,25.0,468.0,True,0,0.0,13,3,12,0,100.0
CC Grand-Figeac,epci,200067361,6.56365389914577,7.261481583540002,4.785478093138606,5.0,3.0,3.8979287223293837,4.838683751262974,5.195531367686232,8.915702213649306,6.882382658216221,7.525580968127124,5.175783043997428,2.3902819876917425,6.386194543951502,5.1924313401304305,5.5318728759070455,2.307384954532929,6.162280701754386,6.680674198585469,7.24892073114724,5.5843896390190135,6.845182327546615,8.270115734362083,8.299095251217048,5.226462753742997,3.3087397813906496,1.512308257554882,3.326949572885092,5.475553248304005,43550,33.0,1319.0,True,0,0.0,23,6,17,0,157.0
CA Pornic Agglo Pays de Retz,epci,200067346,7.581376314298306,5.972281684820248,2.7309387395328337,1.0,1.0,4.997465843984134,8.629635459296102,6.411162878549392,5.27326386702764,5.087987156078826,4.290609456651766,4.312976138009192,3.857221557640244,4.757350626455959,4.717055971793742,5.776663728514764,2.4090694453188943,2.695838317698168,1.1084335453000063,6.160312913177611,2.5885380595605363,2.474139016558585,6.080054145942202,7.261458792419568,5.176147453251905,4.876676320594346,2.782424604923503,1.7588144557073602,4.34885344618235,63534,120.0,529.0,False,0,0.0,31,4,18,0,111.0
CC Serre-Ponçon Val d'Avance,epci,200067320,5.837053571428571,8.630252100840336,4.78203781512605,10.0,6.16859243697479,5.764968487394958,8.511423319327731,6.224264705882353,3.9061186974789917,4.348739495798319,3.528361344537815,5.061449579831932,2.331932773109244,6.498293067226891,5.912946428571429,8.334033613445378,8.0,4.563419117647059,5.42436974789916,6.413996848739496,3.84703256302521,5.243960084033613,4.790835084033613,6.306853991596639,4.804359243697479,2.8487394957983194,5.0,5.0,5.645858343337335,7616,31.0,245.0,True,0,0.0,1,1,0,0,88.0
CC Serein et Armance,epci,200067304,6.61427505595623,6.021429163557987,8.21238497886098,4.0,6.0,4.9041697753461,3.706872253999834,7.702437204675454,5.386512476166791,5.755574898449805,6.557365497803199,5.437246124512973,7.575893227223742,7.355218436541491,6.654273397993865,9.312857498134793,9.312857498134793,6.191536102130482,6.776962612948686,7.908107435961203,5.883818287324877,5.012351819613695,6.320359777833043,7.165091602420625,8.711638895797066,8.13669899693277,10.0,10.0,6.879140464940017,24127,51.0,473.0,True,0,0.0,5,2,0,0,103.0
CC du Nord Est Béarn,epci,200067296,7.804114986137458,5.801342477746972,5.139530132788559,2.0,8.0,5.002889245585875,3.6752079381292866,5.798511600758792,3.66099518459069,3.069225156865606,2.287173500656647,4.506201663505034,1.0,4.331708740697505,3.6646432219465925,2.2760250984970085,3.5011527798044653,4.958441558441558,5.875149569531592,7.001926163723916,3.243834816868525,3.877513497738217,5.426207500364804,5.7824018677951265,3.5417773237997956,2.101648912884868,1.2107981905734715,2.2505763899022324,4.171035625690522,34265,58.0,590.0,True,0,0.0,7,3,4,0,90.0
CC du Béarn des Gaves,epci,200067288,7.322059160742949,7.3231483604677825,6.147500573263013,4.0,5.0,7.571887181839028,8.599977069479477,4.73509516166017,4.866716349461133,6.38053198807613,7.264675533134602,5.059562027058014,7.05228158679202,7.159309791332263,5.627780325613392,6.52614079339601,2.263070396698005,6.651169456546664,8.079454253611557,7.123882137124513,6.813918825957349,8.054631965145608,8.74552854849805,7.431953680348544,6.721680807154322,3.8114537950011464,5.52614079339601,5.05228158679202,6.318279719592491,17444,39.0,447.0,True,0,0.0,4,1,3,0,162.0
CC du Haut-Béarn,epci,200067262,7.014186162269786,7.435260079641613,5.405238924838228,3.0,6.0,5.895190393230463,7.129013190642111,5.210956943753111,5.571117471378796,6.316979840716774,7.237338227974116,5.653558984569438,7.661149825783972,6.470538825286212,5.237338227974116,6.65287456445993,5.330574912891986,5.5254168740667,5.696210801393728,7.642701592832255,6.246080139372823,6.992222498755599,7.7714970134395225,8.285123195619711,6.057677949228472,3.866382528621205,2.9917247386759582,4.330574912891986,6.022390315011024,32147,30.0,1071.0,True,0,0.0,2,1,2,0,140.0
CA Pau Béarn Pyrénées,epci,200067254,3.0007723486814464,5.377153308123872,5.651194977879934,4.413564914361978,9.159134722325202,3.794444032525148,5.3135426707199525,2.2360668297867083,1.3393638318380663,7.373297743506092,7.0193890412990285,7.0990459949086775,2.615629865796693,3.0677442475470205,6.478491633919083,7.582208793653147,5.42246237117224,7.632584464051803,8.714237166654309,9.60668915746027,7.012993994216653,7.282599293146487,6.2489743209510396,8.114295247275153,2.5297755863671187,1.1219816613529077,2.0738365339462694,6.335458836904674,5.486319056798965,161869,470.0,344.0,False,2,2.0,32,8,21,0,109.0
CC Pleyben-Châteaulin-Porzay,epci,200067247,8.454418564075722,6.25324958562331,4.227950798220361,3.0,2.0,4.476315100758963,3.7330541742999217,6.561720317543401,6.993239117159557,7.854488353834075,8.495768995899851,5.0348076419785395,1.2262932914594784,6.591686295036204,5.450318415772485,6.967765855360726,2.4549856058623396,3.9644072232399896,3.5187559975573586,6.901247491930559,4.643897758004013,5.991537991799704,6.01373985867574,7.788231701997732,3.933525255168804,2.9975573584576463,2.3857628892959957,1.5452324871325134,4.980712790219464,22927,53.0,432.0,True,0,0.0,1,1,1,0,102.0
CC des Luys en Béarn,epci,200067239,5.890215635316429,6.26329282854534,5.145220200885018,1.0,8.0,4.351162464002248,5.907564795954204,4.224871812881927,3.0867809229472503,3.1517173561845895,1.5682025707663132,4.765751211631664,3.807473484582426,4.590573856851865,3.783697408161832,2.556402331951956,3.05520826016717,4.783732527920208,5.026234459506918,6.643288614174335,4.0672543372901595,6.305717496663623,5.019948022757603,5.155299571538948,3.6303645430919436,2.279272318606448,1.0,2.4053171314181356,4.195163005849948,28474,54.0,527.0,True,0,0.0,5,4,1,0,83.0
CC Centre Morbihan Communauté,epci,200067221,8.292947220924802,6.621531994395142,4.1390938813638485,3.0,3.0,4.221718822979916,7.463685193834657,5.854413825315273,4.962494161606726,6.282695002335357,6.231223727230266,5.176879962634283,3.8443484353106023,6.674708080336291,4.229892573563755,3.257589911256422,1.552732368052312,5.030429705744979,4.549602989257356,7.995189163942083,3.338323213451658,4.6027557216254085,5.517421765530126,7.182741709481551,6.617188229799159,6.915249883232135,3.7924100887435777,1.2884399813171414,5.058418129045172,42820,63.0,679.0,True,0,0.0,3,3,0,0,
CU du Grand Reims,epci,200067213,3.846661100989992,5.2985895403584795,6.431854823717894,5.46288628781759,9.615721571954397,3.6125308844355963,1.3967876807014104,4.253166182768259,1.6946910880447237,6.670017339223487,7.922105312967914,6.851426852474642,2.71139149803455,3.288672721311697,6.02537340169877,7.278742382402547,5.7851085475949855,6.241096325639405,7.374020232474034,8.455457123446484,6.150496347947178,5.3951416374581305,3.9276315567107525,6.003217727243537,3.869229131247444,3.2987010792230134,2.2002359215983183,5.700900084837136,5.241494799440083,295908,206.0,1436.0,False,7,4.0,12,8,3,0,73.0
CA du Cotentin,epci,200067205,7.392194779429794,5.952793071933305,4.770992621653552,1.4409230734936804,3.3227692204810415,5.102778582733332,9.108206459954081,6.9343806424288355,4.487316377254185,5.860251666257997,7.616638059784668,5.478294063886226,4.43813668888344,4.570796460176991,4.87534272530706,3.8450268607476428,4.743373977396848,3.371191012237801,1.9549998885446156,6.512126345823766,5.02978087871425,6.306630480818528,5.476087247274916,6.912585542007534,6.142083324045385,4.9319286239718245,2.7485622255411157,4.025785203183165,5.119713432284486,179470,123.0,1458.0,False,3,4.0,30,9,21,0,102.0
CC Monts d'Arrée Communauté,epci,200067197,8.452751274343223,8.158018559665404,4.128218533525029,9.0,2.0,4.383609985622795,4.573519801333159,7.873872696379558,7.096588681218141,8.573389099464123,9.122729055025486,5.839105999215789,2.0,8.878447261795843,7.527120637825121,7.0,6.0,7.261795843680565,8.804470003921056,8.41092667625147,9.16651418115279,6.7099725526075025,7.780943667494445,8.023003528950465,5.1879492876748134,2.437459155665926,3.0,7.0,6.585371660100454,7651,19.0,402.0,True,0,0.0,3,1,2,0,162.0
CC Creuse Sud Ouest,epci,200067189,7.670353982300885,8.121091445427728,8.552802359882007,7.0,8.0,5.62669616519174,7.917699115044248,6.008407079646018,5.7636430678466075,7.79646017699115,9.204719764011799,5.9662241887905605,2.8165929203539823,9.388126843657817,6.352654867256637,3.9170353982300883,7.0,7.009808259587021,8.66283185840708,7.03547197640118,7.453613569321534,8.470722713864307,9.24085545722714,7.604793510324484,7.6817846607669615,4.668510324483776,7.550221238938053,7.0,7.124325747998314,13560,14.0,968.0,True,0,0.0,5,4,0,0,176.0
"CC Aubrac, Carladez et Viadène",epci,200067171,7.292726197516263,9.371082199881727,4.62615809185886,7.0,3.0,6.414646165976739,5.303469347526119,9.885373546225113,9.596392667060911,7.361718904001577,6.668243642814902,3.9540705696826337,1.0,9.579735856495171,1.8000197122018529,1.0,1.0,4.266016164005519,2.7871082199881725,6.761285235560812,4.373151981076286,4.523654642223536,9.533609304159274,9.185294697417701,8.793021880544057,7.6726788882318155,2.0,1.0,5.56248063980175,10146,11.0,922.0,True,0,0.0,4,3,0,0,230.0
"CC Monts, Rance et Rougier",epci,200067163,6.25,9.24236155315086,5.624124761298536,10.0,7.0,6.081317632081476,3.2738701464035644,6.747931253978358,8.48949713558243,7.363940165499682,7.113303628262253,5.5439210693825585,1.0,9.715626989178867,4.232017823042648,4.0,1.0,4.548535964353914,4.427753023551878,5.649267982176958,7.762094207511139,7.834659452577976,8.534373010821133,7.217218332272438,7.01750477402928,5.988860598345004,2.0,1.0,5.880649267982178,6284,9.0,698.0,True,0,0.0,1,1,0,0,170.0
"CC Saint Affricain, Roquefort, Sept Vallons",epci,200067155,7.280032229709932,7.953413419279227,5.5759595663639026,5.0,7.0,4.047685320832112,3.7671403457368884,3.8578962789334894,4.039115147963669,6.069074128332845,8.49172282449458,6.1105332552007035,6.765455610899502,6.810723703486668,5.202314679167888,5.0,2.411514796366833,5.708540873132142,4.694257251684735,7.691913272780545,5.909830061529446,4.944257251684735,7.941473776736009,9.034427190155288,6.038382654556109,4.0611631995312045,2.0,2.411514796366833,5.564940772675903,13652,31.0,440.0,True,0,0.0,1,1,0,0,140.0
CC de Puisaye-Forterre,epci,200067130,8.662478450165093,7.8426789001548665,6.4390030096718585,4.0,6.0,6.085001314905181,7.592233293399176,7.101773660988225,7.239692604388861,7.561113870788651,8.435029074014551,5.624696841305555,8.367764368991613,9.002074628174036,6.806124536130672,7.8989860620050845,8.12979575139526,3.988925576366771,3.6768839669228295,6.176694036174503,6.813634105718377,6.34120328434094,8.690646641147767,8.618122315401923,8.491949858282442,6.909592963796277,9.218771001957748,8.06489787569763,7.13499171401021,34223,19.0,1801.0,True,0,0.0,14,7,1,0,164.0
CC Coteaux et Plaines du Pays Lafrançaisain,epci,200067122,7.003452662184263,7.09785571506451,7.3103761584590226,6.0,7.084862802107941,4.385244412138833,2.7922042522260586,3.948664364891877,2.7288751590041795,3.3158277303289116,2.3574413956023985,5.611848082863893,5.258131928039251,5.921679084135926,5.352444121388333,3.9674722878429947,7.0,5.746774486643649,6.023169180447029,8.220061784481192,5.232782118844267,4.807559512992913,5.839632927494094,7.417862983827003,6.808558967835726,5.635653280029075,6.225604215882246,6.0,5.539072843384127,11006,49.0,224.0,True,0,0.0,1,1,0,0,88.0
CA de l'Auxerrois,epci,200067114,4.151615368786195,5.782976158979334,7.367095863832789,5.043272481406356,5.532454361054767,3.9816268336420024,6.0704059734838465,4.340520916012582,1.7998353764294324,6.960166975335861,7.06765734779669,6.426580827233442,5.17269306523209,4.503851015668636,5.414028279977658,6.74304024458359,4.801202340006467,6.1915218861157655,6.070141399888291,8.645588970220771,6.431931093276891,6.20827821383426,6.552194490989799,7.361642708057736,5.918423141370491,3.739997648234706,5.299365023370668,7.584398976982097,5.755803820778686,68045,155.0,438.0,False,3,5.0,17,3,2,0,112.0
CA du Pays Basque,epci,200067106,4.951517849707576,6.177212716755601,4.470036961353926,3.438001652691389,3.657406043213396,5.353519015559641,9.812598889237648,6.075283936224048,4.15860712707147,7.2054301801946075,7.339720964198093,6.878965978899359,3.3760993920914233,4.114102966516985,5.617437175306997,5.703662184755523,4.112930708671505,6.456043533684797,6.795191180521303,8.791302871711432,4.762813162597928,6.617430769526421,6.7660192557764125,7.675345431717582,3.6753262143758527,2.1107335259338025,1.3917326995881083,4.690645638624295,5.4348256438038245,312254,104.0,3002.0,True,2,1.0,19,13,2,0,129.0
CC Chablis Villages et Terroirs,epci,200067080,8.421740004018485,7.209697943875159,7.301252427834706,9.0,4.0,7.117205813408345,5.627419462862501,7.700756814680865,6.1683745228049025,6.823052709128659,8.031076284240841,6.029200991226308,4.699953117674637,8.674301788225838,4.795927935168441,5.2498827941865915,1.8499765588373183,6.202263746567544,7.951309356372647,8.133413703033955,5.198580135288996,4.320005357980041,6.290804366753734,6.165963431786216,7.351550465474516,6.12745295023776,7.1500234411626815,2.8499765588373185,6.301470095773894,14931,25.0,597.0,True,0,0.0,6,2,0,0,110.0
CC Haut-Léon Communauté,epci,200067072,8.694361830032273,5.862083148769221,3.4317218249699426,3.0,2.0,4.5601151680060745,3.7995000949186863,7.0136999303929635,6.25235714737708,7.589666519015377,8.074732645700184,5.213535404669999,3.405714104916788,5.102322343858761,5.192938049737392,5.974466873378472,3.9355185724229576,3.4274188445231917,1.5582484338416756,7.18638866038094,4.3195595772954505,4.8839144466240585,7.6624691514269445,8.42849458963488,5.32737454913624,3.6419983547427703,2.8446181104853507,4.709453901158008,5.110452581336276,31606,127.0,248.0,False,0,0.0,1,1,0,0,140.0
CC Decazeville Communauté,epci,200067064,5.899957292333974,7.535340593636557,5.876895152679906,6.0,10.0,3.5208733717702327,5.564008114456545,4.315075806107196,8.57014734144779,7.715833867179159,8.431240657698057,6.060805039504591,8.817531496903694,7.379510997224002,7.0452701259876145,6.274396754217382,7.857142857142857,5.627162075592569,5.3101644245142,8.630792227204783,6.974749092462097,7.436365577621183,9.298846893017297,9.377482383087765,8.64595344864403,7.614723467862481,9.48628016228913,7.969730941704036,7.258438577224611,18733,100.0,187.0,True,0,0.0,5,1,1,0,181.0
CC Spelunca-Liamone,epci,200067049,8.53251017995534,9.665572047812951,3.650334953369237,10.0,4.0,10.0,10.0,9.358071719427295,10.0,8.3563641140155,9.520162879285433,6.3689741232102985,7.0,9.649021410744778,5.766452121371339,7.0,7.0,6.993169578352817,7.464862734795744,8.474188887429397,5.7437278339682125,7.63391567056351,9.128201760147117,7.402732168658873,5.623932746617628,1.8802049126494156,9.0,10.0,7.686157137227675,7613,8.0,951.0,True,0,0.0,2,2,0,0,268.0
CC Côte Ouest Centre Manche,epci,200067031,7.7350969213226906,6.117765108323831,5.6275484606613455,5.0,3.0,5.599589509692132,8.748597491448118,8.731265678449258,8.052633979475484,6.643876852907639,7.904218928164196,4.918494868871152,6.1819384264538195,7.589099201824402,4.494047890535918,2.1104218928164196,3.3638768529076395,3.6967844925883693,4.169486887115165,5.674618015963512,4.379247434435576,6.116533637400228,7.897924743443558,8.400729760547321,9.573774230330672,9.566522234891677,8.53290763968073,3.3638768529076395,6.185388499755661,21925,44.0,498.0,True,0,0.0,4,3,1,0,135.0
CC Coutances Mer et Bocage,epci,200067023,8.458021490989672,5.764539867040181,4.850503825730652,3.0,2.0,7.586402976961994,8.262428398210478,5.265313375423339,2.9217502195091356,6.457833340301877,7.760191495588912,4.7816406739975745,7.178659530877618,6.047685746540118,4.719091023121629,3.9210812392858636,2.9917422753689844,3.895994480913158,3.3337166032529164,6.349395827235857,4.563824894426559,5.671321654053602,7.447694108792909,8.535853158840991,7.195363130827445,5.6558723920224105,7.421666596981226,4.658234728435841,5.596279394811819,47835,73.0,655.0,False,1,3.0,10,5,5,0,139.0
CC Senlis Sud Oise,epci,200066975,1.8892267236420413,5.6952091379735394,4.2455419508587395,9.0,5.0,4.619196318514257,2.78831456980853,5.910181609006492,1.9329854548442764,6.193524529542279,7.6442189169200425,6.762716739255485,6.0,3.8978552058509326,4.701659955624948,2.690935984879612,3.6117183005998847,7.096926616813214,8.27602925466349,9.324554195085874,3.083244309310543,2.991248253759553,4.811159503656833,6.10654121127455,2.4843043799819213,1.0684526255238722,1.0,3.6117183005998847,4.729909430285387,24341,118.0,206.0,False,0,0.0,6,1,0,0,77.0
CA Grand Auch Cœur de Gascogne,epci,200066926,5.017186014848305,5.749993577722403,5.3619081871194805,4.570195494130038,8.570195494130038,6.248542142985588,6.184345056130706,3.57579572019421,2.4915354381277774,6.936162560690524,8.430138464304981,6.762041770493488,4.0,4.845223109923704,5.031905875099545,4.07642510339867,5.570195494130038,6.552881033729802,6.050479101908701,8.694068384411848,6.6320548719397845,7.197729082641868,7.058879441004958,7.906799907519202,3.870758085647494,1.1783851825211293,5.570195494130038,6.570195494130038,5.739436270821942,38931,64.0,608.0,True,1,6.0,12,2,8,0,124.0
CA Alès Agglomération,epci,200066918,6.7219724728269235,6.400283277396311,7.167718693229054,7.314006835606737,10.0,3.8009668380700186,6.193244449918404,5.516557871724605,2.6294377559503648,6.3786217938849035,6.841380053576377,7.124949964590326,9.430412291775719,4.9490177664193125,8.466530159805401,9.53228438587308,9.334036394987221,6.600740524063183,7.760699879915017,8.89558764664224,8.15209224989993,6.901207008036456,7.543646272746867,8.086615143024295,6.196408227360902,3.8846953228438585,8.303976660405826,9.310796871632233,7.122781671864486,129921,140.0,927.0,True,4,13.0,21,3,7,0,122.0
CC de Vendeuvre-Soulaines,epci,200066892,5.2214108749511015,7.886165080192985,6.369930890598513,9.0,7.0,6.471247881079671,1.6256356760985786,6.458860346850958,4.665406180727604,5.660711957230408,6.509323249445821,5.107445560046942,6.509323249445821,8.878993349850045,6.261702959968705,9.301864649889165,10.0,4.828530447255183,7.905593949667493,5.653931412178902,6.376581040552876,6.440605033250749,6.795018907289086,6.030251662537489,8.721736862693962,9.301864649889165,9.301864649889165,9.0,6.903000018627871,7669,17.0,451.0,True,0,0.0,2,2,0,0,116.0
CC Quercy Vert-Aveyron,epci,200066884,5.84518131917574,6.408305588050031,6.537748582740934,5.0,6.0,5.4405651039323315,2.858544047511923,5.094123998920184,3.3996220642490775,4.322280212363898,3.8868442364797984,6.241159002969495,8.781967065598849,5.88225501664717,6.420408530549807,7.173805453072978,6.665796814541528,5.539368307387744,5.380950238459462,8.009898317286062,5.387384144695401,6.769594168991271,5.5158823000089985,6.3103122469180235,6.132772428687123,4.985152524070908,7.226716458202105,7.692927202375596,5.889627334781658,22226,65.0,341.0,False,0,0.0,1,1,0,0,86.0
CA de Châlons-en-Champagne,epci,200066876,4.685136036024704,5.250273581464384,6.547225821058855,4.669186551112564,9.556395517037522,5.516609853964101,3.844064854530132,4.49891196337153,2.2291417718016127,6.254449629564408,8.318964541326524,6.719034980692067,5.964780317228714,4.1080489553590525,5.736871234324097,6.526521678972592,6.382825373265745,5.603539578118514,6.695223959447051,8.333580709676609,5.917762040729047,5.593086879410322,4.709349567929963,6.4300197481792685,5.8016880290813955,5.42591917082804,7.825763197947196,8.482660595464209,5.986679862068222,79514,97.0,819.0,True,2,4.0,5,3,2,0,82.0
CC Presqu'île de Crozon-Aulne maritime,epci,200066868,8.823870168921907,7.360661537100911,3.2241973998408064,1.0,2.0,4.706509242062439,3.5463429733793226,7.578977624480411,6.220306005129566,8.15525780489962,9.585654904041744,5.128946670204298,5.834925267533387,6.045547006279296,6.562881400902096,8.526311134695321,2.074422923852481,4.265278146281065,3.4217299018307243,7.1089148315202975,4.002653223666755,4.324754576810825,7.747943751658265,8.537941098434597,4.572609887680198,2.758645087114177,1.328645971522066,1.4178827275139294,5.209350402405589,22614,79.0,286.0,False,0,0.0,10,1,9,0,149.0
CC des Paysages de la Champagne,epci,200066850,4.952175561664613,8.150962176509621,5.5050715707650015,8.0,3.0,7.528438714570101,1.978623566214807,8.139397099251115,6.456488766707745,5.094700919518438,5.651910133661959,4.614987202578443,3.691534742629633,7.278083230637975,4.021329035927576,2.82984169115556,4.0,4.24504692387904,4.169162953834487,6.712437197838658,4.753625936107688,3.323205991089203,6.1636174044933165,6.809365816665086,7.588681391601099,8.156175940847474,6.553227794103707,4.0,5.47743184865187,21098,36.0,586.0,True,0,0.0,4,4,0,0,103.0
CC de Sézanne-Sud Ouest Marnais,epci,200066835,5.978129536833232,6.3880485177726785,5.314569381351567,8.0,3.0,7.116283426216457,2.7110007961410574,5.144382522362197,4.451927129677329,5.988245211445698,6.364773099798623,5.208354797920667,4.890928675127617,7.583243572331757,5.880859832342059,6.777267831218095,7.222732168781905,4.579778017140448,5.075071418536037,6.385613262773381,5.322202969137826,3.9109726970449117,6.958366505877394,7.034936542874537,8.491546855242824,8.36725518662483,8.0,7.445464337563808,6.0568555104334605,21353,27.0,790.0,True,0,0.0,8,2,7,0,113.0
CC du Pays de Honfleur-Beuzeville,epci,200066827,8.113498057042305,7.446110418652394,6.205073685754088,3.0,1.0,5.366229195688834,2.697411833712149,3.8782168780702397,2.211415792946697,5.208886281985483,6.831365935919056,5.270474374954175,5.876933792800059,5.016606789354058,5.819488232275093,7.200454578781436,6.156499743382946,3.731065327370042,3.374734218051177,6.468619400249285,3.7447393503922575,4.199831365935919,5.341374001026468,6.666727765965247,6.347166214531857,5.65510667937532,7.4890387858347385,5.707603196715302,5.21516685345595,27280,138.0,197.0,False,1,3.0,5,2,3,0,95.0
CC du Volvestre,epci,200066819,5.493206521739131,7.0119962884411455,4.582383351007423,4.0,2.0,3.686837221633086,1.4321314952279958,7.120459968186639,9.161916755037115,4.36396474019088,4.9828340402969244,5.447541092258748,5.082383351007423,5.632025450689289,6.440018557794273,7.085200159066808,7.586956521739131,5.479619565217392,5.0379109225874865,8.280222693531282,4.875066277836692,5.5998475609756095,4.459968186638388,6.140210763520678,4.407973223753976,2.8095174973488866,6.415760869565218,7.0,5.4148554669747,30176,73.0,413.0,False,0,0.0,3,3,0,0,80.0
CC Isigny-Omaha Intercom,epci,200066801,7.012746494713953,5.818474919397166,5.875946614680963,4.0,2.0,8.27802354352553,6.627689885281548,5.436717402714254,5.645797405713429,4.832196146059833,5.490740046487216,4.606695658693859,4.841231161430606,7.173052410587089,5.904813676239034,4.956699407662892,5.632188648121766,3.030366649171478,3.560133463297593,4.479905525980356,4.909050011246907,5.214815925620455,6.250356152058184,6.8503036664917145,8.382282372347605,9.0918122516308,10.0,4.473419809552373,5.727694973168096,26674,45.0,592.0,True,0,0.0,11,6,9,0,110.0
CA du Grand Annecy,epci,200066793,5.822767228305415,6.022105629966282,3.3787895891513577,1.0,1.6290632101261846,3.1839321910782385,1.3122371152741854,4.804190450014478,1.7366760082258073,6.731596228693147,7.188727306637087,6.19932858566177,1.5814997865020197,2.7558859184584956,4.005722727473509,3.189542034562133,1.0203632901265773,7.391270632003102,8.627988358225071,9.506161993433096,3.1152790933943235,3.1725063681294143,4.732150832642123,7.069894821569677,2.4322426122336798,1.1580964814551238,1.0837599202940873,1.0203632901265773,3.9597193465629625,203779,378.0,539.0,False,0,0.0,54,1,17,0,84.0
CC de l'Oust à Brocéliande,epci,200066785,8.618615151748378,7.356935785936017,4.636111752482106,2.0,1.0,3.4874419559249854,5.33777162061623,6.365812360501809,4.503989327586649,6.334513455963467,5.498550501552118,4.19087200800431,4.917930167526104,7.336155365709741,4.772390261422817,3.0643423381820982,1.5709484594268708,4.207496344185331,4.300418173888504,6.9361964134533975,3.1708868878113856,3.780420226275687,5.974755637651043,7.181867159239591,6.91675004489597,7.4369019215475,3.9562328433258935,1.3125785679468431,4.8631030261716015,38980,60.0,649.0,True,0,0.0,3,2,0,0,101.0
CC Ploërmel Communauté,epci,200066777,8.515571428571429,7.161428571428571,4.677333333333333,4.0,2.0,4.196095238095238,6.87302380952381,4.894404761904762,3.0882619047619047,6.649952380952381,7.085357142857143,4.501714285714286,2.257857142857143,7.40302380952381,5.479357142857143,6.405809523809523,3.841095238095238,5.597595238095238,5.473928571428571,8.046166666666666,4.8290476190476195,5.374547619047619,7.061738095238095,8.076952380952381,7.242642857142857,6.989404761904762,3.617166666666667,3.9152142857142858,5.54481037414966,42000,51.0,823.0,True,0,0.0,4,4,0,0,118.0
CC Midi Corrézien,epci,200066769,2.8606172554452396,8.043946740552606,7.119756792118833,6.0,5.0,5.02855383668129,4.582544447009928,3.947664126837528,3.893327176171785,6.40714230739629,6.368583083198645,5.587162318171323,9.0,7.4526283383360274,4.44716385746171,4.0,3.0,5.491264527053029,6.79204186869853,6.269298853228662,4.4577849611329174,7.195643808204418,8.627491726314169,7.842530593396444,6.066189486646656,3.647502501346879,3.0,2.0,5.504601378764391,12993,33.0,393.0,True,0,0.0,1,0,1,0,175.0
CC Xaintrie Val'Dordogne,epci,200066751,2.4796805055735978,8.669621697533573,5.2731501799350475,6.0,6.0,6.4716931449135435,5.354691477222856,5.079873606600544,5.542613885719302,7.55253225664882,7.688492934257877,5.292899148600018,7.037830246642676,9.283946282805232,4.057842534889844,1.740542438339331,2.0,5.993592556833143,6.633195821995963,6.673220398490301,5.852541033968226,8.901957342227684,9.60036864741508,8.605810585447204,8.29281137540595,5.992890371280611,4.0,3.0,6.038278516883802,11393,17.0,670.0,True,0,0.0,4,2,2,0,227.0
CC Haute-Corrèze Communauté,epci,200066744,3.1040753856311145,8.123131864834043,6.1610947722225555,5.0,5.0,5.527459336174299,7.842086309345177,5.324020166856731,3.5886501410479563,7.787977912490247,9.679130904507533,5.084958886021247,3.8180481363663645,8.04903667246864,4.302772942800552,2.1314446911950062,3.1177600384130604,5.740951923654042,6.207550567192846,7.683272312586279,5.479413000420143,8.125742752535862,8.138767180841485,7.967198847608187,6.667066802712922,5.077276273933137,5.666256527219255,5.256257127423324,5.916121481303643,33325,18.0,1851.0,True,0,0.0,8,6,2,0,146.0
CC Vallées de l'Orne et de l'Odon,epci,200066728,4.257857424182749,5.13430484442694,4.024379677038204,8.0,6.0,3.972587632926349,1.7996061441512405,4.418550610476566,2.719023237495077,1.4381252461599054,1.2550610476565578,4.272036234738086,3.7674281213076015,3.10610476565577,3.1119338322174084,1.0774714454509648,3.0,1.9320992516738873,1.2328475777865302,4.688578180385979,1.64021268215833,1.3002363135092556,3.0667191807798346,4.805947223316267,2.9187475384009454,3.689720362347381,1.0,2.0,3.2010563776514958,25390,193.0,131.0,False,0,0.0,8,2,6,0,59.0
CC Cingal-Suisse Normande,epci,200066710,5.180423367246472,6.455447981621266,5.106990482441746,8.0,6.0,7.290613718411552,4.066048572366262,6.328889071217591,6.10793403347555,3.491549064653758,4.412783065310141,4.729159829340335,4.829053167049557,5.812438464063013,4.32437643583853,3.0507466360354445,2.849893337709222,2.420249425664588,1.6788644568427962,4.912044634066294,2.1372661634394485,2.869913029209058,3.940351165080407,5.185141122415491,4.847103708565802,6.334837545126354,3.6997866754184443,2.849893337709222,4.603992803225654,24376,62.0,393.0,False,0,0.0,3,2,2,0,65.0
CC de la Châtaigneraie Cantalienne,epci,200066678,6.752323003631904,8.680486769492004,4.992736191689072,6.0,5.0,4.33012593745578,3.5965284656384133,7.313994622895146,6.661855572850337,6.146596858638744,6.271779633036178,3.7291637186925146,1.0,8.692797509551436,2.519739634922881,1.0,1.0,3.7621338616103013,2.5165794066317626,5.803028159049101,4.154379510400453,5.989387293052214,7.983114004056413,8.134710626857224,7.5103061176359605,6.93009763690392,2.0,1.0,4.981138019096135,21201,19.0,1115.0,True,0,0.0,4,4,0,0,156.0
CC Saint-Flour Communauté,epci,200066660,6.640699658703071,7.523720136518771,5.035196245733788,6.0,3.0,5.13216723549488,6.135537542662116,7.562542662116041,4.782679180887372,6.340145051194539,7.314803754266212,5.281996587030717,3.2715443686006824,8.418899317406144,3.041382252559727,1.543088737201365,1.0,2.5888651877133104,1.117320819112628,4.320947098976109,4.436689419795222,7.25712457337884,7.427175767918088,6.9898037542662115,7.240656996587031,6.460409556313993,3.5430887372013653,1.8146331058020477,5.043611348122868,23440,16.0,1465.0,True,0,0.0,6,4,6,0,137.0
CC Grand Sud Tarn et Garonne,epci,200066652,5.257909396053039,5.435117956531054,5.8978741638298375,4.0,3.0,4.310138786392744,1.6892422691456186,5.215583117099531,4.541838265051063,3.627443045206751,3.149879781941105,5.314399980955555,6.474706596519628,4.939224414978456,6.470040707501131,8.91620444211679,5.397528983264694,6.309329397481372,6.897469469374152,8.621253600590379,3.046635084628752,3.541695431713762,3.5548360987454473,5.713690575380293,4.8078415502178204,4.914799914299998,5.948651415240317,5.29871211940867,5.081858805845284,42007,95.0,442.0,False,0,0.0,5,4,3,0,62.0
CC Vézère-Monédières-Millesources,epci,200066645,2.5266626722588374,9.157978829638505,7.879768324345916,9.0,6.0,7.037747153984422,8.86598761733573,9.004393848611944,9.796684641501898,8.0457359696425,8.1625723986419,4.527062113041741,2.0,9.405632115038946,4.818254443778709,2.0,3.0,7.781306171360096,8.724385859796286,8.1625723986419,7.392450569203116,7.950469342919912,9.964050329538646,7.297783103654883,8.145596165368485,5.963051727581386,5.0,7.0,6.950362349853064,5007,9.0,556.0,True,0,0.0,3,1,2,0,325.0
CC Hautes Terres Communauté,epci,200066637,6.1842424242424245,9.394199134199134,5.502857142857143,7.0,3.0,5.170822510822511,5.453679653679654,6.9289177489177485,6.358961038961039,7.540606060606061,8.296883116883118,4.338787878787879,1.0,9.432727272727274,3.5247619047619048,1.783982683982684,3.0,3.09004329004329,1.0,5.854718614718615,3.884069264069264,5.358008658008658,9.102943722943722,8.135844155844156,8.578095238095239,7.425800865800865,1.0,2.0,5.333605442176871,11550,12.0,962.0,True,0,0.0,5,4,5,0,209.0
CC du Pays de Lubersac-Pompadour,epci,200066603,2.459118662065304,7.088531988319618,6.696708255906557,9.0,5.0,5.915317228563844,8.14215556145474,7.627555083620918,8.651048579771702,7.050039819485002,7.81868861162729,4.856915317228564,5.0,8.481683036899389,4.040483143084683,1.0,4.0,7.071276878152376,6.769312450225644,8.997079904433235,6.545526944518184,9.434563312981153,9.226705601274224,9.92208654101407,8.275152641359172,5.7620122113087335,3.0,4.0,6.493998634760514,7534,29.0,259.0,True,0,0.0,1,1,0,0,196.0
CC des Monts du Lyonnais,epci,200066587,6.025367688975031,6.9599532550450345,5.794379204195645,1.0,1.0,2.4227283092007754,1.227083570858511,4.243358796032379,3.6268099418538364,4.669222437578384,4.640263367916999,3.9604378064074792,1.2101242731729562,5.61728993273287,2.9461292897047087,1.8026735833998404,1.5253106829323908,3.2374586706190858,2.134106715311823,6.481444533120511,2.1304298255615097,3.8235377950062706,4.407422186751796,6.184842093261886,6.0865351727283095,7.724233268726485,1.9943564017785886,1.2101242731729562,3.717343681287359,35084,88.0,398.0,False,0,0.0,4,1,0,0,75.0
CC Sidobre Vals et Plateaux,epci,200066561,7.29813269765594,8.162812872467223,5.3071116408422725,6.0,7.0,7.721017083829956,1.4677791021056814,6.748192292411601,4.65554231227652,6.014302741358761,4.514263011521653,4.957012316249504,7.0,7.498927294398093,5.934763607469209,5.673659117997616,5.0,4.98212157330155,5.23917361938816,7.754469606674613,6.0985299960270165,4.632657926102503,8.04854986094557,8.067620182757251,8.027969805323798,6.844259038537942,3.0,3.0,5.95174527498723,12585,27.0,466.0,True,0,0.0,7,3,3,0,168.0
CC des Monts de Lacaune et de la Montagne du Haut Languedoc,epci,200066553,8.223110555902561,9.573016864459714,4.411118051217989,7.0,7.804247345409119,6.138538413491568,1.9181761399125548,6.784509681449094,8.8525921299188,6.499937539038101,4.974266083697689,4.157776389756402,1.0,9.838226108682074,5.32841973766396,3.380886945658963,2.0,6.7872579637726425,7.684572142410993,7.82211118051218,7.214615865084323,7.836727045596502,9.380762023735166,7.932542161149282,8.595377888819488,7.109056839475328,5.547782635852593,6.0,6.421272419023825,8005,10.0,800.0,True,0,0.0,2,2,1,0,198.0
CC Ouest Limousin,epci,200066520,7.1204216073781295,7.464382960035134,2.1012736056214316,7.0,6.0,5.698199385155907,9.81010101010101,8.863855950812473,7.478436539306104,6.8037768994290735,6.390338164251208,4.716820377689943,5.0,8.779710144927536,5.527448397013615,4.0,8.0,8.144049187527449,9.13693456302152,8.71550285463329,5.990513833992095,5.951251646903821,8.4989898989899,8.477997364953886,7.986824769433465,5.700043917435222,4.0,6.0,6.762745467093291,11385,26.0,437.0,True,0,0.0,6,1,3,0,183.0
CC Élan Limousin Avenir Nature,epci,200066512,7.327842911601812,7.805365748399626,2.4473854563763218,2.0,8.490973171258002,4.266633100769618,8.697043803495648,6.265050708480184,5.879198734086168,5.589656908580882,5.032007480399914,5.26994173919298,5.109221031432065,7.475293102208156,4.105013306480616,1.8963892685032007,4.0,4.613824354455873,3.7650147450190605,7.545997266776955,3.5561749262749047,4.927209954686039,6.613572610228008,6.846400057541538,6.17424296914335,5.409911529885636,4.38754225706682,4.2024383226641735,5.346405195178841,27806,44.0,631.0,False,0,0.0,3,1,1,0,108.0
CC Interco Normandie Sud Eure,epci,200066462,6.878012048192771,6.604175321977565,6.526251557955962,3.0,4.0,6.795232654756959,3.30323016202742,5.324989613626921,4.901485251350229,5.890527627752389,7.283703780639801,5.917506231823847,8.11341919401745,7.05323016202742,7.235588907353552,6.504673867885335,8.953962401329456,4.385256543415039,4.236160157872871,6.855525550477773,6.97886373078521,8.049257374324887,6.016903822185293,7.44676983797258,7.916259867054425,6.980187993352721,9.796115496468634,9.113029705027005,6.502154245059055,38514,47.0,819.0,False,0,0.0,5,4,1,0,101.0
CC Intercom Bernay Terres de Normandie,epci,200066413,7.213510910841797,6.259134763886113,6.441412140923378,3.0,5.903846503261442,6.331704126315024,5.619946581390701,4.86732561731199,2.9146210730962805,5.3772189617893416,7.233134073441503,5.7474789686937875,7.685556988934716,6.288387811835674,6.666133691880008,9.436415502298454,8.888892926576666,3.442738521358359,2.713374638879299,5.9373875756309396,6.452895324963206,7.095026981848575,6.840053055217399,7.3325944364700115,7.998364736450024,7.597507131566037,9.173774006577393,7.6235441612006465,6.360070757594241,55039,59.0,932.0,True,1,2.0,24,5,21,0,110.0
CC Roumois Seine,epci,200066405,6.842727495707628,5.912705420652441,5.390237920039245,1.0,2.0247240618101547,5.306205543291636,3.5325484424822173,4.690458670591121,2.966053470689232,2.374000490556782,2.2975472160902624,4.049129261712043,2.6786117243070886,3.9379690949227375,3.2717929850380183,1.9415746872700514,3.085283296541575,2.8188864361049792,2.067549668874172,5.509197939661516,2.6387785136129507,2.6476330635271035,4.7140299239636985,5.940765268579838,4.871743929359823,6.024822173166544,2.9049300956585724,2.2787588913416728,3.7042380601983247,40770,119.0,342.0,False,0,0.0,11,3,11,0,73.0
CA Saint-Lô Agglo,epci,200066389,7.701773325083269,5.760160086362379,4.297871220000263,2.0,4.5023104569570425,5.701483695151332,7.188851880619808,7.158625047723114,3.780078726681499,5.8668097262997145,6.63852867994576,4.959056859621638,3.17227714951487,5.465685435563922,4.281849418765386,1.9718664016113956,4.512460669571743,4.011453547308417,3.168143340486315,6.723561394963072,4.691412472518069,6.180083992680261,6.011769507234166,7.724943719638226,6.652799536592109,7.093497808028015,2.745138824892376,4.3478982082439215,5.153942540430646,75964,91.0,834.0,False,2,3.0,19,4,14,0,96.0
CC Causses et Vallée de la Dordogne,epci,200066371,5.586261061946903,7.861504424778761,4.406659292035398,5.0,6.0,4.882300884955752,2.906283185840708,6.901659292035398,8.114424778761062,7.037477876106195,7.221061946902655,5.6282743362831855,8.046238938053097,7.409933628318584,6.228893805309735,6.783141592920354,6.220221238938053,6.282389380530973,6.354380530973451,8.164402654867256,5.109579646017699,5.0503318584070795,8.821570796460177,8.463230088495575,6.701327433628318,3.565508849557522,5.588672566371681,6.215,6.305383217446271,45200,34.0,1329.0,True,0,0.0,17,7,13,0,172.0
CC de la Haute Ariège,epci,200066363,8.265131301783457,9.658896222440669,7.0528015728128075,10.0,8.0,8.282404156719561,4.179188316247718,7.864064035950007,8.39081589664373,8.263024856059543,10.0,5.387024294340683,4.0,9.170481673922202,5.973880073023452,8.0,2.0,5.864344895379863,7.5750596826288445,6.997472265131302,6.947479286617048,4.978935542760849,8.496419042269345,5.703131582642888,5.939053503721388,2.4169358236202783,4.0,2.0,6.621662286596987,7121,6.0,1186.0,True,0,0.0,2,2,0,0,223.0
CA Sète Agglopôle Méditerranée,epci,200066355,5.326839895934752,5.484892981980113,6.820439563947456,6.167166775733006,9.167166775733005,4.558145659425726,1.174987630281072,3.6714842066620914,2.4584377444017047,6.518011906852026,7.318508291701914,7.284790832043158,9.258455301422119,3.71289483344772,7.929037715672035,8.798445405646977,9.172888768295213,6.2563085566533125,6.595797487749988,8.94174261408073,7.216398257066701,6.361076085742103,7.461629929931528,8.46846120696535,5.319378162258791,2.185785197835698,6.6363621853702135,9.13617863470225,6.40720402169774,125324,335.0,374.0,False,3,4.0,10,3,1,0,134.0
CC du Minervois au Caroux,epci,200066348,7.232209993847836,9.026112516234877,4.267140611114908,8.0,10.0,4.476655957345,2.6223255178070954,5.850570784059061,7.617062000136714,7.784537562376102,7.695467906213685,6.688973955841138,10.0,8.861166176772166,8.610909836625881,8.0,10.0,8.351835395447399,9.822886048260305,8.33925763893636,9.412878528949348,5.622052088317725,9.326338095563607,8.754255246428327,5.88645840453893,2.271447125572493,9.0,10.0,7.625733621085319,14629,18.0,812.0,True,0,0.0,7,4,1,0,184.0
CC Terres du Haut Berry,epci,200066330,5.224580017683466,6.97989466805059,4.695536846961135,1.0,6.1232845115903585,4.512320762695575,7.612770537808019,6.981201706838888,5.40372121631492,4.710337139122746,3.4337062238111713,4.170991427363242,2.36577864913697,6.059047399377234,4.318340829585208,2.662860877253681,4.0,4.314842578710644,4.726021604582324,6.7666935762887785,3.6170376350286397,3.5030561642255793,5.911352016299542,6.671471956329528,5.821589205397301,4.524929842770923,3.2785145888594163,3.0,4.728210070788781,26013,37.0,703.0,True,0,0.0,3,3,0,0,102.0
CC Terres des Confluences,epci,200066322,5.609395000603792,6.039077406110374,7.315420842893371,7.318633015336312,9.655114116652578,4.993358290061587,3.972515396691221,3.604347301050598,4.036275812099988,4.946962927182708,5.427846878396329,6.120589300809081,8.987103006883226,5.020045888177756,7.963844946262529,8.458785170873083,7.64480135249366,7.740828402366864,9.183576862697741,9.58647506339814,7.581282453809926,6.741311435816931,6.366888056997947,7.854872599927545,8.120565149136578,6.291945417220142,9.813114358169303,7.184856901340418,6.913565476909278,41409,92.0,450.0,False,2,7.0,20,4,16,0,92.0
CC du Pithiverais,epci,200066280,6.56507447354905,5.941585344975175,6.44256120527307,3.0,2.0,5.114158534497517,4.330662557781202,4.290429720938196,2.714466700907379,5.32723848656052,5.961136791645266,5.696216401301147,6.917822290703647,5.376373908577299,6.295463105632598,7.159493237459339,8.611881527135765,7.086560520458826,8.978976202705017,8.909022427666496,4.926827598014039,4.627358329053244,4.817976373908578,6.7829138846088,8.285464817668208,8.890977572333504,9.236534839924671,8.611881527135765,6.1749663707290825,29205,59.0,495.0,False,2,4.0,1,1,0,0,77.0
CC des Portes d'Ariège Pyrénées,epci,200066231,4.41166493684024,6.35349213983748,6.837151608738576,5.789712173758955,7.184568260638432,6.305116067134142,1.483710097967243,6.255524896843277,5.791610763739463,6.46998962104144,8.429385109991646,7.4650026580259725,8.461686454193352,5.033643014454598,7.045161127003013,8.050629066146875,4.2008961344708,6.6222059084120195,6.5665392501835305,8.633318988431258,7.440422246411665,6.2182365896261045,5.775181631774802,7.867782193757436,5.4674581677340965,3.7491582917753083,7.626889097030605,5.387008581626712,6.3186837527710376,39508,94.0,420.0,False,1,10.0,4,2,1,0,91.0
CC Arize Lèze,epci,200066223,7.239350912778905,8.074497510602987,5.311635626037249,7.0,9.0,4.117093859487369,3.082518900977319,5.599668080398303,6.792642448829062,7.43730407523511,7.692421169094597,5.602710676747188,5.0,8.566476120228655,7.162732804720634,7.707726350728379,9.0,6.758805089433893,6.918034298358842,8.413793103448276,7.663009404388715,5.288032454361055,7.740549511340586,7.280195463765444,6.150101419878296,3.9308500829799002,8.0,9.0,6.840362477279314,10846,28.0,387.0,True,0,0.0,5,2,4,0,128.0
CC de Damvillers Spincourt,epci,200066173,7.796138902379796,8.256677999028655,5.592763477416222,10.0,8.0,7.715760077707625,6.962481787275377,8.281932977173385,7.725837785332685,5.203618261291889,3.7731908693540555,5.460417678484701,3.0,8.59834871296746,5.849077221952404,8.0,4.0,5.962360369111219,7.605876639145216,6.431034482758621,6.533268576979116,5.923020883924235,4.418771248178728,4.853933948518699,7.580500242836329,9.011898980087421,4.0,3.0,6.412032540067995,8236,16.0,514.0,True,0,0.0,2,2,0,0,73.0
CC Val de Meuse - Voie Sacrée,epci,200066165,6.738095238095238,8.000329163923634,5.641759929778363,10.0,8.0,6.480798771121352,6.922646477946017,6.352754004827737,4.19705946894887,4.149330700021944,3.0291858678955452,4.60752688172043,2.0,7.553763440860215,5.173469387755102,3.0,8.0,2.4878209348255433,2.914527101163046,3.835308316875137,4.030941408821593,2.71724818959842,5.276058810621023,5.610818520956769,6.944261575597981,8.179174895764758,4.0,7.0,5.458674253111384,9114,26.0,350.0,True,0,0.0,1,1,0,0,91.0
CC de Commercy - Void - Vaucouleurs,epci,200066157,8.766909188897872,8.724961825204348,6.871418305937303,5.0,5.0,6.842180903619869,5.396928051738076,5.667295428006827,5.8755950776969375,6.21364412108147,7.387855923830055,6.633971076978352,9.24247731968023,8.60392526722357,6.876089104464206,9.24247731968023,8.48495463936046,4.211173987245127,5.066603790532651,6.370699721548549,6.17052905775622,5.43276744812719,6.330458995778317,6.432363244408515,8.128581694062696,8.798661636575945,7.48495463936046,8.48495463936046,6.91937258600557,22266,31.0,718.0,True,0,0.0,4,2,2,0,99.0
CC de l'Aire à l'Argonne,epci,200066140,6.1411402157164865,7.38597842835131,5.867488443759631,9.279661016949152,5.440677966101695,6.812326656394453,5.229275808936826,9.296456086286595,8.132357473035439,5.272881355932204,4.779352850539291,3.9134052388289677,4.0,8.430970724191063,4.002619414483822,3.0,4.0,3.5254237288135593,4.5587057010785825,3.1158705701078584,4.933898305084746,4.036671802773498,6.571956856702619,4.561325115562403,6.682588597842835,6.889676425269646,2.0,3.0,5.387882456526524,6490,9.0,721.0,True,0,0.0,2,2,0,0,110.0
CC du Pays de Stenay et du Val Dunois,epci,200066132,4.451956926899979,8.01770552909505,7.215779664526817,10.0,8.0,6.270759991716711,4.069579623110375,5.224994822944709,6.539552702422862,6.771795402774901,8.310933940774488,6.769310416235245,10.0,9.041209360115966,6.850590184303169,5.043694346655622,8.521847173327812,6.361669082625802,8.97794574446055,6.065023814454339,7.836197970594326,6.684924414992752,7.960550838682957,5.815179126113067,9.177676537585421,9.545247463242907,8.521847173327812,8.521847173327812,7.3774221222968395,9658,21.0,459.0,True,0,0.0,4,2,0,0,122.0
CA Gaillac-Graulhet,epci,200066124,7.393904263780112,6.645767898305541,6.434250434735721,6.379156949705458,4.0,6.3076985293126455,1.3901837348179502,6.99766792930995,6.551635819527385,4.934661580146395,5.185770324737473,5.913362899855762,7.353652454066295,5.4294245312268306,6.664451424180743,8.125365649811952,7.455535634848955,6.327312187428387,7.392583206394996,8.434169553671326,5.892239461871318,4.662860763247644,6.750913282018791,7.320666459970613,4.937155412965234,3.9031718857420166,6.7476645592655995,8.163298869013117,6.2033759178556505,74190,62.0,1196.0,True,2,6.0,22,4,13,0,101.0
CC Argonne-Meuse,epci,200066116,4.60616727682343,8.564348070965925,6.1951562940016895,10.0,8.0,5.733173753872149,6.145733596170093,7.319909884539566,7.1593917206420725,5.359898620107012,4.619262179667699,4.780625176006759,8.0,8.925654745142213,5.606026471416502,2.0,6.0,5.030977189524077,6.828639819769079,5.876232047310617,6.817516192621797,8.45789918332864,7.400872993522952,5.647141650239369,8.644747958321599,9.0,3.0,7.0,6.52569195799976,7102,14.0,507.0,True,0,0.0,2,2,0,0,132.0
CC des Portes de Meuse,epci,200066108,6.114045690801402,7.668379064426447,4.793363955034449,3.0,5.490873927233168,7.145775413997341,2.6616704943793064,7.554877311736976,5.6322978363350655,5.287441073371207,4.133143962286957,5.16578024900278,7.548168741689834,8.077843587574035,5.491538740481083,6.1819775172247065,7.0,3.185120270760305,4.81687416898344,4.5276199685724645,4.685724646440227,4.429590233289012,6.561041943672187,6.467847213828115,7.862383657681615,8.377855675087634,3.6727910068898826,5.0,5.661929512527846,16546,21.0,787.0,True,0,0.0,2,2,0,0,116.0
CA Saint-Louis Agglomération,epci,200066058,4.831637292146727,5.326474434825933,5.363654480911752,2.617313321292894,2.0782088808619292,5.130422868530859,10.0,6.215943202341657,2.8458367067322663,5.835112412032135,5.529663075294264,5.474447281559445,3.6700379896618296,3.4242884723173694,5.964140250358099,8.031712025907703,4.894700130784082,9.291175188391355,9.79440742355359,9.877038051939964,5.459649996886093,2.567814660272778,4.129687986547923,5.791505262502335,4.651802951983559,4.304241140935417,2.2229806315002802,4.533599053372361,5.352053399051596,80291,297.0,270.0,False,1,3.0,2,2,0,0,79.0
CC Sundgau,epci,200066041,4.171496467025572,6.673389131897712,4.965953061911171,1.0,1.0,7.190864737550471,10.0,3.521912853297443,2.7718077052489907,4.236814434724091,3.240431527590848,4.7051648721399735,3.4422526917900402,4.946689939434724,5.01087230820996,5.3857251009421265,4.359417059219381,6.755362550471063,7.833718876177658,8.716604979811574,4.303246971736205,4.009841857335128,4.875315444145357,6.430518169582773,6.10605232166891,5.815549293405114,2.126177658142665,4.239611372812921,4.922671120938282,47553,109.0,436.0,False,0,0.0,4,2,3,0,95.0
CC Sud Alsace Largue,epci,200066033,3.6402745379508343,5.5751839224834026,5.021128656020097,8.0,1.0,7.578862372151445,10.0,5.439260721335008,4.717970572402655,3.315494347748071,2.599004127041091,4.906962138883904,4.608020814642024,4.83931455230576,5.2025390274537955,5.5946527902386505,4.304010407321012,5.385340032298583,7.450430647766015,7.353131168132065,3.8585591243495423,4.03113224475148,4.474295711465997,6.154539745200072,6.534810694419523,7.126278485555356,4.608020814642024,3.304010407321012,5.236543859424266,22292,96.0,232.0,False,0,0.0,1,1,0,0,84.0
CC Pays Rhin - Brisach,epci,200066025,3.077158456830863,5.95080098398032,4.5627587448251035,8.0,4.0,5.861042779144417,10.0,7.82162356752865,6.160046799064019,3.00539989200216,1.9696706065878682,4.22277554448911,1.0,4.625397492050159,4.27257454850903,6.377752444951101,3.622607547849043,7.829483410331793,9.071128577428452,9.270564588708226,2.500959980800384,2.3535729285414293,3.890562188756225,5.6714165716685665,6.1485270294594105,6.5734985300294,2.25337493250135,3.414711705765885,5.125264637564391,33334,101.0,330.0,False,0,0.0,3,1,2,0,77.0
CC Lieuvin Pays d'Auge,epci,200066017,6.544105443007078,6.233243836953869,4.920820112277276,4.0,2.0,7.643788137661704,5.715938491579204,6.2099585062240665,4.552550646814742,4.045496704906029,4.945032950939712,4.376665853063217,3.0,6.183695386868441,5.883768611178912,6.0,5.0,2.849792531120332,2.8678057114962168,4.556602391994142,5.564803514766902,6.823529411764706,5.631681718330486,6.528825970222114,8.001513302416402,8.2096167927752,9.0,5.0,5.438901286655741,20485,49.0,418.0,True,0,0.0,2,1,1,0,89.0
CA Mulhouse Alsace Agglomération,epci,200066009,2.422471270450075,5.202915105046693,6.244532353359779,6.192441455216936,9.290350009670792,3.9696410129150688,10.0,4.348717799000807,1.745231204907653,6.358293707416585,6.645702336682225,6.75750398692071,7.089752245265874,3.2212239207943916,7.348882019991168,7.694059944310838,8.236390641593163,8.1121556377066,9.018889063246977,9.597512599399316,6.587261560245382,5.654073957835348,4.661390915294813,6.641476383196908,5.903788395779886,4.7685797803817955,6.188496502092906,7.99060655935129,6.3532978702883565,274065,624.0,439.0,False,7,3.0,23,7,11,0,81.0
CA Lannion-Trégor Communauté,epci,200065928,7.401959602050045,6.726680735604462,5.023786554115165,2.0,5.8053863933273036,4.392543462968546,3.46743040900412,5.3304291026027535,3.1226208421264197,7.45840619033263,8.17834388503668,5.2021203899105615,5.113958396141092,5.682775600442167,6.161451110441162,6.487408300673299,4.270003014772385,3.917847452517335,2.918169028238368,7.228781027032459,5.359159883428801,4.796884735202492,7.994864837704753,8.189136770173851,4.446779218169028,2.2447894683951364,4.022791679228218,4.252296251633002,5.257028726474009,99514,108.0,921.0,False,2,1.0,15,7,11,0,156.0
CC de Forez-Est,epci,200065894,1.6730433963153182,6.837220625422105,4.415319857387425,1.0,1.0,3.838367180260409,1.0108372991565755,7.273822425356139,5.771537168794861,5.095038401733968,5.327820446371075,4.540938290219731,2.6517928662300334,5.541597951907522,3.4364447376274168,2.2279602318239644,2.8667326328354457,4.3552592313370715,3.9778699209976596,7.3207997612652935,3.029087939185475,4.0302187877931175,6.524289685718324,7.530446528137713,6.285303679969844,6.816582638332626,4.0490505583565,2.5005575711884904,4.31885499334729,63671,114.0,558.0,False,0,0.0,14,3,8,0,102.0
CA Loire Forez Agglomération,epci,200065886,2.4227542291820394,6.361482331720915,4.385103805125122,1.0,2.5703770508230623,3.5757973272116095,1.2087125249378263,6.389722427190657,3.7509314676650907,4.675393767137638,4.426981133794285,4.680595410529,2.730297978555747,4.747852386288067,4.102675521303053,4.506053401109562,3.6089384457015843,4.269401401073123,4.676213640877083,7.146775618776931,3.174724203583759,4.16919461069662,5.718582893789912,6.933653995062538,5.592887139824912,5.430415493791734,3.7142193435544257,2.5477758647390525,4.232768336215906,109778,82.0,1338.0,False,1,1.0,28,3,7,0,92.0
CC de Pont-Audemer / Val de Risle,epci,200065787,6.045489029830365,6.394956453130216,6.747428155251419,4.0,5.84226018875368,6.282644979212818,4.299851303371469,4.545686280460049,4.07926440688253,5.159530240038843,6.827208448396201,5.900069796376657,7.9211300943768395,5.341486359360301,6.516948381027524,8.61408672958456,7.22817345916912,3.010560495250812,1.8632901405031408,5.903043728947289,5.338755196795436,6.374047886383638,5.210785057506145,6.4826571177131065,7.470548963675538,8.085697812035322,9.30704336479228,7.22817345916912,6.0007434831426565,32955,99.0,332.0,False,2,4.0,3,0,3,0,86.0
CA Pays de Montbéliard Agglomération,epci,200065647,3.7883771773144908,5.87467670720032,5.884436220224912,4.838789420287784,8.559192946858523,3.6263021019390425,9.989183087321207,2.434598402469171,1.3604589686066617,6.523269936984696,7.188552934284041,6.424388780132318,7.609290827772459,4.226540731320464,7.188195704671134,8.365717388508639,8.033965391595101,6.93893516996985,8.30342368861009,8.701413200348656,6.719017475672663,6.897889487446951,6.152136947544403,7.785612220110599,7.032322135375734,6.706921680979667,7.188652958575654,8.090836345969736,6.51546778707482,139989,311.0,450.0,False,7,8.0,35,6,4,0,94.0
CU Caen la Mer,epci,200065597,3.630412672629936,5.06744256224364,5.887952134892576,3.178983760585051,8.954604893059782,3.270127896103509,1.1461472835582909,2.01394451253814,1.2466759307207707,6.9387305762216815,7.220862004090589,6.943976067446288,3.611543061086875,3.224989848037225,6.337108497472254,4.96119528650888,5.224546514616963,5.509304413589101,4.469676366603209,8.544219714552884,5.180354741246028,5.274862995071175,4.565283640251694,6.9791074468838135,3.7194519057748834,3.0232209849452913,2.7327481828918008,5.525499122646886,4.799391893438188,268464,735.0,365.0,False,9,9.0,33,8,25,0,84.0
CC Val ès Dunes,epci,200065589,4.232476954126438,5.401080019636721,4.218185785196095,8.0,6.0,5.7721049473626795,3.099765450280914,5.098074510445644,3.238149784541537,2.0908743795341733,1.914798450880925,4.854524627720504,7.069001254568265,4.224676812305678,4.699830906016473,2.8497245404461897,4.711122020400371,2.1558937435226095,1.517591228931435,5.041455299187258,2.412916598483609,2.1782577865052093,3.7057764686630668,4.804123711340206,5.847433589701631,7.2244040800741836,6.0243822614956635,4.265313914798451,4.380426397363069,18333,109.0,168.0,False,0,0.0,2,1,1,0,63.0
CC Normandie-Cabourg-Pays d'Auge,epci,200065563,5.641337775499744,5.43058047155305,6.5116927216811895,1.0,2.0,4.897200153767299,2.6130509994874425,5.930772680676576,4.487506406970784,5.52886340338288,6.4013967196309585,5.781778575089698,8.711462070732958,5.372052793439262,5.5192209123526395,6.7779984623270115,7.51982957457714,2.9895566376217326,2.0684905176832395,5.584828293182983,4.418599436186571,5.170105074320861,7.196309584828293,7.475205023065095,6.468477703741671,4.980843157355203,8.085693234238851,6.693106099436187,5.4019985172439045,31218,111.0,281.0,False,0,0.0,11,2,7,0,137.0
CC du Sud,epci,200060473,8.200304226810797,10.0,10.0,,,10.0,,10.0,,10.0,,9.0,,10.0,10.0,,,10.0,,,9.799695773189203,8.156223703799599,1.0,,10.0,,,,9.011158835985686,0,,99.67206526198052,False,8,0.0,4,3,0,0,
CA du Grand Nord de Mayotte,epci,200060465,8.089258493953457,10.0,10.0,,,10.0,,10.0,,10.0,,9.912062599505436,,10.0,10.0,,,10.0,,,10.0,5.283747163036482,1.0,,10.0,,,,8.877504875463956,0,,94.38649333904357,False,10,0.0,3,3,0,0,
CA Dembeni-Mamoudzou,epci,200060457,8.0,10.0,10.0,,,10.0,,10.0,,10.0,,10.0,,9.181566133929083,10.0,,,10.0,,,10.0,9.45530159821275,1.0,,10.0,,,,9.116919123724417,0,,85.1464555652569,False,6,0.0,4,3,0,0,
CA Mauges Communauté,epci,200060010,7.111660854039081,5.926493900912777,1.6914829709479866,1.0,1.0,5.7036477714552705,8.863584027233134,6.295476162664575,4.569159143624743,4.008585445625511,2.6683381447427705,3.1889799255761178,1.1316935604986067,5.4288968244697715,3.4584494468269726,2.335257897108148,1.6708995945066498,2.4243579688621155,1.5227610259148632,6.23604552205183,1.8273482737330418,2.5479333188712934,4.2196756053198055,6.66617718223839,7.189922739332855,9.849700468903833,2.7887095966759556,1.3455454135865303,4.023956528061523,119881,90.0,1331.0,False,0,0.0,11,6,6,0,71.0
CU Grand Paris Seine et Oise,epci,200059889,2.7164103669636868,5.414027019258407,5.230418223627479,4.739292900258695,3.9716944524288587,3.517684679505605,1.4034109418415253,2.723320877646833,1.097077704321165,4.532894988981508,4.46886078375012,7.0453219315895375,7.172204656510491,3.0742119382964455,6.396371083644725,6.69922391491808,5.895951901887516,8.892730190667816,9.714827057583596,9.896768707482993,5.635117849956885,3.601137779055284,2.8116700201207245,5.328964261761042,3.687580243364952,3.813852160582543,2.953341477436045,6.048833477052793,4.945828628231977,417547,821.0,508.0,False,12,10.0,32,9,20,0,54.0
CC du Centre-Ouest,epci,200059871,8.314274290283887,10.0,10.0,,,10.0,,10.0,,10.0,,9.482546981207516,,9.611135545781687,10.0,,,10.0,,,9.553938424630148,7.884926029588165,1.0,,10.0,,,,8.989058662249388,0,,99.24334765662377,False,10,0.0,6,4,0,0,
CC Porte Océane du Limousin,epci,200059400,8.468018842215907,6.301825826293456,4.71682173862265,4.0,8.314361350099272,5.066025616070386,9.802507104761164,5.650640401759645,5.398645229104216,6.389146260754467,7.325183945186281,5.263323860318449,7.142795966831471,6.447930859968078,5.789699069568264,5.78561139876202,8.316307860007008,5.077159652742632,4.3104294000856465,7.858177288122397,5.764589091758477,5.780355822011134,7.5920504535368085,8.574999026745045,7.836181726164986,7.279129520769261,8.438120450033091,8.607739323393156,6.689206324488764,25690,75.0,342.0,False,0,0.0,3,2,0,0,138.0
CC Bièvre Isère,epci,200059392,7.002521883737505,6.721021180168491,5.294676632371484,1.0,1.0,4.585990753092963,3.4898850532702252,5.451965424608469,3.8875934284826665,4.1398366257926575,4.633997916704739,4.789970943513459,2.6360446629264818,5.600409349244349,4.985106266332852,5.5621425047056885,2.211088978637086,5.227791889768096,5.719285100783977,7.796330476416732,2.9205606622685987,3.278521956835584,4.944591655854243,6.426180077118474,5.684417316934997,5.225489300268635,5.509584985654502,2.27004257963122,4.571251700183007,54721,78.0,701.0,False,0,0.0,3,2,0,0,78.0
CA Grand Paris Sud Seine Essonne Sénart,epci,200059228,3.47554868817583,5.174137309091735,6.126751442197082,6.831228146915218,6.6977024259586955,3.0335135073721764,1.0,2.0278015264140064,1.0,4.688150266852616,3.50426197286312,8.061525221051674,8.52200007384958,2.7182979376084666,6.327065586947939,5.808380223082538,5.16595704794826,9.03122985113629,9.551977322498274,9.998471881772504,6.361550500330903,4.667901280154061,2.163917663399296,4.066921921111606,2.941519653929508,2.2149704459662507,2.7281256124544475,6.192025949606183,5.002890480667437,352123,1586.0,222.0,False,20,11.0,92,4,30,0,40.0
CA de Saint-Quentin-en-Yvelines,epci,200058782,2.3319694573555116,5.128321162127471,3.836199079164677,2.8440756819744952,2.4268785785316576,3.2773107403042876,1.0,1.9631972523886083,1.0,5.037529953432543,3.16053725615606,7.124098111455244,5.169846366818387,2.66099066460479,4.983125320342926,3.1789846279203227,3.8400103385887827,8.533230239496037,9.594004494657666,10.0,4.105773400913826,2.783371518940207,2.4019871118100853,4.387092534750362,2.4124001734780154,2.2304891992412528,2.0245322445689555,4.1309890437243455,3.984533734026662,228312,1902.0,120.0,False,7,14.0,11,4,5,0,49.0
CA Saint-Germain Boucles de Seine,epci,200058519,2.4607218113333693,5.187920464652615,3.1297762098338735,2.1046960715842005,2.2930194659837753,2.8376939285948795,1.0,2.8437498134584507,1.0,5.607182297356184,5.310787175492321,6.513419052906168,3.584862974039386,2.3860962375315626,4.536854640855285,4.201888695880566,2.5314822442291507,9.05827259540481,9.876891531312118,10.0,3.7791109280516704,2.3388579478638754,3.588743038269372,6.360965359980421,1.75630808903852,1.6758176489198497,1.0909695982044256,2.6392286432310788,3.917689873714569,335108,2376.0,141.0,False,6,4.0,9,2,3,0,65.0
CA Val Parisis,epci,200058485,2.940650877148826,5.069416828169439,4.055199790016432,2.0,2.0684639917732466,3.1641719132595276,1.0,1.853842088042083,1.0,4.736589277174715,3.8271770513848486,7.06472455836932,5.721408615798387,2.5167645271594328,5.399378678757501,5.155510091076777,4.300186612109292,8.79452532567229,9.909405034571781,10.0,4.80397458623529,2.319142662979969,2.8958352060463763,5.145870263234538,2.5131293664177305,1.672015734385169,1.3548686344236418,4.445481577897072,4.133133331860845,278165,3234.0,86.0,False,11,6.0,8,3,5,0,54.0
CA Val d'Yerres Val de Seine,epci,200058477,2.21570344589899,5.293678281061963,4.315102857175143,2.0,5.720181024108298,3.089935760171306,1.0,1.7025871079647217,1.0,5.024667642223139,4.520766357991559,7.764826857559338,8.528196030351483,2.975660054352432,5.687304017673015,3.369952483996542,5.557756521444351,9.076957845790512,9.73793878853966,10.0,5.4043719243133905,3.432243083059782,3.5140768278971484,5.936675461741425,3.000966139903838,2.2901301181402656,2.3284254179543824,5.5252863107580525,4.643335370002527,177020,2682.0,66.0,False,9,14.0,18,3,1,0,62.0
CC Entre Beauce et Perche,epci,200058360,2.886713220722846,5.772294045484571,4.506794375766726,8.061715579881099,2.3868547702179863,5.779796168726998,6.991554213456639,7.5559120505803525,6.918042842313862,4.177219967915447,4.3459941492875345,5.126403699160139,7.159950929508351,6.390487873926583,3.7304425780881383,1.7100122676229121,2.8909125224120036,3.6764178541096535,3.7102481834481456,6.198452392186468,3.995423232990469,4.537699348872322,4.916108332546948,6.333207511559875,6.9805605360007545,7.980607719165802,6.621874115315656,3.962583750117958,5.18943872254951,21194,46.0,460.0,False,0,0.0,3,2,2,0,78.0
CA Paris - Vallée de la Marne,epci,200057958,3.0958337903951207,5.008806300870977,5.274149316601215,3.758052697395845,4.5125161799872755,3.1766437770123517,1.0,2.0762817840766985,1.0,4.44183321998201,3.239968407889252,7.830710164322854,7.7621157938614775,2.8922050854522716,5.919400627454422,5.354099295759198,3.565568987077949,9.265988021324675,9.895395011079177,10.0,5.14515258550712,3.7762708145938,2.3258726223645816,4.41109234110704,2.699905662447072,1.9914920690638642,1.2852197187424586,4.843553234900507,4.4838616967596145,227943,2374.0,96.0,False,7,4.0,7,3,3,0,51.0
CA Cœur d'Essonne Agglomération,epci,200057859,3.1482452142206014,5.10455887598589,4.915223336371923,2.35680313899568,2.3604791724465937,2.784590384844041,1.0,2.0543626887558957,1.0413528992112877,4.998236296619238,3.694606832864334,7.098212516348936,6.3603354999801835,2.6949040862431137,5.466256787285483,3.887395465895129,5.206908168522848,8.730217787642186,9.503190519598906,9.957849470888986,5.160843803257897,3.2627918037335024,2.880727081764496,5.24895961317427,3.2629850184297093,2.0407484840077683,2.8471126788474495,5.703970314295906,4.384709569294008,201870,1517.0,133.0,False,7,6.0,24,4,20,0,54.0
CA Plaine Vallée,epci,200056380,3.146053258684255,5.257281845921235,4.2423867253195136,2.0,3.4855623058676586,2.5498485288397803,1.0,1.381028031751423,1.0,5.2891976137129335,4.538607341831788,7.360013804966501,6.982776660841555,2.6063283719452404,5.36276384194409,4.500243778178292,3.4869044553885935,8.793588360002849,9.644763151695765,9.983560037908877,4.856187309291509,2.5379937877650747,3.505223426809026,5.733996921273344,2.1386960880450085,1.1783524977676492,1.0774721572451422,4.062275737771374,4.203610930027446,182584,2467.0,74.0,False,4,3.0,4,1,3,0,63.0
CA Communauté Paris-Saclay,epci,200056232,3.855806239036798,5.0872949423626075,3.657776193098794,1.8058092633683414,2.895332660552211,2.5994065943161666,1.0,2.0094900340316886,1.029899496687561,5.857942372158322,4.637019728192182,6.800075767463923,3.859941614483683,2.8867849445592277,4.376315982159627,3.099249010725235,2.276022781175287,8.717170881099202,9.28422667842442,9.959658600721383,3.999328280046734,2.6039844772204166,3.052394156354757,5.53188122972504,1.8278295805092974,1.1348724527965517,1.5776887103295247,2.4252241984725535,3.851729531073984,314165,1689.0,186.0,False,4,3.0,13,4,4,0,62.0
CC Mayenne Communauté,epci,200055887,6.026200397635972,5.787618814173271,4.641419505950922,1.0,3.752594166190048,5.509164692104474,6.9781027861753415,5.60111120189558,6.458534193970095,5.427594847073562,6.215703897377237,4.392406787046872,1.4536863033472234,5.322711550507939,3.3144320069722473,1.0610888689163058,1.0,4.395920145981425,2.8518397472560393,7.066345289647847,3.858131110929542,4.8737914317618545,5.947898793474413,7.321295312797886,6.8022169567230435,7.861018057030803,3.6494539314214123,2.35051883323801,4.6757428439142625,36721,58.0,633.0,False,0,0.0,4,2,3,0,92.0
CA Roissy Pays de France,epci,200055655,4.305630094893044,5.0086935911218715,7.124797191865666,7.452650825764181,7.984517450670007,3.117489044833648,1.3324952948512834,2.361919757109924,1.3086944376253884,3.478497399823363,2.23396510712502,7.731689423502888,8.19722403279919,2.9962358810267524,7.291010979150618,7.682840527202391,6.534713698402084,9.240765352046704,9.797084641886688,9.915152130790437,6.817620817214496,4.091270009226888,1.672803817166527,4.111941625117453,4.869488909393085,5.979977370139307,4.376482439284535,7.21105872194899,5.508096806142229,354450,1036.0,342.0,False,12,31.0,20,10,6,0,40.0
CC Beauce Val de Loire,epci,200055481,6.822650870797894,5.80361482381531,5.172387606318347,8.0,4.0,5.446537059538275,3.851863102470636,6.789894694208181,5.782047387606318,5.158414337788578,6.162768327257999,5.24670919400567,7.942132442284326,6.638973268529769,5.154870392871608,3.9421324422843256,7.0,5.1113304981773995,6.631429728635075,7.3916059133252325,4.996051032806804,4.982837181044958,6.104951397326853,7.226913730255164,7.29678007290401,7.203371810449575,9.0,5.314044147428109,6.077653980790373,19753,38.0,519.0,True,0,0.0,1,1,0,0,93.0
Métropole d'Aix-Marseille-Provence,epci,200054807,4.88354323448554,5.590248144552856,6.08846653420152,5.793719056032334,8.31431343427361,4.582665449991584,3.4875652489649616,3.2697435349139523,1.7595117138498768,6.350248398614938,7.007420200687873,7.725133938353953,7.127569335130117,2.6269701720529595,6.384130223754593,6.503123375722886,5.539996781880292,6.951763137920777,7.42053202717194,9.40908229600138,7.136304307093307,4.9374440931095185,5.165225570078261,7.152908322756235,3.78448654582486,2.8851491185633638,3.9025073810327835,6.698293867258913,5.659930908724114,1889654,599.0,3154.0,False,25,2.0,218,30,88,0,88.0
Métropole du Grand Paris,epci,200054781,2.419428706820651,5.011149852777271,6.202301758247103,6.023728108146927,5.4584888167839,2.2939763934700625,1.0051208459129082,1.3068658042342014,1.0,7.412038306749174,7.660891654588956,7.731627836094479,4.205098057067115,2.2020064362938663,6.404474728414072,7.755853566680559,3.9813226182404637,9.462867187398391,9.976059129986332,10.0,6.940494393548099,3.960077108858867,2.926132331378092,5.567287460084177,2.4076596533946617,2.2029640767492134,1.8580476858011918,4.563991701014867,4.926426936383414,4899426,6018.0,814.0,False,169,14.0,494,77,264,0,63.0
CC de Petite-Terre,epci,200050532,9.0,10.0,10.0,,,10.0,,10.0,,10.0,,10.0,,8.0,10.0,,,10.0,,,9.609127865268336,6.563488538926656,1.0,,10.0,,,,8.869472600299643,0,,11.441281298329741,False,2,0.0,1,1,0,0,
CC Berry Grand Sud,epci,200049484,7.234726962457338,6.609044368600682,5.624488054607508,7.0,5.0,5.350511945392491,2.892235494880546,5.976962457337884,5.603156996587031,7.67320819112628,9.277730375426621,4.899317406143345,4.0,9.331740614334471,7.716040955631399,10.0,8.0,5.6016211604095565,6.952986348122867,5.793600682593857,8.620819112627986,7.4669795221843005,9.09863481228669,8.754351535836177,9.156996587030717,7.536092150170648,9.0,7.0,7.041830204778156,11720,13.0,901.0,True,0,0.0,2,2,0,0,203.0
CC Conflent-Canigó,epci,200049211,6.760950332420806,7.6626417676965195,7.688355494720375,7.0,10.0,3.8241102854908093,5.203070003910833,3.9150371529135706,7.263932342588971,7.784513101290575,9.178382870551427,6.701603441533046,10.0,7.682489245209229,8.736360969886587,10.0,10.0,7.7455025420414545,9.662446226046148,8.494964802502933,9.145825185764568,7.57445248337896,8.622653500195542,8.087798201016817,5.580123191239734,2.515447790379351,10.0,10.0,7.743952176099223,20457,26.0,786.0,True,0,0.0,13,2,10,0,157.0
CA du Grand Verdun,epci,200049187,3.1393268155416862,6.0651899419170965,6.422093149103503,5.237923446011761,9.61896172300588,5.293012013420397,7.000216458025181,3.80439409791118,1.3427973592120928,7.541722284353693,8.563584544897003,7.476820953136838,7.668169847397092,5.796529456329593,6.854504130740647,7.776507089000325,7.9518741657346945,5.363036184566543,5.799776326707312,8.436126844402756,8.422489988816336,7.856091489591977,5.6943973447815575,7.30347415130416,5.7200476207655395,4.8466394891590605,6.404451820051229,7.9518741657346945,6.476858317914994,27723,92.0,301.0,True,2,5.0,1,1,0,0,107.0
CC du Pays de Craon,epci,200048551,4.555629000834957,5.31446562760924,3.789451711661564,3.0,1.0,4.603569440578903,6.8346785416086835,8.31801419426663,7.2777623156136935,5.067527136097969,4.173253548566658,3.366615641525188,1.9309768995268577,7.2697258558307825,2.886028388533259,1.0,1.4236710269969386,3.9062065126635126,2.9575215697188977,6.473350960200389,3.4796131366546064,3.674679933203451,5.960826607291956,7.110318675201781,7.88627191761759,9.745094628444198,3.35979682716393,1.1566935708321737,4.554347988151565,28745,44.0,653.0,True,0,0.0,4,2,3,0,89.0
Métropole de Lyon,epci,200046977,2.8034191517397837,5.0441010659556955,5.796459588560691,5.2168932778799,7.000739283781301,2.890463024728828,1.0,1.5253404887995647,1.0268101191791232,7.407845130772437,8.107977615573864,7.169868680607243,3.4641965722685644,2.405760264712212,6.293272589087628,5.608216774592089,3.844708222422892,8.41536451909733,9.377953470880156,9.910409387331079,5.46732959115605,5.250402709467909,3.5299713795650236,6.318965202899079,2.711908832153268,2.7818133329901453,2.374012530645601,3.9946369751996746,4.883529992215969,880252,1639.0,537.0,False,32,10.0,203,6,77,0,66.0
CA du Nord Grande Terre,epci,200044691,7.920804030649732,10.0,2.289353066722648,10.0,10.0,6.645113886847906,1.072338266680662,4.889996851054897,3.7218606766733147,6.9764528882824255,8.523022287533676,9.807686924880166,10.0,8.654140862810959,9.89316329029775,10.0,9.310520975473217,6.150047234176551,4.1288093488681294,9.415485812252895,10.0,8.954952590882055,5.615163920086771,6.5384171302613625,8.253665022217557,9.26547356635527,4.926891991182954,10.0,7.605477165149672,57172,171.0,334.0,False,2,5.0,11,5,7,0,94.0
CA Douaisis Agglo,epci,200044618,3.3841335696447272,5.0,7.8044321813152875,6.266018153011627,10.0,4.390068208061441,7.008237331829534,2.3536212035768953,1.0236512795724912,5.560615215231343,6.766004726227879,7.213895378501034,8.897755041757298,4.969561481242783,8.187491608260157,8.235915303848117,9.120431536829669,5.159906281049437,6.899285695104594,7.416015467654878,7.888282445822927,7.193788769838073,4.506626117779747,6.691761325492092,6.241091328983055,6.227751819329198,7.089100136953194,9.499583769703806,6.464108049165046,148979,631.0,236.0,False,15,11.0,70,5,17,0,77.0
CC du Pays de Mirepoix,epci,200044469,6.958836391291948,8.285863675254301,7.220743416674589,10.0,7.0,6.639699591215895,2.2588649111132235,5.727730772887156,6.454320752923282,6.959977184142979,8.551002947048199,6.39300313718034,6.595113603954749,7.425800931647495,7.669265139271794,7.892670405932122,10.0,7.361726399847894,8.869949614982414,8.127768799315524,8.013214183857782,6.626105143074437,7.727445574674399,7.349367810628387,5.491206388439966,2.8908641505846564,3.4048863960452516,9.0,7.031979547213885,10519,31.0,339.0,True,0,0.0,1,1,0,0,140.0
CC du Réolais en Sud Gironde,epci,200044394,6.947055124711801,5.6922238524418365,5.890421295325927,7.0,8.0,3.9390064975896038,6.901110878222595,5.759421504925592,3.825151959756864,5.5409767344372245,6.545629846992245,5.887109620624607,6.3651226158038146,6.571997484804024,7.096583525466359,7.6348773841961854,9.182561307901908,6.3444141689373295,6.555984070425487,8.4310207503668,7.270509327185077,7.016935652902955,7.031691469293649,7.679354433032907,7.939677216516453,6.552630475791239,10.0,9.182561307901908,6.885143875198372,23855,73.0,326.0,False,0,0.0,4,2,1,0,110.0
CC du Bassin de Joinville en Champagne,epci,200044253,4.593033474474715,8.695294399616522,4.79348086602221,7.0,7.98114564192698,5.4701605816090115,4.178956618998162,6.468243189262603,6.9382439881760805,6.505712231365343,6.596628585124231,5.608931852680355,5.514739953663018,9.146520731804745,7.537988335863226,8.485260046336982,10.0,4.036909802668371,6.763841176000639,5.584884557002477,6.689781896620596,8.638411760006392,7.53383398577934,5.802828153710953,9.341295837660782,9.514739953663018,10.0,10.0,7.1221738435727415,12517,17.0,736.0,True,0,0.0,18,0,18,0,121.0
CC Osartis Marquion,epci,200044048,1.9750177430801987,5.034634492547906,5.119328128696475,2.0,1.0,4.389661698604211,6.4078542701679675,4.529311568488289,2.2227111426543646,3.3328128696475043,2.8975632836527088,4.876058670451857,3.581949373077833,6.024674710196357,5.212112609415661,4.658717766737639,7.175207002602319,1.8379938490655312,1.3524722025076887,3.6970428199668794,3.4689141234918384,3.507735982966643,4.171256210078069,5.9788502484031225,4.984362431984859,6.660089898273007,2.099290276792051,4.692618878637331,4.031722937578153,42270,127.0,332.0,False,0,0.0,35,2,26,0,74.0
CC des Sept Vallées,epci,200044030,2.0445576280905318,5.637838567140014,5.393530542719331,6.0,8.0,5.657840590953554,7.443181434883799,5.933517725233582,4.475022767902317,4.622761156272135,4.6701858535433605,5.312274429115931,6.850305258542179,7.229432994906736,6.705737511383951,4.237089756130469,9.0,3.3807805174216616,4.064694572806692,4.509629979424562,6.383074172766216,6.533544709414106,6.513104192667049,6.789557122137147,8.044962390798394,9.207407157553885,8.14969474145782,8.0,6.099633063330907,29647,59.0,502.0,True,0,0.0,15,2,0,0,105.0
CC Creuse Grand Sud,epci,200044014,6.878200285402501,7.394946696885755,8.631411063544027,7.0,7.0,5.921514312096029,7.618232183329137,6.64534542096869,8.194661294384286,8.06136153781583,9.698648535213632,6.111978510870478,4.16217577436414,8.96994879543356,6.961638546126081,8.55854948375724,7.055149836313271,5.580374380928397,5.639973138588097,7.6146226811046756,8.075044069503903,8.28422731469823,8.710232519096785,8.13422311760262,6.955510786535717,5.105598925543524,6.11709896751448,5.874590783178041,7.176973534314254,11914,19.0,627.0,True,0,0.0,3,1,1,0,171.0
CC Vallons de Haute-Bretagne Communauté,epci,200043990,8.807633552976585,6.2224628924508085,2.8373195923299663,1.0,1.0,4.1886271916824365,2.5481657128525503,9.345812718028228,8.888095943819968,4.555735424884288,4.089924530883057,4.54729930002964,2.243005996488748,5.268770377801592,3.897717686221756,2.7029572037666156,2.5382475660639776,3.502245833238332,1.8762853690234615,6.528466221300075,2.137714038167765,3.3822704576027727,2.8219293645545953,5.382931667388678,4.1874187737978525,5.559087074488702,1.7047584304247703,1.991791878519802,4.062738385670966,43860,87.0,504.0,False,0,0.0,2,2,0,0,55.0
CC du Bazadais,epci,200043982,7.423600508905852,8.361323155216285,6.130661577608143,6.0,5.0,6.8376590330788805,8.081870229007633,6.5549618320610685,4.757888040712468,6.326590330788804,7.1482824427480915,5.425127226463104,4.220865139949109,7.962722646310432,7.045229007633588,8.694783715012722,7.610432569974555,4.695674300254453,3.662913486005089,6.594656488549618,6.431870229007633,6.466221374045801,7.646055979643766,7.55470737913486,7.619274809160306,5.940203562340967,8.694783715012722,7.305216284987277,6.649770537986188,15720,25.0,628.0,True,0,0.0,4,2,2,0,137.0
CC du Sud Gironde,epci,200043974,6.99661673553719,6.5747159090909095,6.1786157024793384,4.0,5.0,4.2894111570247935,7.09426652892562,5.103460743801653,2.9831095041322313,5.272985537190083,6.010692148760331,6.2309659090909095,6.022469008264463,5.7788739669421485,7.03592458677686,9.26095041322314,7.809555785123967,5.412939049586777,4.586415289256198,7.998527892561984,5.745196280991736,5.345273760330579,5.467536157024793,6.8482179752066115,5.854597107438017,4.297701446280992,7.843181818181818,7.809555785123967,6.030419864226682,38720,46.0,841.0,True,0,0.0,5,2,4,0,91.0
CC Pyrénées Audoises,epci,200043776,6.536710507298743,8.610203786674376,6.503396444572915,8.0,10.0,4.450932215638098,1.6310160427807487,4.925422748952161,7.617936117936118,8.528978176036999,9.871657754010695,6.4054776701835525,10.0,9.367538661656308,8.787975140916318,10.0,10.0,8.328877005347593,9.890952449775979,8.412126029773088,9.355325914149443,8.381485763838706,9.566339066339067,7.652912270559329,7.829599653129065,4.740641711229946,9.0,10.0,8.014125183242829,13838,14.0,988.0,True,0,0.0,8,2,0,0,253.0
CC Terre Lorraine du Longuyonnais,epci,200043693,6.268741067948551,6.693581915031831,6.264388722879044,10.0,8.0,7.279979212680265,6.935624269195791,8.707028712485384,7.056320644406912,4.990645706119267,6.542678965830843,5.726581785111082,8.026633753410419,7.011757827725088,5.2282707548395475,7.0,4.6844225022736135,8.233272703650773,8.588735871118617,9.640184487462648,6.062816681824088,3.4915551513576717,5.003897622450305,6.853319475120177,7.302845264388723,8.86897492529557,7.6844225022736135,3.684422502273613,6.8511108223983355,15394,63.0,244.0,False,0,0.0,1,1,0,0,89.0
CC des Vallées du Clain,epci,200043628,8.37208953545049,6.6452326496944245,3.970829740167223,8.0,9.0,3.986277229950133,9.0,7.021633984477522,5.533725769562446,3.4023096246859885,2.6726032019796784,4.193243597915338,3.7232574706610175,4.982002924524765,2.901990926474448,1.3856248359641559,2.4666116756027145,3.2109407221326536,1.5717445915038806,6.419069401222301,2.451576618799445,3.8605226650669264,4.479997000487421,5.516253608788572,4.187619511829328,3.9952007798732705,4.148775823928611,8.190694012223014,4.831779567963063,26671,70.0,381.0,False,0,0.0,2,1,1,0,81.0
"CC des Albères, de la Côte Vermeille et de l'Illibéris",epci,200043602,7.585160141708777,6.617476217023037,6.887747945402557,6.0,10.0,4.246641609869261,5.9872677900264355,3.9514449619652203,3.8492995486179797,6.941194453935656,7.193734601758772,6.391965040372615,8.780495261387955,5.684464186163613,9.031812541586492,9.314960346718939,9.832431168737749,7.45891704281835,8.758501627492942,9.391605373424209,7.489866383728668,6.1813260920387725,8.677918247702628,9.062474148938083,6.171776934558599,3.0543456759041128,7.16623806355315,9.832431168737749,7.197910591934725,55610,189.0,294.0,False,1,2.0,10,4,6,0,181.0
CA du Pays de Laon,epci,200043495,4.10358584436309,5.553459119496855,7.634093682530742,5.0,10.0,4.430230920867361,1.2785365624706655,4.782220970618605,1.7764479489345724,6.395405050220595,8.544916924809913,7.495869708063457,9.42025720454332,5.773889984042054,7.826316530554774,9.755467943302357,10.0,5.714775180700272,5.2208298131981605,7.647822209706186,7.646695766450765,7.46566694827748,4.850276917300291,6.440603585844363,6.2812822679057545,4.761170562282925,9.877733971651178,10.0,6.631341272076277,42618,133.0,320.0,False,2,3.0,31,1,11,0,83.0
CC de la Moivre à la Coole,epci,200043438,4.1424810446503795,6.05033698399326,4.342670598146588,9.0,8.0,8.460509688289806,4.901010951979781,8.204507160909857,6.295598146588037,2.380791912384162,2.0,3.5825610783487782,1.0,5.9901010951979785,2.094776748104465,1.0,1.0,1.934604043807919,1.8103411962931761,3.35530749789385,3.555391743892165,1.0,5.249368155012637,5.636794439764111,4.8575189553496205,4.189237573715249,2.0,1.0,4.036925321940065,9496,19.0,499.0,True,0,0.0,1,1,0,0,83.0
CC du Sud Avesnois,epci,200043404,1.718893457347012,6.775098798451159,9.195760648277513,7.0,10.0,4.152209492635024,6.076803321224702,2.762963554349128,3.2051015927507884,6.686679174484053,8.647598898247574,8.254800207576544,9.287573350365255,7.704163506446848,9.6089976448046,10.0,10.0,4.78495868428406,4.111732066584168,7.510997564967466,9.699892219871462,9.271206738253962,5.666839647119875,6.878926988942557,8.98459143347571,9.481577581733264,10.0,10.0,7.409548806149741,25054,139.0,180.0,False,1,17.0,19,2,1,0,82.0
CA Maubeuge Val de Sambre,epci,200043396,1.476746044430238,5.254914495764743,8.968659101805978,7.236734856960204,10.0,4.337989451813969,6.836870704810612,3.600327633050983,1.4723989132171968,5.9785520217356565,8.158430557775292,7.88101326514304,9.81793990730382,5.96689307975068,9.2120664855362,9.697690586543072,9.879894518139684,7.4883490490650475,8.718507271855522,9.230222151190667,9.14571679718715,8.078248361834746,4.302333386607001,6.506808374620425,7.44105002397315,8.112346172287038,8.65003995525012,9.879894518139684,7.261808488778283,125154,361.0,346.0,False,12,15.0,50,1,4,0,72.0
CC de Villedieu Intercom,epci,200043354,8.082290602655771,6.116700715015321,6.118935137895812,5.0,2.8537410623084782,6.600485188968335,7.084461184882533,6.570926966292135,5.485763534218591,5.970952502553626,6.9244126659857,4.338355464759959,3.1409601634320734,7.052093973442288,4.957035240040858,4.24438202247191,2.4933605720122576,5.698991317671093,5.62199948927477,6.961504085801838,4.861657303370786,6.585163432073545,7.5704800817160365,8.331843718079673,8.778600612870276,8.968335035750766,6.246680286006129,4.480081716036772,5.96929264555669,15664,52.0,301.0,True,0,0.0,3,1,2,0,121.0
CC du Pays de Mormal,epci,200043321,1.9418172047455666,5.2242362862221485,6.573891116530941,5.0,6.0,4.5761026828159235,5.532491422429829,4.8635236244884466,3.498098466371791,4.088938034806333,4.777210532842793,6.017299822247943,6.498036459840437,6.463602166094828,6.307862428175768,7.434872473233847,8.482576164689346,4.4642635690959445,4.759807366375925,6.971704352858501,5.590880906122112,5.114856764912571,4.919660204208177,5.984333016411062,5.2927328345252365,5.5557645405316025,5.281488983506263,7.723864247034021,5.533568416825619,48382,103.0,469.0,False,1,3.0,45,1,15,0,82.0
CC Cœur de l'Avesnois,epci,200043263,2.3772286203538933,5.815028707652016,7.2255313433838095,6.0,10.0,4.78907430413323,6.2489675318134505,4.488735184501225,4.074505590437498,5.959943591982003,7.538461538461538,6.720847463318,10.0,7.784440788369204,7.967061746633986,9.077997515361112,9.918309102508141,4.618675083101098,4.836953967028171,6.699492999362052,7.906893194104019,6.745055904374979,5.5570291777188325,6.656616190444213,7.101735889601451,8.382735117348822,9.323070207836686,10.0,6.921942527136767,29784,71.0,419.0,False,0,0.0,24,3,4,0,86.0
CA du Bassin de Brive,epci,200043172,4.449258508084774,6.453752116554714,5.256219414621439,3.8674618089797743,6.3011927134696615,3.860735351580671,7.028413002623598,3.703598608190834,1.7764453045047728,6.485300411216344,7.253707459576131,5.916323986379622,5.493431702733379,4.524263625030237,5.378105055542117,3.1384552406825077,4.258089425599613,5.850054890869509,6.5933982099994415,8.60230169510448,4.265029864354427,5.992175725210725,7.390162439759597,8.495497087992854,5.225164207431665,3.747632249781367,4.1935321809351915,4.2655880765867185,5.348760370121291,107497,133.0,808.0,False,3,1.0,11,7,7,0,125.0
CC du Pays Rethélois,epci,200043156,5.894988625719256,5.479961193630403,6.209052589321558,5.0,5.0,5.637227351799813,5.127258129265355,4.510002676301352,2.314298139970561,4.637026629198448,5.8236317409340295,5.019603907399973,5.198748829118158,7.135688478522682,5.847383915428877,6.322260136491369,8.503278469155626,2.415863776261207,1.2766291984477451,4.52368526696106,5.814866854007762,4.9842432757928545,4.80228823765556,6.059112806101967,7.032717784022481,8.232336411079888,7.695470359962532,7.75491770373344,5.509019374510143,29892,36.0,830.0,True,1,4.0,5,5,0,0,78.0
CC Auray Quiberon Terre Atlantique,epci,200043123,7.808019191226868,5.7065684258624625,3.187148732008225,1.0,2.0,4.5384395704820655,7.866552433173406,6.686063513822253,4.003392734749829,6.434418551519306,5.8613776559287185,4.943808544665296,2.404615033127713,4.661503312771305,6.213696595841901,5.984315741375371,5.16904272332648,3.053004340872744,1.9582819282613662,6.2830020562028785,3.689307745030843,4.050411240575737,6.756385652273247,7.766209732693626,4.07630797349783,2.7110578021475895,2.4281928261366232,4.7785241032670775,4.714987434315742,87544,164.0,533.0,False,1,2.0,13,2,11,0,135.0
"CC Chinon, Vienne et Loire",epci,200043081,6.6930000426566565,6.4338181973296935,5.389327304525871,3.0,4.0,4.722305165721111,6.0549417736637805,3.244593268779593,1.608710489271851,6.839568314635499,6.843236787100627,5.564091626498315,6.92436974789916,6.878129932175916,5.691123149767521,4.185940365994114,4.0,5.184362069700977,2.388900737960159,8.165721110779337,6.4893145075289,6.975045855905814,7.658960030712793,7.7229023589131085,6.511410655632812,4.678539436079,4.867295141406816,6.0,5.525557431094265,23443,67.0,349.0,False,0,0.0,1,1,0,0,123.0
CC du Val d'Amboise,epci,200043065,7.083246543365057,7.123900161608907,4.718297719518764,1.0,6.367211348536541,5.067839827617166,1.1741066618782545,4.50479439755791,1.8382115281019933,5.690429161429341,6.22826360208296,5.398060693122643,6.412820973244748,5.365990303465614,5.806141138444963,5.865864607649488,5.205063745735321,4.93409947926019,4.84797988866942,7.9616089064464,3.8200395043993534,3.285832285868199,6.484539414616628,7.620219069850961,5.248374932662956,4.125336685221764,5.2506733704435264,7.205063745735321,5.2012146320190835,27848,109.0,255.0,False,2,5.0,1,1,0,0,102.0
CC Val de Charente,epci,200043016,7.165414077178783,6.069807775690129,6.171412053764995,7.0,9.0,6.63701401936696,10.0,3.5343257696198873,1.8112443994796936,6.6907790143084265,7.16245122127475,5.790215349038879,9.0,8.155080213903743,7.906850700968348,8.488076311605724,8.755961844197138,8.020523196993786,8.891819627113744,8.096618008382714,7.7884087295852,6.871224165341812,9.04632172279231,7.89369851134557,8.333429686370863,6.001300766006648,8.511923688394276,10.0,7.456925030454441,13838,32.0,432.0,True,0,0.0,4,3,1,0,170.0
CC Perthois-Bocage et Der,epci,200042992,5.869611307420494,6.379681978798587,4.518551236749117,10.0,8.0,7.501236749116607,4.986395759717315,7.552296819787986,5.221024734982332,4.751413427561838,3.0,3.0747349823321555,1.0,7.131978798586572,4.456890459363958,6.0,4.0,1.7249116607773851,1.188339222614841,1.55547703180212,3.9796819787985864,6.601236749116608,6.370318021201413,5.264134275618375,7.9998233215547705,8.276855123674911,2.0,4.0,5.08587834427057,5660,19.0,297.0,True,0,0.0,2,2,0,0,123.0
CC du Cap Corse,epci,200042943,8.161934338952973,8.485211475894706,4.879473528541851,10.0,7.0,10.0,10.0,6.949127477077788,10.0,7.785714285714286,7.948388050872523,6.761165335699498,9.0,8.732475598935226,6.899881691807158,3.2777284826974267,8.0,6.557823129251701,6.195504288671991,8.380952380952381,8.142561372375036,5.936261461106182,8.9723454599231,7.423986986098788,4.751552795031056,1.1725820763087844,4.0,8.0,7.264809650568301,6762,21.0,322.0,True,0,0.0,1,1,0,0,248.0
CA Haut - Bugey Agglomération,epci,200042935,5.280291022064418,7.8674866852650265,6.830950418463099,5.7078683743342635,7.061802561501395,5.44112985036774,4.9895067207709864,3.714557443570885,1.9826432919097134,5.805731676388537,6.927466396145067,5.848037661678925,6.817683236114633,5.506039183362922,6.384986051230028,8.016136190717727,5.656543241186913,8.716792416941415,9.58857468932285,9.59789500380421,4.044065432411869,4.508876489982247,4.372606517879787,6.427292036520416,7.259510524980979,7.250602333248795,8.367328176515343,5.804875729140249,6.277759976993585,63095,91.0,693.0,False,2,9.0,34,4,30,0,77.0
CC Drôme Sud Provence,epci,200042901,8.005349231784335,5.7456404939202566,5.627250447733057,5.633848619096993,3.0,3.9792628899990574,1.5011782448864173,4.070364784616835,3.068668111980394,5.210905834668678,5.517885757375813,5.663163351871053,7.535300216797059,3.8025968517296636,7.29710623055896,9.404397209916109,8.356866811198039,6.657979074370817,8.551489301536431,8.836436044867565,4.7154067301347915,4.2326798001696675,5.039471203694976,6.823051182957866,5.070741822980488,4.0264398152512015,3.4554152134979734,7.673791120746536,5.66081022851218,42441,146.0,290.0,False,1,7.0,7,1,0,0,82.0
CC de la Baie du Cotentin,epci,200042729,7.504536968697087,5.472322320149351,5.924629878869448,4.0,2.0,6.174575608908957,8.034645942777754,4.947596926149438,5.701905961012461,6.498588981027222,8.152824208743976,5.092649676551035,3.2839404332913644,7.440498415317154,5.705552902357487,3.516563191941996,7.446316155081839,3.8599400859636175,4.541223461989319,5.94694568662354,5.3464160118091435,7.51100594798767,7.340120696392133,8.21825207311249,9.26253636087353,9.12143446359571,9.713020448921114,6.892502062258498,6.237519459657261,23037,51.0,451.0,True,0,0.0,9,3,6,0,126.0
CC de l'Argonne Champenoise,epci,200042703,3.7561444574485874,7.372930948002006,5.79501755559271,9.0,8.0,7.569219194114696,5.388981775622805,5.558518642367497,7.5485704731650225,6.379785988965056,8.040545059354622,4.921083430864404,6.693696706236415,8.637184417321517,6.359722454439057,5.040545059354623,10.0,3.4633840494900516,5.1732987794683165,3.978013710081926,5.88455107841498,9.985537535529176,7.30371175388731,5.729643872262163,8.699548570473166,9.21885972245444,8.693696706236416,9.346848353118208,6.912108581938042,11963,14.0,854.0,True,0,0.0,2,2,0,0,132.0
CC Sud-Hérault,epci,200042653,4.863600628930818,6.686882300089847,6.8200247079964065,7.0,8.0,4.301718328840971,1.4288522012578617,5.666329739442947,5.078784815813118,6.212881850853549,5.717093441150045,5.990959119496855,8.830974842767295,8.289645103324348,8.251853099730459,10.0,10.0,7.606974393530997,9.60309973045822,8.295653638814017,7.076201707097933,5.822832434860737,8.457154088050315,8.540262803234501,5.979672057502246,3.1014712488769094,6.367587601078167,9.35079739442947,6.905046688486714,17808,56.0,318.0,True,0,0.0,10,10,0,0,140.0
CC Grand Orb,epci,200042646,7.066385721368369,7.297174020823005,6.7319781854238965,7.0,10.0,4.670798215171046,3.349281110560238,4.996876549330689,4.349281110560238,8.133862171541894,9.71531978185424,7.196331184928111,10.0,7.635944471988101,8.141695587506197,8.29127416955875,10.0,7.210262766484878,8.688795240456123,8.501636093207734,8.372583044124937,9.17357461576599,9.071492315319782,9.074814080317303,7.684878532473971,3.854933068914229,10.0,10.0,7.721756144202847,20171,43.0,469.0,True,1,9.0,5,2,1,0,190.0
CC de la Région de Suippes,epci,200042620,2.8313878080415047,7.749805447470817,6.725032425421531,9.0,8.0,5.109987029831387,1.601815823605707,4.173281452658885,4.049805447470817,5.199092088197147,7.5136186770428015,5.14189364461738,3.5136186770428015,8.560570687418936,4.147600518806745,2.0,1.0,2.8574578469520104,4.009079118028534,4.280285343709468,4.309338521400778,6.0,2.78378728923476,4.045914396887159,6.92360570687419,8.763164721141376,10.0,1.0,5.046076523994811,7710,16.0,481.0,True,0,0.0,2,1,1,0,58.0
"CC de Granville, Terre et Mer",epci,200042604,7.846058278744071,6.4566523605150214,4.286898576914389,1.0,2.0,5.383171447933138,7.54698441382426,3.6211655748814096,1.6320307205782698,6.947752428281003,7.4313078834425115,4.997311949401401,4.731488592726452,4.854574203749718,5.676327083803931,6.835622317596567,5.696024395753332,3.066975378360063,1.581319177772758,6.1119945787214816,4.6020781567653035,6.0259769595662975,8.387644002710639,8.9734357352609,6.489699570815451,4.190670883216625,4.917573977863113,6.810594081770951,5.2893333118203225,44274,155.0,285.0,False,0,0.0,8,2,6,0,182.0
CC Dombes Saône Vallée,epci,200042497,7.413802933706526,5.055305032913492,4.113720002073291,8.0,1.0,2.5644793448400973,1.1834084901259525,4.32364069869901,2.206681179702483,2.430130098999637,2.0541906390918987,5.202845591665371,5.229072720675893,2.8261027315606695,2.7815788109677086,1.5287150780075676,1.3566578551806354,5.90955268750324,6.127714715181672,8.330378893899342,1.5560825169750687,1.6228943139998964,3.1669776602912973,4.661379775047945,2.7782356295029285,2.134193749028145,3.35461048048515,1.4821956149898927,3.5855195444683856,38587,213.0,181.0,False,0,0.0,16,1,16,0,60.0
CC de la Montagne Noire,epci,200042463,7.626456477039068,9.475496915695683,4.711960246744345,10.0,9.0,4.886394790952707,2.568368745716244,8.502398903358465,7.2239547635366685,6.208704592186429,4.1584989718985605,4.999314599040439,1.0,8.146161754626457,8.635709389993146,10.0,7.0,7.532213845099383,9.912782727895818,7.5,8.505483207676491,7.415867032213845,8.348183687457162,5.764907470870459,5.938313913639479,2.1477039067854693,8.0,8.0,6.900316997943797,5836,19.0,307.0,True,0,0.0,2,1,0,0,148.0
CC Bresse Revermont 71,epci,200042414,8.790742428846348,6.0450724197305785,4.827408082649651,9.0,3.0,5.277018130254229,7.430770789020561,4.087511394712854,2.900030385900942,5.804416084270232,5.979540160032411,4.758432087511395,8.0,7.825787501266079,5.11485870556062,8.38245720652284,3.0,6.373037577230831,8.404132482528107,6.29727539754887,3.7096120733313076,3.939937202471387,7.869644484958979,7.538944596373949,8.876126810493265,8.122455180796111,7.0,3.0,6.119828970786128,9873,34.0,290.0,True,0,0.0,8,3,0,0,140.0
CC des Coteaux Arrats Gimone,epci,200042372,6.422166058223345,6.074042871852476,4.049705139005897,5.0,5.0,7.971637180567257,3.7455770850884584,7.666385846672283,7.115978657680427,5.052045305625761,6.391743892165122,4.9062061218758775,1.0,6.727417392118319,4.136946550594402,6.132266217354676,4.415332771693344,5.1171955443227555,5.307217073855658,7.108958157820837,4.291116727510999,6.603950201254329,7.367593372648132,6.926612374801086,4.540952915847608,3.1539829635870076,1.716933445661331,3.8491996630160066,5.278255840387265,10683,26.0,410.0,True,0,0.0,1,1,0,0,119.0
CA de la Porte du Hainaut,epci,200042190,1.8209259714010464,5.121315728165121,7.9124841799051735,7.12549034423267,9.898940289767468,3.4331463256452395,6.374311314279957,3.409194229836856,1.7515379335965293,4.807608757248909,6.839406360780017,7.260419224642198,9.011541585598518,5.766215203662076,8.277854385865494,8.64207861878766,9.543682351385558,5.436149782454019,7.173967522368512,7.697822021571998,7.665382169415113,7.127964890408458,3.696348627665804,6.0855009224453305,7.243815208699321,8.367914014242809,8.423090727063224,9.43980178444373,6.619782516984957,158831,424.0,374.0,False,22,19.0,65,3,7,0,65.0
CC du Mont des Avaloirs,epci,200042182,4.611936571357223,6.607628917467848,4.937819952553378,5.0,2.0,5.057123236359096,5.959920089898864,5.083218878761393,5.640092396054439,7.098639031090023,7.063678361842927,4.465538768885004,4.0,8.052815582469721,4.618304407541515,4.294668497939818,2.0,5.15694843301286,5.864839555500063,6.117680109876389,4.65601198651517,3.940816581345986,8.420714196528905,8.566175552503434,9.346235485079285,9.76014483705831,7.0,1.0,5.582891122487203,16018,29.0,552.0,True,0,0.0,6,2,4,0,145.0
CA Lorient Agglomération,epci,200042174,4.770484091477069,5.729410554066437,4.516633753607778,3.1186781200844798,8.55933906004224,4.655378222498812,6.064447526130356,3.583590185864862,2.3179597496974123,7.322365036041025,7.489177892224841,6.177470807015137,4.732835798954296,3.9269820113390796,6.490946867052476,6.060752769842164,5.803217476099239,4.698343239919049,2.8129835892058233,8.119604259260166,5.994506867640501,6.089472884703023,6.587588755004337,8.305474021551111,4.659621802002225,3.367451843212968,3.8151396804084814,6.432281585511067,5.435790658944875,204106,277.0,736.0,False,6,2.0,19,7,9,0,118.0
CC Bruyères-Vallons des Vosges,epci,200042000,6.384691520950182,7.548927746618277,4.5115803365225995,10.0,7.0,4.2905311778290995,10.0,6.346420323325635,4.645265588914549,5.503728142527219,7.980006598482349,6.05641702408446,6.812405146816232,7.1401517650940285,6.90498185417354,9.203101286704058,8.406202573408116,4.089145496535797,5.606532497525569,6.137710326624877,5.601253711646321,4.722863741339492,6.446255361266909,6.63978884856483,7.862619597492577,9.16357637743319,6.01550643352029,6.812405146816232,6.708288165150585,15155,68.0,222.0,True,0,0.0,3,2,2,0,104.0
CC Haut Val de Sèvre,epci,200041994,7.587007337185897,5.456204142588144,4.816635283423154,2.0,2.0,4.937406661905071,10.0,7.397084604895786,6.393221219401338,4.460164924355562,3.9707161872605674,4.960392182325823,5.592623855593793,4.542821894682164,4.217161223297189,5.407700798649438,1.9392247256671644,4.072949808453997,2.4669177326147653,7.0687293032919944,3.67774819816895,3.8659827283942603,5.1644698396208035,6.233978313096552,5.866761898578014,5.51908966950198,2.1416466463216675,1.3756898902668657,4.754726038197892,30802,88.0,350.0,False,0,0.0,2,1,1,0,89.0
CC Pévèle-Carembault,epci,200041960,1.516496706921206,5.013631571805818,3.9896562881626605,1.0,1.0,2.8044714895571303,7.789472585510453,3.227509472168004,1.6523531683488681,3.3253102591668666,2.7713528239063954,4.8858956026177625,2.4730865176865993,4.1991921258363165,3.8630371475988183,3.2756896677695786,4.028828791215673,3.63872159654305,3.1373594831275375,6.54730865176866,2.5048274134457817,2.7048649889882785,3.8159215923679897,5.428079367895874,2.6102372478002653,2.7531808740488692,1.3894704979803145,3.3413424906322087,3.3816892293882495,95810,306.0,313.0,False,2,2.0,46,2,1,0,72.0
CC du Val Marnaysien,epci,200041887,2.5831182420648764,5.784304150680153,4.153679804673875,8.501360306941054,6.493198465294733,5.320544122776421,9.98200209277991,4.436623648412975,3.38702476456226,3.681757935123823,2.4171607952563656,5.3966515521451,3.0,5.549494244855249,3.0673875130798742,1.0,1.0,2.9381234740146494,3.3462853156609698,3.9922567143355425,4.126055109870945,3.0622950819672132,4.113637949075689,4.778165329612836,4.229926752703174,4.0901988140913845,4.0,1.0,4.122544720713538,14335,47.0,305.0,False,0,0.0,2,1,0,0,71.0
CC Terres de Saône,epci,200041879,4.775795307873358,7.163692961810037,5.523954141674892,9.0,4.0,6.015868195277504,9.547490699263534,4.6572014273783315,3.512109938501253,6.042821349935465,6.729785134006529,4.789917242426543,5.4470427454255566,7.690911851795612,4.828107205223597,3.0,6.0,4.074709589249108,5.211449396401185,5.733429504213803,5.011084959380457,8.53078733581353,5.600182218510364,5.8299293903272345,8.054741477488422,7.704730088831524,7.670564118138334,6.776478627287222,6.03295660379405,13171,35.0,376.0,True,0,0.0,11,1,8,0,101.0
CC du Triangle Vert,epci,200041861,7.181242078580482,7.334419699438711,5.034854245880862,9.0,4.0,6.001086366105378,10.0,6.1188665580300565,3.822650733297121,3.960981350715191,2.28535216367916,5.471030237189933,2.0,6.337045084193373,4.640141227593699,5.0,3.0,2.7364656889371717,3.1054680427304002,3.744975556762629,3.9920333152272316,5.972569255839217,4.737552055042549,5.353521636791599,6.803910917979359,6.688484519282999,4.0,2.0,5.011523240474898,11046,29.0,380.0,True,0,0.0,6,2,1,0,85.0
CC du Pays de Montbozon et du Chanois,epci,200041853,7.07816301703163,7.005474452554744,5.8946167883211675,9.0,4.0,6.895225060827251,10.0,8.235401459854014,6.074209245742092,4.822232360097324,5.363138686131387,4.4721715328467155,1.0,6.742700729927007,3.3017031630170317,4.0,2.0,2.6858272506082725,3.140206812652068,3.6405109489051095,3.729014598540146,7.4992396593673964,5.107968369829684,5.211222627737226,6.069951338199513,5.816757907542579,3.0,2.0,5.135204857490442,6576,27.0,243.0,True,0,0.0,3,1,2,0,84.0
CA du Pays Nord Martinique,epci,200041788,8.052364694236248,10.0,9.838875532839047,8.0,10.0,6.536344168569062,1.0573849976767207,6.0106971858017335,3.744722115598295,6.731085476474272,7.527374290389705,9.965696276692459,10.0,8.442200852542475,9.857128426836907,10.0,9.95500919210489,3.215741732156205,1.5094143316026587,6.525626780338997,10.0,7.859845653447544,6.1018303400068685,7.295763550778804,8.174953029354128,8.073930786480535,5.503979878381381,10.0,7.499284617582462,99009,191.0,518.0,False,2,3.0,12,7,4,0,117.0
CA Rochefort Océan,epci,200041762,5.304995728794254,5.199560224001012,5.617964374980226,4.11896098965419,8.118960989654191,4.898044736925365,9.927436960167052,3.3483721960325243,5.011263327743854,6.259278008036195,6.90192046065745,6.089458031448729,8.39347296484956,4.653035719935457,7.419986079033126,9.253946910494511,8.086531464548992,4.274037396779194,2.2995697155693358,7.519853197076597,6.132707944442687,6.313759610212927,6.72642136235644,7.781282627266112,6.0248362704464204,4.1236909545353875,7.410273040782105,7.507355965450691,6.239892044709808,63219,148.0,427.0,False,2,4.0,34,3,12,0,129.0
CC de la Haute Comté,epci,200041721,6.59729653618699,7.634694452266967,5.376513658124472,6.0,4.0,7.178879188960856,9.8680934947902,5.374035482962546,5.52385243593354,6.230245001408054,5.590481554491692,5.72064207265559,8.109321317938608,8.628499014362152,6.704984511405238,8.714502956913545,5.143001971275697,5.143452548577866,6.588622923120248,6.939622641509434,5.50887074063644,7.419036891016615,7.525429456491129,7.659476203886229,9.218473669388905,9.613742607716135,8.752069839481836,5.357251478456773,6.86146759464135,17755,38.0,467.0,True,0,0.0,14,3,5,0,130.0
CC des Vals de Saintonge Communauté,epci,200041689,5.556599432471815,6.126907738323491,6.585627732188051,6.0,7.0,5.782517831122019,9.461749367282767,5.445375412224863,5.881892783188895,6.289803665925301,7.139427870235448,5.721297645524964,7.983280926451415,7.489972390520745,7.170143415906128,8.139734642227165,6.736022701127387,5.167229081984814,6.417976838714625,6.160575964414449,7.047913950456324,6.244401411151162,8.26543446583327,7.800809111128154,8.279986962190351,5.980078993787867,10.0,7.131988649436306,6.893098177993491,52158,36.0,1448.0,True,0,0.0,26,1,4,0,150.0
CA Ardenne Métropole,epci,200041630,4.296404251990547,6.165723884099498,8.42189725728495,6.64846972803399,10.0,4.118625925285511,1.0792513730043063,2.842180668428723,1.274979621075513,6.386763168078782,7.660524170639528,6.754893000354058,9.219260759660434,5.354692092977299,7.869541947648807,8.888216452996732,9.812785613714398,5.69672866800056,7.822361649745984,8.13657584665168,7.73426705860073,6.666921917842057,5.845128407809039,7.277161606929658,7.031717017019489,6.810241335869377,8.47922996484121,9.81177284292172,6.718082722553734,121466,213.0,570.0,False,7,9.0,24,5,12,0,98.0
CC Ardennes Thiérache,epci,200041622,5.488572307061597,6.585938300707185,5.33268422670903,10.0,10.0,6.779850363841344,4.356871989340986,5.220149636158656,4.9636158655324385,5.512965050732808,6.711899149328687,5.4630521676744905,3.0,8.750025622629908,6.477708311981142,5.0,9.0,5.264323050117864,7.651429742748796,7.941682894332274,7.572819514194937,8.066721328277135,5.48580506303167,5.508455467869222,8.006866864815004,8.66967305524239,9.0,9.0,6.8146824990117,9757,22.0,443.0,True,0,0.0,4,2,0,0,92.0
CC Aunis Sud,epci,200041614,7.003004130679685,5.549568156214796,4.9035548879709605,2.0,3.0,4.619883589936162,10.0,5.050569533108024,5.588246338715734,4.242051570910001,4.444955563900363,5.338653148078608,8.024408561772438,5.699054950557016,6.463668794592564,8.568469145074477,7.6829390411816245,3.483383402177995,2.625297283765177,6.5395230942546,4.709538114907999,5.454562523469771,5.3765802979096255,6.75259732131681,6.865314807860809,6.175960695956941,8.568469145074477,6.895575165853048,5.772351045187134,31958,68.0,469.0,False,0,0.0,20,1,11,0,90.0
CC Dronne et Belle,epci,200041572,8.690488888888888,7.757866666666667,5.937777777777778,6.0,6.0,4.9112,8.25671111111111,8.008711111111111,7.0368,6.739288888888889,5.741066666666667,5.0568,5.0,8.882044444444444,5.931377777777778,3.449866666666667,8.0,7.0344,8.672355555555555,8.652622222222222,5.432266666666667,5.0297777777777775,8.787466666666667,8.067466666666666,8.074577777777778,5.6624888888888885,5.0,7.3443555555555555,6.755634920634921,11250,21.0,535.0,True,0,0.0,3,2,1,0,187.0
CC Portes de la Creuse en Marche,epci,200041556,7.1877261761158024,6.765078407720145,8.358715319662243,7.0,8.0,4.2092882991556095,4.631182147165259,4.128769601930037,4.440591073582629,7.395205066344994,6.37711097708082,5.988238841978287,1.0,9.447074788902292,6.268697225572979,7.0,6.0,7.031966224366707,8.525331724969844,8.00829312424608,7.675361881785284,7.509197828709288,9.602533172496985,8.969089264173704,9.367008443908324,7.6646562123039805,9.0,6.0,6.912539850077546,6632,19.0,349.0,True,0,0.0,2,1,0,0,218.0
CC de la Haute-Saintonge,epci,200041523,8.039478322171307,7.0148043708142405,6.330410645047586,6.0,5.0,5.576988602984374,6.8549671013981905,5.862956761837622,4.796116790036423,5.98023146516273,6.688887909763835,6.211446951004582,7.768387968511338,7.569219245682058,6.530108095405946,7.311258958994243,6.079690988133004,5.162128422042064,5.576342380448831,6.910835976970978,6.518799201033956,6.81219891904594,8.013144753847962,7.945746680766067,8.553709904829045,6.747708847373986,9.065033486076842,7.073023146516273,6.714058067710694,68088,37.0,1840.0,True,0,0.0,53,4,22,0,140.0
CC du Bassin de Pont-à-Mousson,epci,200041515,4.74257474672597,6.265628860884606,5.382777365950086,2.0,6.426340499135162,4.874178403755868,8.003681739560168,4.625698047936743,1.852532740301458,5.132122559920929,6.697825549789968,6.4980726464047445,8.378477884852977,5.716802569804794,6.427081788979491,4.568890536199654,8.321522115147022,6.363503829997529,8.065653570546084,8.098295033358044,5.347961452928095,4.0753644675067955,4.512898443291327,6.302940449715839,5.436446750679516,6.311168766987892,2.921645663454411,6.795725228564368,5.719493275442127,40473,150.0,269.0,False,1,3.0,3,1,2,0,80.0
CA La Riviera du Levant,epci,200041507,7.798997322040232,10.0,2.0,10.0,10.0,7.121442361586847,1.0,6.533957152643707,4.10269664320857,7.357367503269602,8.86115089991904,10.0,10.0,7.351373232857943,9.828112349754,10.0,9.584480288970543,7.17791305972473,6.674005106807,9.955408855950676,10.0,8.21451703306969,4.469172323597185,5.874665255028959,5.7122905897739304,4.22040231674659,4.485551472877873,9.584480288970543,7.425285144885633,64239,310.0,207.0,False,0,0.0,8,4,2,0,89.0
CC Aunis Atlantique,epci,200041499,6.607294289121505,5.307903802835564,5.367463892937591,2.0,1.0,3.9340466410494237,10.0,6.093050218629919,5.3373857161786145,3.6351861666887504,4.444149993374851,4.580098052206175,4.349642241950444,5.4926460845369025,5.149860871869617,4.185769179806545,4.892208824698556,3.2273419901947795,1.7409566715251092,6.577812375778455,2.4468994302371803,3.17513581555585,4.059129455412747,5.609447462567908,5.374817808400689,5.757188286736452,5.547866702000795,3.892208824698556,4.635196814249748,30188,68.0,443.0,False,0,0.0,24,1,14,0,68.0
CC Val Eyrieux,epci,200041465,6.879597861645257,8.525253331205617,5.4152238091438605,6.0,3.0,3.6048831085933135,4.398707412431182,3.490784329370462,5.067661373972712,7.817761110667837,8.135482326657623,4.293624830447619,7.6975185510252935,8.280140429266735,5.395196680762786,8.26936886619325,3.0,4.194446660815447,3.095906806032075,5.854224846405489,4.437644618207931,6.673741322907524,8.491103486794861,8.164366073565786,8.475863719779781,7.85390568898109,3.0,4.0,5.839728830174054,12533,24.0,522.0,True,0,0.0,3,2,0,0,182.0
CC de Domme-Villefranche du Périgord,epci,200041440,8.518514192267258,7.604251839738349,4.403107113654947,7.0,7.0,4.937740918117043,3.499591169255928,7.403691157575049,5.985982945917533,6.424950356266791,5.921738114706226,5.547950005840439,10.0,7.800140170540825,7.292255577619437,10.0,9.0,7.913911926176849,9.459642565120896,8.210022193668964,5.76976988669548,4.634038079663591,9.18210489428805,8.078495502861815,7.6568157925476,4.189697465249386,7.0,8.0,7.086943280991874,8561,22.0,389.0,True,0,0.0,1,1,0,0,210.0
CC Airvaudais-Val du Thouet,epci,200041416,8.37799043062201,7.225750326228795,4.915905466144701,10.0,3.0,6.134551254168479,9.0,6.725822821516601,5.401478903871248,7.18283311584747,6.113237639553429,3.411048281861679,1.0,8.822676526025809,6.112947658402204,3.522836015658982,6.385819921705089,4.084964477308975,4.743366681165724,5.8294910830796,5.190807597506162,5.6325938813977094,8.820211686240395,8.432651877627954,9.2972306800058,9.31636943598666,7.431491953023054,4.431491953023054,6.305127488141843,6897,30.0,229.0,True,0,0.0,4,2,2,0,156.0
CC Rhône Crussol,epci,200041366,7.03440217712832,7.426344435898953,2.6042418505590725,1.0,1.0,3.2569366384665446,1.1493817665503165,3.859048689581731,1.3781873040288706,5.168342897710466,4.759125599006094,4.853310063302373,2.474383245577708,3.810270366207182,4.230521209252795,6.473880376264568,2.769094243625392,4.30938294977223,2.6293557356682244,7.689019700644856,2.352540969058747,3.03117789741466,6.236200674436491,7.385049991125836,3.3108028160681537,2.0753416553274566,1.6256285866414246,2.3182275335739218,3.7932214061747276,33808,167.0,202.0,False,0,0.0,3,1,2,0,109.0
CC de Parthenay-Gâtine,epci,200041333,7.9538156908915765,6.33142459595419,6.192791394626994,5.0,6.821443861714653,5.079631809911163,9.129000321096008,7.507973884191373,4.405544257733062,6.230573691533769,6.230439901530557,5.031601198758429,6.0,6.600422776410147,5.803087873274109,5.249090227978165,7.095258482286203,5.390613293374719,6.647302793535267,7.487530771700738,5.743390773841378,6.9756769774162475,8.132719683185272,8.249545113989083,8.624076848977845,8.64952370758857,7.821443861714653,7.095258482286203,6.695685081267868,37374,44.0,849.0,True,0,0.0,15,3,11,0,142.0
CC du Pays Rhénan,epci,200041325,5.582554177456726,5.462968515742129,2.7488346735723046,1.0,2.0,3.6825678070055883,10.0,6.99266730271228,4.906337740220799,2.9934305574485482,1.419871882240698,4.450620144473218,3.8667030121302983,4.039089546136023,3.21777293171596,5.033937576666212,2.1290718277225023,6.972631865885239,8.250756439961837,9.102030802780428,1.9638544364181545,1.132397437644814,4.86269592476489,6.3349325337331335,6.316178274499114,7.237672073054382,1.7341692789968652,1.1350960883194767,4.4488872446893435,36685,225.0,163.0,False,0,0.0,1,1,0,0,93.0
CA du Niortais,epci,200041317,3.403323487186257,5.323825475667915,4.75697618772587,1.9743395105529795,7.461509265829469,3.818429347018928,10.0,3.864981270317992,2.3527038399973597,6.240309246027162,6.52295417416129,5.962631396557699,4.7683625142329085,4.144004026469084,4.843924817241208,2.837489067476361,6.742413241142593,5.148146009010049,3.846796151751679,8.24001221142263,5.594498259047179,5.571783362761762,5.81122625785904,7.1779732338817475,4.097105562798066,2.9492565883925477,3.4457911846730145,6.3581659763362435,5.116390416626395,121215,147.0,824.0,True,3,2.0,13,5,0,0,100.0
CC de la Plaine du Rhin,epci,200041283,3.478913043478261,5.251956521739131,4.92625,8.0,2.0,4.559293478260869,10.0,9.777663043478261,9.575652173913044,4.52375,2.594891304347826,3.8471739130434783,1.0,5.279673913043478,2.846413043478261,4.093695652173913,1.343804347826087,9.572608695652175,10.0,9.980652173913043,3.106086956521739,1.593695652173913,4.090597826086957,5.907989130434783,7.333641304347826,7.038097826086957,2.343804347826087,1.343804347826087,5.193218167701864,18400,123.0,149.0,False,0,0.0,1,1,0,0,100.0
CC de la Vallée de l'Homme,epci,200041168,8.076795085114552,8.750479969281965,5.454690899782414,7.0,7.0,4.600921541021375,6.274094457954691,7.214130295661078,6.499552028670165,7.308268270830667,7.693587610392935,5.300716754127736,8.331626775886344,8.31377191859721,7.693395622680148,9.140023038525534,9.0,7.680468450019199,9.151158325867144,8.565211826443107,6.50691155766031,5.957250735952899,9.16005375655958,8.524766414949443,6.949571227441444,3.557340330218866,5.0,9.0,7.275170960487102,15626,29.0,538.0,True,0,0.0,2,2,0,0,203.0
CC du Terrassonnais en Périgord Noir Thenon Hautefort,epci,200041150,7.816558514208995,7.342358469456254,6.187872007160439,6.0,9.0,4.57552025061535,7.149026627880958,5.332602371895279,5.349608413515328,6.556992615797718,7.175923025285298,6.085253971805773,9.163168494070263,6.840008950548221,7.199015439695681,9.92307003803983,8.557887670619825,6.679391362720967,8.194674423808458,7.515506824793019,5.924278362049676,5.996509286193779,8.164197807115686,8.232714253748043,8.050481091966883,5.776415305437458,8.557887670619825,8.557887670619825,7.210886104273888,22346,38.0,588.0,True,0,0.0,4,4,0,0,152.0
CC Vallée de la Dordogne et Forêt Bessède,epci,200041051,8.369697640934765,7.526747148078414,4.8111640270240335,7.0,7.0,5.805626315206557,5.612692435485657,5.910067560084173,5.157049507143649,7.251522870749806,7.607930003322627,5.720677815926459,3.0,7.319304463395725,7.292834200908184,9.0,6.0,7.999335474581903,9.71082068889135,8.28652120943626,5.7953261712260495,5.903200797430502,9.114852143094474,8.311662421087606,7.596522316978624,3.48909070771957,9.0,7.0,6.878308782810945,9029,35.0,257.0,True,0,0.0,2,2,0,0,200.0
CC Cœur de Savoie,epci,200041010,8.935243846547866,6.728735880085191,5.621626722023024,1.0,1.0,4.311352546302537,2.8873911519693745,4.265090448332569,3.1561211010163643,4.583101932979268,5.132828296444073,5.228344970749198,4.806863828754752,4.42733130240207,3.4114253363168254,2.8787102687838675,2.7241528051114767,5.986466449195266,7.342409619065592,8.335049739843097,2.468012832609926,3.1543957080850835,4.637937077076537,6.063408190224571,4.265333081713531,3.428140080338608,4.911654490065511,2.523737632437387,4.436245190659771,37093,112.0,331.0,False,0,0.0,5,2,2,0,79.0
CC des Hauts de Flandre,epci,200040954,2.424158718901062,5.187181545008306,5.475708766494336,2.0,3.0,3.9009499990667984,9.05218462457306,5.827861662218407,3.6178166819089568,2.761623023945949,2.688497359039922,4.2972806510013255,4.799324362156815,5.674014072677728,5.298493812874447,5.008081524477873,6.102689486552567,2.4610201758151513,1.6450848280109744,5.042031392896471,3.0676757684913865,3.139718919726012,4.204576419865992,5.593142835812539,5.332854289927024,6.647809776218295,3.151290617592714,4.582597659530786,4.3565596062423175,53579,118.0,454.0,False,0,0.0,34,2,1,0,76.0
CC de Flandre Intérieure,epci,200040947,2.804905207020834,5.122708315019389,4.805725671755502,2.4170305037067426,2.834061007413485,4.286234750588488,8.835877750754534,4.345200769674061,2.220597571815083,3.994666979224661,4.268497084419961,5.17113526923941,6.086480890008889,5.257752903370743,5.081440892353073,3.8854865648899697,6.56453834207519,3.149031558589973,1.8817261015227436,6.247057559508112,4.149129232963148,4.966868852619139,4.499213721295944,6.2402398882605175,5.2397808187065955,6.138932028403707,3.513552319277991,5.50123558082066,4.625325290546376,102390,160.0,639.0,False,1,1.0,63,2,2,0,82.0
CC Carmausin-Ségala,epci,200040905,6.762699905926623,6.773283160865475,7.061214890471711,6.323814003494154,8.0,5.865777449267571,1.6502486224969761,4.550866818975944,3.1867356538099716,6.735385028893966,7.769553823410832,6.275769385835237,8.747244993952426,6.214319311920441,6.831608654750705,9.395343367826905,8.647628006988308,5.887615911839807,6.247144201048246,8.102371993011692,6.982562827576938,8.446142991533396,8.50376293508937,8.74711060341352,7.647560811718855,6.212572234914662,8.344241365407875,8.647628006988308,6.948578820051068,29766,61.0,487.0,True,1,6.0,10,2,4,0,143.0
CC de Portes Sud Périgord,epci,200040889,8.409485320337573,6.425294187566861,5.8463092832521095,7.0,7.0,5.413526684892428,7.439676690835611,8.935932485439201,7.456674194698681,5.525496255794604,5.909188161179127,5.4769998811363365,7.0,7.079638654463331,6.505527160347082,10.0,5.0,8.576488767383811,9.92404611910139,7.815999049090693,5.460953286580293,3.2217995958635446,8.827647688101747,7.947699988113634,6.850231784143587,3.437180553904671,5.0,4.0,6.695921278293797,8413,29.0,290.0,True,0,0.0,2,1,1,0,177.0
CC du Pays de Fénelon,epci,200040830,8.615480519480519,7.4991168831168835,5.139220779220779,6.0,7.0,4.150649350649351,3.890285714285714,5.699844155844156,3.494753246753247,5.544831168831169,3.112,4.115844155844155,4.0,6.659948051948052,7.028883116883117,8.161454545454545,7.0,6.858909090909091,8.732883116883118,8.481766233766233,5.271272727272727,4.470337662337663,8.480831168831168,8.222441558441558,7.4928831168831165,3.8957922077922076,7.0,7.0,6.179265306122448,9625,29.0,331.0,True,0,0.0,2,1,0,0,174.0
CC Briance Sud Haute Vienne,epci,200040814,6.8611263585464926,7.564825996267428,1.882753320891426,6.0,10.0,4.032275771215281,9.0,8.52343835766824,8.0251399714568,5.291799319354484,6.02700625754748,4.788780327148974,1.0,7.189702492040839,3.4768909869359974,3.0,1.0,4.6973323087056755,5.105390273356021,6.799978043693051,3.105719617960259,3.015918322538149,6.676693380173455,7.812163794049841,5.579097595784389,5.036886595674607,2.0,1.0,5.16046139610746,9109,27.0,337.0,True,0,0.0,2,2,0,0,111.0
CC Val Vanoise,epci,200040798,8.674332019272887,9.003504161191415,5.2886552781427945,8.0,2.0,7.909877354358301,7.54029785370127,3.4937582128777924,4.729851073149365,7.534603591765221,5.6296539640823475,5.773543583004818,1.0,7.7631406044678055,1.211454226894437,1.0,1.0,7.691852825229961,6.735216819973719,9.53197547087166,2.246495838808585,1.0,4.425646079719667,6.065703022339028,3.5676741130091982,2.443495400788436,1.0,1.0,4.759311839058882,9132,21.0,434.0,False,0,0.0,2,0,0,0,95.0
CC du Perche et Haut Vendômois,epci,200040772,6.193859839444565,6.889563896723801,5.665871121718377,8.0,3.0,5.88782816229117,6.30733347797787,4.458884790627034,3.630939466261662,6.0802777175092215,6.967346495986114,5.231286613148188,6.0,7.8641787806465615,5.009763506183554,3.0,5.0,3.4982642655673684,2.5229984812323716,5.693425905836407,5.033195921024084,2.956389672380126,7.239965285311348,6.8843566934259055,8.613799088739423,9.422651334345845,9.0,6.0,5.787577875585036,9218,23.0,400.0,True,0,0.0,2,2,0,0,119.0
CC du Sud Corse,epci,200040764,7.281081853245084,7.964525498785772,6.902195133565068,7.0,7.0,9.763106518737203,10.0,4.928146278748631,10.0,6.2902242750345225,4.7079662873196515,6.8685776867768205,5.151849911908957,5.980572353697443,7.6047807247273935,9.0,4.929479548592925,9.238274367887243,9.658349602399886,9.97438217227751,3.9071472787010144,6.126803485548307,5.254654540259987,7.187752964144565,4.006047331079472,1.2216084948335793,5.419075282129422,10.0,6.905950056800016,21003,35.0,600.0,True,1,4.0,3,3,0,0,94.0
Grenoble-Alpes-Métropole,epci,200040715,3.2861393525884774,5.511259135406273,5.545470276781461,4.724987190205226,8.609811403863613,2.650229677372958,1.1907805434948715,1.934813875929272,1.1429528150085848,7.434083492893935,7.977933443003155,6.831214098864647,3.0745192955961276,2.8347244320990983,5.715056228257059,5.200363168918494,2.8925775104950424,8.033804374207815,8.792065568170582,9.586427910070746,4.891042582454626,4.978663826038492,4.241682622726823,7.1127104626807975,2.698414731713456,1.8953821813507368,2.145555225946801,2.7529125428116825,4.774484927462531,445055,821.0,542.0,False,10,3.0,57,5,15,0,76.0
CC Enclave des Papes-Pays de Grignan,epci,200040681,5.618397964555185,7.341945955430777,6.8583523425162305,6.0,8.0,6.878882260045622,1.6728812072293384,4.450736971398491,2.08172486401123,5.9821459905246535,6.7997017020529915,6.362124934198982,10.0,6.066064221793297,7.341945955430777,8.986532725039481,8.826811721354623,7.249956132654852,8.6827513598877,8.736839796455518,6.613616423934023,6.048648885769433,7.755922091595017,8.015134234076154,6.8725214949991225,3.9387173188278646,8.826811721354623,8.826811721354623,6.815570714160379,22798,61.0,373.0,True,1,7.0,24,2,3,0,137.0
CC de la Matheysine,epci,200040657,7.475434059844846,8.159005752282443,5.846429890759407,2.0,6.0,5.328935563881999,5.133041321441765,5.371734656182384,4.0596865269935085,6.456013509947755,9.178426302179535,5.772916776610903,9.26011926750752,6.9648002533115205,4.944271465512692,2.5202385350150402,7.52023853501504,4.548261121958943,5.431210090242229,6.565201329885482,4.956937041532535,5.636550741463929,6.247453691487677,6.389466462610164,5.6954984431896145,4.187556071560505,5.780357802522561,5.780357802522561,5.828933679123662,18949,26.0,728.0,False,0,0.0,5,1,1,0,110.0
CC Pays d'Apt-Luberon,epci,200040624,3.486749965673486,7.560174378690101,5.654915556776054,7.377900590416037,10.0,4.498318000823836,4.949745983797886,4.130749691061376,4.116469861320884,6.732321845393382,7.470856789784429,6.261842647260744,10.0,5.880234793354387,7.720204586022244,9.399354661540574,9.89492654126047,7.644926541260469,9.564945764108197,9.213545242345187,5.710455856103255,3.3614581903061924,8.737196210352877,8.569991761636688,5.347178360565701,2.0072428944116436,9.482974049155567,9.062680214197446,6.9227628920578255,29134,45.0,647.0,True,1,11.0,3,1,0,0,151.0
CA Villefranche Beaujolais Saône,epci,200040590,4.2943621076387455,5.500846303100359,5.886471535317673,5.998582614319724,5.4992913071598615,3.6474012302357264,2.2703353562041584,2.3221043360992994,1.4768333126917943,6.102877430541221,6.604466829046774,7.08655685367901,7.7199493594242385,2.9317590719564053,6.188195791878242,6.5342993573600845,4.586219708541469,7.327526180352007,8.389120532826928,9.287935708486424,6.202947611773934,5.3142605512667025,4.82892292449325,7.5029930231598065,4.7692138325833575,3.6486672446297597,5.123092377767686,7.890242056447729,5.533409805320799,72675,435.0,167.0,False,5,12.0,17,2,6,0,77.0
CC Beaujolais Pierres Dorées,epci,200040574,2.961246729781107,5.66859272364533,3.6359752310327305,8.0,1.0,3.4015922907530443,1.685230844516384,3.7524985413412133,1.72091622593213,3.1068114659991344,1.8105249289492011,4.675669571436638,2.6535732434924997,3.6195065027949784,2.8164160283073914,1.9583482336112628,1.4094408160960645,5.490655173062807,6.027234571154317,8.147936233084263,1.7638854905798875,1.9702245393461444,4.402025183038151,5.969603433024035,2.2824904481376223,1.8336376126931546,1.3616156292936328,1.2170296060680206,3.369381474898969,53131,211.0,251.0,False,0,0.0,2,2,0,0,71.0
CA de l'Ouest Rhodanien,epci,200040566,5.948763041416377,7.900094846664559,6.007488934555801,3.0,4.0,4.41797739487828,2.0079038887132468,4.224944672779007,2.623676098640531,6.162800347771103,7.766025134366108,5.5260037938665825,8.394245969016756,6.4706963325956375,5.729469649067341,8.503655548529876,5.296079671198229,5.651280429971546,6.209709927284224,8.183310938981979,5.205955580145432,6.219431710401517,6.00430761934872,7.336448782801138,7.5773593107809045,8.207674675940563,7.0532129307619345,5.026952260512172,5.951981053249626,50610,87.0,581.0,False,1,3.0,16,3,1,0,94.0
CC Écueillé-Valençay,epci,200040558,6.267358916478555,8.115846501128669,3.977607223476298,5.0,8.0,5.299683972911964,5.4357562076749435,6.290744920993228,7.217336343115124,8.379142212189617,9.37923250564334,5.08686230248307,9.0,9.60686230248307,6.751512415349887,4.150880361173815,6.0,5.1554853273137695,5.075214446952596,7.211918735891648,6.566410835214447,6.163160270880361,9.542031602708803,9.142302483069978,9.849300225733634,8.799819413092552,10.0,7.0,7.0880167687842635,11075,20.0,553.0,True,0,0.0,4,2,2,0,226.0
CC du Crestois et de Pays de Saillans Cœur de Drôme,epci,200040509,7.347776147023164,6.846595622487397,6.781251994129283,10.0,4.0,4.393210388615914,1.3779592878565503,3.3914874609150663,1.7254163741943718,7.454533852338714,7.86733456703465,6.94199476740476,6.615595686299534,6.335651840980154,8.713738753110842,9.676217216514582,8.83810860825729,6.082317656818327,5.998468508710356,8.11473422244911,6.531618913917427,5.265394678067769,7.077340310126986,7.921383447131644,4.296917873779593,2.1123731733775766,8.323782783485418,7.838108608257291,6.352475455117278,15671,66.0,237.0,True,0,0.0,4,1,1,0,107.0
CC Porte de Drômardèche,epci,200040491,7.52070542405894,7.09448702206038,5.759791675487996,3.0,4.0,3.5599568107719017,1.6380996739636702,7.0574586103230725,4.659630774442139,5.485434221111911,6.278676377185925,5.972032857687259,6.949612567218529,5.608438836431384,6.916267942583732,8.91802515137401,7.074416733708769,5.491933776516916,5.161387983232418,8.134098319007494,4.060126180293856,3.7721344794004317,5.268133124444256,6.88942287335394,7.189630351018335,7.14074607274421,7.655036626159123,6.243447516619384,5.874968999328572,47234,111.0,425.0,False,1,2.0,8,1,0,0,82.0
CC Loué - Brûlon - Noyen,epci,200040475,5.933992138021402,5.783577200262066,5.696331076654292,8.0,2.0,6.717405547062677,4.8958833806507975,8.704793623061803,8.269600349421271,4.665592924219262,5.0151233893863285,3.981491592050666,4.003221227342214,7.156366018781394,4.681153090194366,3.1980235859357937,1.1433173181917449,2.6331622625027298,2.4553395937977722,4.707195894300066,3.405001091941472,2.8768290019654947,4.746833369731382,6.558473465822232,7.384527189342651,9.064260755623499,7.429951954575235,1.8566826818082551,5.105861775808817,18316,39.0,469.0,True,0,0.0,3,2,1,0,78.0
CA Montélimar Agglomération,epci,200040459,5.788469582885144,5.683025576670252,5.522962232580375,5.588756424046851,7.177512848093701,4.946486195769093,1.1332466833990678,4.979622325803753,2.279281701924226,6.017822995099797,7.4232401099557785,6.286915859925899,5.111315286243576,3.9241962471614675,6.990348990080077,8.393838890880842,7.3445828851440185,6.867306083422971,7.585424883470778,9.019765148798852,5.7458019600812715,4.709080315525278,5.284017569021154,7.255572487151906,4.404535675869488,2.318841878809609,6.040695589817139,7.385278474961157,5.757426603664055,66942,174.0,384.0,False,3,4.0,9,0,7,0,87.0
CA Luberon Monts de Vaucluse,epci,200040442,5.235165476016912,7.105718763668174,5.632544831608106,7.477347280944744,8.477347280944745,4.2441500218690775,1.7103440734800992,3.43606939787141,2.9689094620207026,6.045578801574574,6.428706808572678,6.348064586674442,5.859418282548477,3.8666350779997085,7.1785063420323665,8.239375273363464,7.401898964863682,7.302175973173932,8.529978859892113,8.982650532147543,5.2190370316372645,4.068413762939204,6.747029450357195,7.729989794430675,5.43699883364922,3.6721096369733197,7.869295815716577,6.634913981629976,6.0660133713785855,54877,152.0,361.0,True,2,2.0,20,2,14,0,112.0
CC du Val de l'Oise,epci,200040426,1.9578618318224446,5.8685839324788995,5.339668646452016,10.0,10.0,6.951734917161613,2.710409502969678,4.0702094404501405,3.466145670522038,4.525914348233823,5.835573616755236,4.812378868396374,4.6120662707095965,7.937730540793998,7.080087527352298,9.0,9.0,1.8198186933416693,2.075711159737418,2.6955923726164426,5.719974992185058,5.930790872147546,5.8934667083463586,6.226070647077211,7.381431697405439,7.586620819005939,9.0,9.0,5.946351538427187,15995,48.0,333.0,True,0,0.0,7,2,1,0,93.0
CC du Pays de Serres en Quercy,epci,200040418,8.173284342775869,7.8892971435344315,7.739243807040417,7.0,9.0,5.1380822567263245,5.475998577693493,6.934218324048833,7.391371340523883,6.612421476828256,6.243569989332701,5.025601517126941,9.0,8.632807870096006,6.327249022164277,6.0,8.0,9.111769586345858,10.0,8.047647267986251,8.154794358184189,5.5821974635533955,9.31752992769942,8.572478369088538,7.363991940263126,4.504444707834538,7.0,8.0,7.365642831744528,8437,18.0,468.0,True,0,0.0,7,3,4,0,186.0
CC du Périgord Ribéracois,epci,200040400,8.859052185889915,6.9489873998877725,5.482732234862011,7.0,8.0,5.146865275723104,7.400805999081773,8.648778248227313,5.356271999183798,6.497627914094782,7.374330459623527,5.695352752129776,8.394021323266847,8.151048308932307,5.998469621996633,5.802989338366577,7.591031984900271,7.321991531908381,9.143498444115696,7.743100545834821,7.138244146304137,7.157067795745549,9.100188746620415,8.079987756975973,8.23149517930929,5.446156200581544,7.591031984900271,7.591031984900271,7.246148548691527,19603,28.0,700.0,True,0,0.0,1,1,0,0,187.0
CA Le Grand Périgueux,epci,200040392,6.534676369945539,6.5441515253747164,5.233322087811461,3.86907320834739,8.57938213889826,4.323360161935515,7.9621861294520215,4.149115620029881,2.765097113113885,6.540999566244157,6.190457371439588,6.604356836474047,5.207836522242036,4.967429755650874,6.151563930791846,5.765087474095137,7.415923658971517,6.0853535110125785,5.403354378524266,8.551168731023182,5.817581570196154,5.712564460937877,6.863627162754832,7.695426285604126,4.771275724131283,2.6811123427635066,4.810448696322714,8.064330811123428,5.902152255186136,103753,101.0,1027.0,True,3,2.0,16,8,4,0,120.0
CC Isle Double Landais,epci,200040384,8.38601999504255,6.856316615715112,4.909609187804676,6.0,8.0,6.760803106667768,4.094769891762373,6.2082954639345616,6.9056432289515,6.5829133272742295,6.403949434024622,6.335619267950095,10.0,7.566884243575973,8.069321655787821,9.53722217631992,8.07444435263984,6.072791869784351,6.568371478145914,8.46244732710898,8.312980252829878,7.241345121044369,8.91167479137404,8.651243493348757,9.225894406345533,6.998925886143931,9.53722217631992,9.53722217631992,7.507568961650591,12104,50.0,242.0,True,0,0.0,1,1,0,0,167.0
CC Bugey Sud,epci,200040350,7.319593100398054,7.612089046144773,6.054253280259473,2.0,3.0,5.290579389650597,4.788972431077695,4.274155978180746,4.186466165413534,6.274185463659148,7.106147722246793,5.748783724015922,6.624974200206398,6.193867020492408,5.789237800383312,6.8048651039363115,5.34453781512605,6.300162170131211,7.845555064130916,8.259943977591037,4.705410585286747,6.316909921863482,6.287335987026389,7.161580421642341,6.587144331416777,4.539230429013711,8.446940881615804,4.7177060297803335,5.913593858596069,33916,54.0,628.0,False,1,3.0,17,1,17,0,104.0
CC du Clunisois,epci,200040293,7.6484796204442524,7.414204586298613,3.1531881245057867,9.0,4.0,4.862626698296312,4.279275393573431,4.848824671123571,4.844727194306664,7.44684062971749,8.833656818345194,5.401121414707785,4.052404571921501,7.414348357414996,3.0969736180001437,1.0,1.0,6.868377542951621,8.43253540363741,7.335921213428223,3.9904392207605492,6.629142405290777,8.406872259363094,7.2097620588023865,4.68535691179642,2.786715548846237,5.350801523973834,1.0,5.392592706696655,13911,30.0,463.0,True,0,0.0,6,0,0,0,163.0
CA du Pays de Dreux,epci,200040277,3.863299141429094,5.533088939586563,6.015595339684087,5.067762665227008,5.33470333153376,4.476480730046498,2.541787847651556,5.777807770676233,3.524755751380157,4.5702878737744035,5.776553874018217,6.231692238031382,8.750552933595722,4.612528517441354,6.921631458873931,9.243708747670713,9.298888908239146,6.933735044670068,8.161465317566744,8.615271416380766,5.616690757736716,5.273880636004249,4.3767872381184585,5.974138381428397,6.77788613921736,7.155509308441163,7.587337385277164,8.765582278260567,6.170693213284338,114852,107.0,1073.0,False,5,6.0,16,7,14,0,70.0
CC Bassée-Montois,epci,200040251,3.135048093438681,5.860657849536242,4.976339745791824,9.0,5.0,4.433399175541052,5.560073857780831,6.611173136379251,4.490982480247338,4.332188251459979,4.545989350738578,5.200747165922364,2.858124355891446,6.152567846100996,5.964874613534867,7.848677430436276,6.955857093782205,5.933957402954311,5.985571968395741,8.336439367914807,4.728529714874614,4.871006526966678,4.772629680522157,6.164634146341464,6.947311920302302,6.8278083132944,6.510735142562694,6.9337856406733085,5.7478253668351575,23288,55.0,423.0,False,0,0.0,10,1,7,0,81.0
CA du Bocage Bressuirais,epci,200040244,7.318236690403527,6.50871481858257,4.879593082400814,2.4648762292302475,4.337809426924381,4.486035944387928,9.455408613089183,7.429298067141404,5.132329603255341,4.597938284164123,2.5933265513733468,3.8174974567650053,3.307263479145473,5.999945744320108,4.4375042387249914,2.4855612071888777,3.7061241098677518,6.2369481180061035,6.2016412343167175,8.91371990505256,3.8495083079009835,4.39168531705663,6.020807053238386,7.34833502882333,7.847161749745677,9.25516446252967,4.978216344523568,3.149081044421838,5.398204718306448,73736,55.0,1340.0,True,1,2.0,11,7,0,0,91.0
CC Lacs et Gorges du Verdon,epci,200040210,7.467154081187254,8.446311654299432,5.635639458751637,10.0,6.0,5.030554343081624,8.149061545176778,5.213116542994325,5.549650807507638,5.766914011348756,4.718027062418158,4.921649934526408,3.0,7.809799214316892,8.31121780881711,10.0,10.0,7.910737669140113,10.0,8.07791357485814,7.482867743343518,4.158991706678306,9.101702313400262,8.665975556525535,5.867743343518114,2.3111086861632475,10.0,10.0,7.128433466359044,9164,16.0,572.0,True,0,0.0,2,1,1,0,197.0
CC Provence Verdon,epci,200040202,8.037090385307886,9.092770975873245,4.360190853438963,5.0,8.0,4.8042851998559595,7.509722722362262,4.402727763773857,4.54312207418077,5.011523226503421,3.943914296002881,5.345921858120274,8.783939503060857,7.4240637378465975,7.035830032409074,7.430950666186532,7.7412225423118475,5.32517104789341,6.049108750450126,7.868428159884767,5.860595966870724,4.875135037810587,7.101278357940223,6.438017644940583,5.6120363701836515,2.4230284479654305,8.61694274396831,8.774846957148002,6.336138047224653,22216,34.0,653.0,True,0,0.0,5,4,0,0,118.0
CC de l'Outre-Forêt,epci,200040178,2.95793239575623,6.927584505304712,3.5573032321736986,8.0,2.0,3.5756229953121146,10.0,7.216814705156674,5.702195904268443,3.567049099432519,1.564088329632371,5.078213668887244,8.3639896373057,5.895509499136442,4.6559955588453,3.7176782630150504,3.073279052553664,6.795583518381446,6.938502343942758,8.846348383913151,2.7652356279299286,1.6511843079200592,4.5690846286701206,6.438995805576116,7.9165433012583275,8.714964224031581,4.134900074019245,2.724463360473723,5.2624665151034495,16212,135.0,120.0,False,0,0.0,0,0,0,0,93.0
CC des Lacs de Champagne,epci,200040137,5.627341826356921,6.270099561074831,5.839631731078043,9.0,7.0,5.911358526924312,1.6344074510223745,8.42115405202869,8.075152553259823,6.60700139171395,8.408521571566213,5.927630874638689,9.298040894979124,8.899582485815223,7.546194197623381,8.0,9.298040894979124,2.614174071298576,2.2505085108660743,3.6685579702387323,7.060271919494701,8.042821967669415,7.936837597687614,6.432501873461086,9.376512150733326,9.955465153623809,10.0,9.298040894979124,7.085708932968328,9341,21.0,444.0,True,0,0.0,1,1,0,0,140.0
CC Cœur de Chartreuse,epci,200040111,8.937103966205116,8.722659000234687,5.337244778221075,8.0,5.053919267777517,4.736212156770711,2.4755925839004926,4.806794179770007,2.9743604787608544,5.873093170617226,6.2289368692795115,5.86259094109364,3.4696080732222483,6.332727059375733,3.250645388406477,1.0,2.0,5.188629429711336,6.428361886881014,7.920265195963389,4.422260032856137,6.237561605256982,5.504165688805445,6.218317296409293,4.394390988030978,3.539662051161699,3.5303919267777517,2.7955878901666273,5.044324353773428,17044,47.0,362.0,False,0,0.0,5,2,2,0,86.0
CC Isle Vern Salembre en Périgord,epci,200040095,8.97082914971199,7.408233366802304,5.031865983195054,4.0,8.0,4.329863129524917,7.142260740897321,5.571579559266501,4.37911536225757,6.317550071341754,6.945991650372562,6.9679226338318445,8.281139354225017,6.972467367753527,6.506367912064683,7.785287745072134,6.381810495164615,4.776039739998943,4.274110870369392,7.872694604449611,5.832954605506527,5.689425566770597,8.053955503884161,8.876393806478887,8.30750938011943,7.098874385668235,8.567616128520848,9.427046451408339,6.777460913023456,18924,65.0,291.0,False,0,0.0,1,0,1,0,139.0
CC Saône Doubs Bresse,epci,200040038,6.7295021055239035,6.17678143836182,4.726859879448435,9.0,3.0,5.961357443646272,7.968706134918669,7.3557922549748165,5.943604987201717,3.9268433655354635,3.0213855172983237,4.313516637767319,3.0,6.459995045826108,4.344975641978367,2.6835934274626374,3.0,3.327388324663529,2.9997522913054246,4.564858393196268,3.4768392370572205,2.7585665923540583,5.625877301626621,5.847246305011972,7.717446949054579,7.761704235818677,8.0,2.0,5.0604497682154355,12111,37.0,327.0,True,0,0.0,2,2,0,0,98.0
CC Rives de Moselle,epci,200039949,6.513512472310508,5.197804102860445,6.254916690744486,3.0,2.0,3.2231532312433786,9.0,2.582047577771357,1.1770971780795532,5.479861311759607,5.571434074930174,6.191620918809592,5.59271886737937,3.6411441779832416,5.74749109120678,7.467379370124242,5.901146104208803,7.129403833188866,9.161822209380718,8.740768563998845,5.071039198690166,3.7642877780988155,4.882365404988924,6.900606761051719,5.091592025426177,6.761610324569007,1.5879610902436676,4.89785225849947,5.304665593483854,51923,412.0,126.0,False,0,0.0,3,1,3,0,85.0
CC Alpes d'Azur,epci,200039931,7.249844945213976,9.545069257804425,6.4222658672731034,10.0,8.911928881538143,5.1541244573082485,6.095927227620426,5.6800702915029975,7.565019640272896,7.1868927020880715,7.314657845772173,6.506925780442423,10.0,9.60285300806285,5.765867273103163,4.0,8.0,5.984287781682862,5.875542691751085,7.638102129419061,6.76142236923713,8.439115154021087,7.73837089104817,5.766384122389911,6.992867479842878,3.793570394872855,9.0,9.0,7.213968221152427,9674,10.0,967.0,True,0,0.0,12,3,8,0,152.0
CA Cannes Pays de Lérins,epci,200039915,5.345122722672064,5.413335020242915,7.2734375,5.698519736842106,6.127214068825911,3.483615890688259,4.023361589068826,2.200253036437247,1.1551745951417005,8.274164979757085,8.979655870445344,7.7220268218623485,6.6565599696356275,2.652840334008097,7.89978491902834,9.245540232793521,7.436228491902834,8.79573633603239,9.86190536437247,10.0,6.035842611336032,5.596413208502025,7.803460273279352,9.621640941295546,4.46147520242915,1.2622912449392714,3.81325278340081,7.9049531882591095,6.240850247614224,158111,1664.0,95.0,False,4,4.0,4,1,1,0,149.0
CC du Sud Messin,epci,200039907,2.465613325984445,5.432665809296344,5.848612897299284,9.0,8.0,6.7871884377487905,9.0,7.071039255312634,5.147651417723069,2.33908996264315,1.313552575173005,4.3576459060567085,1.0,4.990997611611244,2.9333700777757366,1.6101414661032518,3.0,2.8863371914997855,3.287280298854798,4.9178149304917635,3.0651601445281402,2.844571008634944,3.076305958723743,5.0729989589074655,3.476820380917386,3.159409639292057,1.0,2.0,4.110152401949205,16329,65.0,251.0,False,0,0.0,14,2,12,0,67.0
Metz Métropole,epci,200039865,2.146370430580957,5.2513490934543565,6.704400641242747,5.831809252861884,9.589536905326378,3.84509020298494,8.966014134435188,3.037178531915374,1.2047957732168257,7.2132854659170444,8.126248052563842,7.399598094334936,4.04102147260042,3.500209984420511,6.461857346067872,7.564686491002281,5.676574318679582,7.466187992503782,8.309670572828468,9.319225992910203,6.881984239878976,6.222953780848518,4.574115468852311,6.53751947436158,3.4886134254555308,2.388051209103841,2.679021879021879,6.095576779787306,5.73296239311277,221480,723.0,306.0,False,7,4.0,32,4,26,0,86.0
CA du Pays de Grasse,epci,200039857,6.17721695900011,6.567908875822344,4.105220073674017,4.487716005630372,3.0,3.620449032155015,4.277325772928292,3.0596779507042955,1.5232652164798195,5.5473640075470945,5.30734444100588,6.41074762156712,6.565373211807809,3.247277156063132,6.128959479290414,7.888870032244862,6.099240299088558,7.841830469896477,9.173094009244192,9.558175519861038,4.390372463088119,4.473300655878448,5.787173932575296,6.93844525860778,3.728114923480848,1.1661359075980073,6.325114054966008,7.799822303860399,5.399840558359492,100185,203.0,493.0,False,2,7.0,29,5,20,0,97.0
CC Pays des Vans en Cévennes,epci,200039832,8.997840872287595,9.179207600129548,7.748353665119292,10.0,9.0,5.301306272266005,7.009608118320199,3.842599589765735,4.956385620209435,7.933174997301091,8.589441865486343,7.352585555435604,10.0,7.852531577242794,9.188167980136026,10.0,10.0,7.5417251430422105,8.769944942243333,9.180934902299471,8.212889992443053,5.3426535679585445,9.468206844434848,8.928101047176941,4.971823383353125,1.6963186872503508,5.0,10.0,7.716564365139341,9263,27.0,343.0,True,0,0.0,1,1,0,0,188.0
CC Ardèche des Sources et Volcans,epci,200039824,8.245221932114882,8.874778067885117,5.302349869451697,10.0,9.0,3.6633942558746737,5.063289817232376,3.0013577023498694,1.8448041775456918,6.973890339425587,7.503080939947781,6.526475195822455,10.0,7.274882506527415,8.048772845953003,10.0,9.0,4.686161879895561,4.060052219321149,7.144543080939948,5.592271540469974,5.68355091383812,8.808355091383811,7.893472584856397,7.304751958224543,5.442610966057441,6.0,9.0,6.8549309958970515,9575,35.0,273.0,True,0,0.0,3,2,2,0,163.0
CC des Gorges de l'Ardèche,epci,200039808,8.131167979002624,7.986089238845144,6.121456692913386,10.0,9.0,4.8066929133858265,5.45990813648294,3.9638451443569553,3.616929133858268,7.090748031496063,6.504330708661417,5.383530183727034,8.0,7.413451443569554,9.185301837270341,10.0,10.0,6.447375328083989,7.015944881889764,8.28484251968504,5.946391076115486,5.587926509186352,8.476509186351706,7.913320209973754,6.162204724409449,3.318963254593176,7.446456692913386,10.0,7.116549493813274,15240,36.0,423.0,True,0,0.0,3,2,1,0,169.0
"CC Avallon, Vézelay, Morvan",epci,200039758,9.072094137692348,8.265161599488845,7.782066982588787,5.0,7.0,6.224961397156701,7.908737553910868,5.887439433469996,8.012938608167829,7.443000905170119,8.776689207177467,5.878015015174911,6.693466801554763,8.301368404238326,5.550449922794313,4.693466801554763,8.693466801554763,5.8513923646238215,8.081039348277514,6.3344337362227785,7.3545604600394014,8.208189127309515,8.118896757361163,7.497151376391034,8.074064213833129,5.983227730152814,9.346733400777381,8.040200202332144,7.288329010321983,18781,25.0,751.0,True,0,0.0,16,5,2,0,150.0
CC du Serein,epci,200039709,8.78024861878453,6.7331491712707185,7.225828729281768,10.0,7.0,8.536878453038675,7.011049723756906,7.515883977900552,7.197651933701658,6.864088397790055,6.584530386740331,5.148618784530386,1.0,8.872513812154697,4.132872928176796,4.0,2.0,4.942817679558011,6.212569060773481,6.034806629834254,6.58439226519337,8.701657458563536,7.576519337016575,5.5685082872928175,7.958149171270718,6.631767955801105,9.0,10.0,6.7076608129439625,7240,12.0,603.0,True,0,0.0,6,1,2,0,169.0
CC Le Tonnerrois en Bourgogne,epci,200039642,8.501294927673552,8.032467942644178,7.570778851620239,10.0,10.0,6.356073526624976,4.277935695786748,5.860147811256396,4.1804055334470345,8.05495546712147,9.105299728381025,6.955909291895648,9.282799570463016,9.242183058555998,6.980607668498515,5.848398711389047,10.0,5.68309013959952,6.8580001263344075,6.53679489608995,7.933232265807593,8.305034426125955,8.331438317225697,6.9754911250078955,9.220579874928937,7.387720295622513,10.0,10.0,7.7671656875750115,15832,20.0,791.0,True,0,0.0,7,2,0,0,161.0
CC du Quercy Blanc,epci,200039519,6.547465080186239,8.30923435075013,4.342731505431971,7.0,8.0,5.323460941541645,5.7943610967408175,4.371055354371443,3.726978789446456,5.808329022245215,4.8732540093119505,5.881143300569064,8.0,8.49663735126746,5.779746508018624,5.519917227108122,2.0,7.564795654423176,9.390584583548888,8.78233316088981,6.0351784790481116,4.898732540093119,8.864071391619245,8.465856182100362,5.428737713398862,2.6290739782721158,3.0,5.0,6.065488507870815,7732,18.0,429.0,True,0,0.0,6,2,4,0,194.0
CC de Lacq-Orthez,epci,200039204,7.4677273753103135,6.712762356127285,5.273132475739111,3.0,5.0,4.940325735349432,7.541657263221245,4.062532912058979,2.597288046340179,5.148800120364101,6.006450763559768,6.122113142255323,6.582806740389679,5.364778454825848,5.938689535845934,7.2387534792748065,8.263446926954035,5.9617279771308205,6.971263070789137,8.094974798766268,5.350090273076055,5.871737004438426,6.916666666666667,8.215150831264575,6.452080042127435,5.447641615888061,5.733073798239675,6.912115399082224,6.042420957324478,53175,72.0,738.0,False,0,0.0,5,2,3,0,114.0
"CC Forêts, Seine et Suzon",epci,200039063,7.89649749821301,9.005718370264475,7.245604002859185,8.0,6.0,6.1451036454610435,8.61300929235168,8.494781987133667,6.609435310936383,4.676054324517512,2.516082916368835,3.413581129378127,1.0,6.37312365975697,2.8135811293781274,2.0,1.0,3.1877055039313795,2.444889206576126,5.278341672623302,4.610150107219442,1.8777698355968548,6.839599714081487,5.438170121515368,3.437026447462473,1.63831308077198,1.0,2.0,4.626947819871335,6995,16.0,437.0,True,0,0.0,2,1,1,0,113.0
CC Ouche et Montagne,epci,200039055,7.276873265494912,8.277890841813136,6.642923219241443,8.0,6.0,4.3113783533765035,9.0,5.969657724329324,4.971692876965772,3.889269195189639,2.937095282146161,3.6367252543940793,4.0,5.790471785383904,3.011563367252544,2.0,1.0,2.8390379278445885,2.2765032377428307,3.894264569842738,3.79481961147086,1.266882516188714,5.418686401480111,5.3541165587419055,2.7875115633672527,2.439037927844588,1.0,1.0,4.242371481432536,10810,33.0,327.0,True,0,0.0,3,1,2,0,85.0
CA Vitré Communauté,epci,200039022,8.035988767366243,5.816669129963543,4.512390383288994,1.0,1.6748078628436298,4.202175091141984,5.041444969947778,8.369962557887476,5.528783624002365,4.613213124445759,4.168859000886787,4.2446423292935265,2.373201793280126,4.9838407724899,3.2276455808454037,1.4580500541925312,1.7064489112227805,3.8903586560252243,1.4395137451965712,7.298760961671101,2.325278352547049,4.0166765198541725,3.703702335205439,6.119026505074392,5.429771406049857,7.919351660262095,1.515814365947384,1.7790545866587841,4.156979751699675,81196,92.0,882.0,False,0,0.0,7,4,2,0,64.0
CC de Saint-Méen Montauban,epci,200038990,8.177566209528127,6.03082851637765,4.829083078318033,1.0,2.0,3.2467792511995164,4.160602969511504,7.8427216744115755,8.512070724243454,4.746004760285617,4.2229778231138315,3.610336620197212,1.5950357021421284,6.130756734292946,2.9065321697079605,1.0,1.0,4.1742415656050476,1.9316936793985418,7.370395557066757,2.542974800710265,3.953983905701009,4.35558577959122,5.935282783633685,5.549586308511844,8.183535456571839,2.124523026937172,1.1745815860062714,4.225274310109399,26469,74.0,357.0,False,0,0.0,2,1,0,0,67.0
CC de la Pieve de l'Ornano et du Taravo,epci,200038958,7.4244044343108735,9.273842283198364,3.4549885997326832,6.0,4.0,8.8800220143093,10.0,7.265980029876562,10.0,6.921691956914851,4.376130198915009,7.040018869407972,9.4869093482192,6.909584086799277,4.763582042613413,4.170139161883796,2.4869093482191995,6.21802028461357,6.108892208506958,8.487774196084597,5.405141913672458,4.518830096705716,8.850538564352544,7.289095054642661,3.170610897083104,1.0,2.0,3.7434546741096,6.044520009434704,12719,19.0,669.0,False,0,0.0,2,2,0,0,200.0
CC du Provinois,epci,200037133,3.330605043961129,5.893133965756594,6.159706154558075,3.0,7.387899120777418,5.158722813512263,5.517324155483572,4.611985192040722,2.72686256362795,4.6598218417399355,5.93504164738547,6.542081212401666,8.69394956038871,6.415461591855623,6.656062008329477,8.325485886163813,8.69394956038871,7.588674224895882,8.902446783896345,9.273744794076816,5.811400971772327,6.193602498843128,4.155975242943082,6.083931050439611,6.588847755668672,6.540259139287367,7.693949560388709,8.69394956038871,6.329816925034706,34579,54.0,640.0,False,1,8.0,5,3,2,0,72.0
CC de la Haute-Somme,epci,200037059,7.4296568177647275,5.185465222976693,6.235896494769682,5.0,9.278693338227198,6.535841438796109,4.043641035052303,4.845916681959992,2.3624518260231233,5.1737199486144245,6.405872637181134,5.888823637364654,7.836080014681593,7.653147366489264,8.365314736648926,10.0,10.0,3.42565608368508,3.9595522114149384,4.868195999265921,6.9160579922921634,7.1416039640300975,6.014167737199486,6.700128463938337,8.804991741603963,9.117342631675537,10.0,10.0,6.7567220722019785,27247,58.0,469.0,True,0,0.0,23,2,4,0,102.0
CC Porte d'Aquitaine en Pays de Serres,epci,200036572,8.392673153978249,6.680213699675634,3.6823125357756155,10.0,6.0,7.02098836099981,3.246327036825033,6.891242129364625,5.538828467849647,5.286204922724671,4.450486548368632,5.736119061247853,6.0,6.202633085289067,5.534439992367869,3.0,8.0,5.688990650639191,8.307956496851746,6.9395153596641865,5.376836481587484,3.8687273421102844,6.523373402022515,5.706544552566304,4.822362144628888,2.076893722572028,3.0,4.0,5.641916755253905,5241,30.0,174.0,True,0,0.0,1,1,0,0,
CC Val de Gray,epci,200036549,4.625634517766497,6.494094103865677,6.584342053885201,4.0,6.0,6.084390862944162,9.260835611089417,3.7120753611870363,2.056081608746583,6.619045294806716,7.959244435767278,6.228816868410777,9.270450995704802,7.295001952362359,6.4997559547051935,7.146720031237797,8.540901991409605,5.078777821163608,7.010103475204998,6.575165950800469,6.004588051542366,8.138764154627099,7.575263568918391,7.641106989457243,8.371632174931667,7.952069504099961,9.394181960171808,7.811352987114408,6.7832285100686125,20488,41.0,499.0,True,1,4.0,13,2,5,0,121.0
CC des Bastides en Haut-Agenais Périgord,epci,200036523,8.249383875132027,6.924950123224973,4.193404529984743,7.0,9.0,5.719985917145875,6.296326722215702,7.811759183194461,6.603685013496069,5.821030395493486,5.7930994014787,4.677561319094003,8.0,7.267515549818096,6.268337049642061,5.272385870203028,8.0,8.422192230958808,9.808121112545475,8.556800844971248,5.861635958220866,5.437448656261002,8.52605328013144,8.230078629268865,7.367445135547471,4.51672338927356,7.0,6.0,6.879497292403641,17042,25.0,681.0,True,0,0.0,5,2,3,0,165.0
CC de Marana-Golo,epci,200036499,5.081565181000209,7.189412010880938,6.929608704749947,6.0,7.148775894538606,9.3905001046244,10.0,5.766520192508893,10.0,5.14320987654321,2.303620004184976,8.085917555974053,9.022012973425403,4.502406361163423,4.2174513496547394,3.769784473739276,1.3656831973216155,8.353546767106089,8.941828834484202,9.782339401548441,5.555053358443189,7.5667294413057125,2.873027830089977,4.535844318895166,4.024189160912325,2.051810002092488,6.020883029922578,5.373006905210295,6.10695453322572,23895,131.0,182.0,True,0,0.0,1,1,0,0,73.0
CA de Saintes,epci,200036473,5.247334683425664,5.798540561348307,5.653383320222932,3.4208103901320523,7.262431170396157,5.323905002594186,9.0,6.124102495439254,2.6956099683676715,6.376592076854843,6.395906207635274,6.012920718338382,7.420810390132052,5.269209526519273,6.7322130914324925,8.135148705417665,7.781586302699627,4.443823327587072,3.6894843428341897,7.445379838993121,5.864416140855914,6.353110512309829,7.734539490200673,8.189609867947581,5.570586955430216,3.230899261912333,4.819896567306566,8.262431170396157,6.080524360240338,59754,125.0,477.0,False,1,4.0,25,2,2,0,133.0
CC de Thann-Cernay,epci,200036465,5.2856145626375985,7.211566342694518,5.771035815926543,1.0,3.0,5.169414165279493,10.0,5.085700477903668,2.077807012833593,5.718251624335499,6.074612038876658,5.598131342963002,5.268109327176073,4.6927455297213125,5.465258014283413,7.099124738226924,5.296192879772325,6.975594694732321,8.478037910111153,8.927374751651184,5.456612790635236,6.03710465553348,5.4147827954679695,7.5083767384417115,5.992106534929925,5.049589217634108,6.084653385598454,7.118643612736938,5.816301462860824,37248,237.0,157.0,False,1,3.0,3,0,3,0,95.0
CC des Hauts du Val de Saône,epci,200036150,6.1298579311964305,6.677586004461665,3.2276623224139955,9.0,4.0,6.6845133262886,9.0,5.3453093812375245,6.678055653399084,7.401315017024774,8.441822237877187,5.25090994481625,2.0,9.152401080192556,6.789127627098743,9.0,6.0,4.688387930022309,5.911001526359047,5.0106845133262885,5.773159563226488,8.496418926852177,8.533403780673947,6.025243630386286,9.420570623458964,9.686157097569566,10.0,5.0,6.7615567184957825,8517,17.0,501.0,True,0,0.0,10,1,8,0,159.0
CC Cœur de France,epci,200036135,3.1818032876413085,5.636120364808039,6.423461307410846,4.0,7.0,3.5558953634427395,3.1760144175632132,4.997760908743378,2.232319370869969,7.314565015564415,9.212495221451587,5.311834416470973,5.0,6.661951832231992,8.162033750204795,9.901370760744907,8.479602424771995,4.556113811370214,3.36207743979029,7.056905685107313,7.89154060400852,8.535688930151275,8.799519414559555,9.104964229151875,8.663699415651793,7.63328054175086,6.479602424771995,9.0,6.476093604936923,18313,47.0,389.0,True,1,7.0,4,2,2,0,178.0
CC du Golfe de Saint-Tropez,epci,200036077,7.263554532133138,7.29277440513572,5.822744400251204,5.751622357127904,3.0,5.306573163073058,8.012019398506734,5.944735189449445,3.791797501918917,6.987404926383364,7.0001221129021,6.224216732956528,7.0356744121135995,5.157961761216942,8.295216663177726,9.752058474635406,8.837607284906845,9.044257204661223,9.90321680273533,9.948764915218756,4.8388633033284485,2.793507082548322,7.623682925127346,8.666928337171168,5.372217570302142,1.7822726955550903,7.566499197543786,9.426418254134393,6.730096843007666,57329,132.0,434.0,False,0,0.0,2,2,0,0,152.0
CC du Pays de Mortagne-au-Perche,epci,200036069,8.691789843406996,6.417752085467583,6.7855992975267085,10.0,6.0,6.8709205327089125,6.222449875603688,3.767013025025611,3.7149129225815893,6.517927703790429,9.349919508268696,5.346041270305869,6.2781355188057955,7.312015220254646,5.755817356944241,5.668813112834773,7.834406556417386,4.785672471827894,4.686374945119274,6.6990340992243524,5.982511342016684,6.393385043172838,7.7875750036587155,8.073832869896092,8.642836235913947,8.530001463486023,10.0,8.556271037611591,6.881107440781082,13666,33.0,414.0,True,0,0.0,2,1,1,0,136.0
CC Vexin Centre,epci,200035970,2.451651844996177,6.5526940565772005,2.9333628425415474,9.0,6.0,3.3390205625528147,1.5766367550601585,5.296366343406704,2.849342078789586,2.852319826163937,1.8717154239266025,4.368033479538047,1.139189569836224,4.692245784877872,4.087239950102612,3.4175687095086715,4.1391895698362235,6.290370608828619,7.748742505331777,8.530843829222164,2.2290048690193554,1.5756709991549636,2.7936903947527263,4.474870226550239,2.3249366222687216,1.6986841575791718,1.139189569836224,3.0,3.8704493064377976,24851,102.0,243.0,False,0,0.0,2,2,0,0,61.0
"CC Région Lézignanaise, Corbières et Minervois",epci,200035863,4.206919314669787,6.575089266960722,7.304587871695622,7.0,10.0,3.673117892399556,1.1416869205148978,5.107660455486543,4.223092387553635,5.76085456236685,5.208389594022864,5.8873886038347285,9.391754433342335,6.202808533621388,8.363639091427371,9.325231794040867,10.0,7.554115281903561,9.143037177063642,9.120952981066402,7.877846790890269,7.264140186635461,7.58499114831818,7.655414528760464,6.920604914933837,4.0295856212680405,10.0,10.0,7.018675334027752,33331,40.0,833.0,True,1,9.0,16,2,2,0,122.0
CC Castelnaudary Lauragais Audois,epci,200035855,6.719793396052389,6.032097399003874,6.68699501936912,6.0,5.0,4.486367828813872,1.8570374469655044,4.981700793211584,7.189227079874562,5.960966611326324,7.415384615384616,6.5834716841911085,7.881608559306401,5.959564655967534,6.503412654491791,7.5591957203468,1.5591957203467994,7.175318206972883,7.344917911824386,8.576941523704114,6.50016602102933,6.598266002582549,5.549529607083564,7.308725327430364,4.1451023796347535,2.4171555063641397,5.0,3.5591957203467994,5.805404906843755,27108,54.0,501.0,True,0,0.0,7,2,4,0,94.0
CC du Châtillonnais en Berry,epci,200035848,5.540549828178694,8.693470790378006,5.791408934707904,9.0,8.0,4.985910652920962,4.530584192439862,8.660481099656357,8.21340206185567,8.053951890034364,8.342268041237114,5.935051546391753,4.0,9.800687285223368,7.147079037800688,7.846735395189003,8.0,4.893127147766323,3.9192439862542954,7.9470790378006875,7.831958762886598,7.723024054982818,9.60274914089347,8.97594501718213,9.407903780068729,9.326116838487973,9.0,7.0,7.434597447226314,5820,21.0,277.0,True,0,0.0,1,1,1,0,245.0
CA Flers Agglo,epci,200035814,7.7892701069270105,5.7721059972106,6.289446768944677,4.824379358437936,7.824379358437936,8.422408182240819,2.552040911204091,3.802696420269642,2.112357043235704,6.597991631799164,7.335936773593677,5.029400278940028,5.78092050209205,6.013779637377964,5.820399814039981,5.812626685262669,8.270534635053464,4.719851231985123,4.558493723849373,7.405058112505811,5.443998140399814,5.220195258019526,7.3361041376104135,8.1004370060437,8.19957229195723,9.249669920966992,5.483403068340307,7.545327754532775,6.189742312545659,53779,93.0,578.0,True,2,1.0,4,2,2,0,121.0
CC du Pays du Saintois,epci,200035772,3.2224155934563172,6.214270797076227,4.422763661677688,9.0,9.0,5.507483466759485,8.256526279150714,5.969300382875043,6.31131221719457,4.5292725374173335,4.495301079011487,5.125583014270797,2.0,6.369439610163592,2.884928646014619,1.0,1.0,3.148137835015663,4.756213017751479,4.289940828402367,4.712356421858685,6.34124608423251,4.68054298642534,4.716254785938044,4.779881656804734,4.999164636268708,3.0,3.0,4.776154840634478,14365,41.0,350.0,False,0,0.0,3,1,2,0,82.0
CC de la Beauce Loirétaine,epci,200035764,7.125364778750521,5.863557858376511,5.1500208445000295,8.0,5.0,6.0092311357274735,3.3001012447144302,6.513429813590614,5.055625037222321,3.316895956166994,3.0353760943362516,4.706985885295694,3.7383717467691024,5.712524566732178,3.619855875171223,2.3946757191352512,1.0,4.817878625454112,5.801679471145256,7.316359954737657,2.6729795723899707,2.259424691799178,3.668334226669049,4.54386278363409,5.810851051158359,7.661127985230183,4.250312667500447,2.8787445655410635,4.686556148276713,16791,41.0,409.0,False,0,0.0,1,1,0,0,63.0
CC Astarac Arros en Gascogne,epci,200035756,7.799723374827109,7.3323651452282155,5.188105117565699,10.0,7.0,8.56832641770401,4.534301521438451,9.397095435684648,9.321715076071923,4.645504840940526,2.586445366528354,4.255048409405256,4.0,6.196542185338866,4.903181189488244,5.0,4.0,7.185338865836791,9.648132780082987,3.3793914246196404,5.943983402489627,6.830290456431535,8.304979253112034,6.4680497925311204,6.708160442600277,3.224896265560166,6.0,3.0,6.122199170124483,7230,18.0,401.0,True,0,0.0,3,1,2,0,175.0
CA Roannais Agglomération,epci,200035731,2.947540068018391,5.621460699931184,6.609253293705805,4.356218895548884,8.017164171661664,3.5802307838072345,1.209630287133354,4.854947290733741,2.341657773744103,6.240428057087576,6.302522265550979,5.741879182582505,5.736982257372815,4.457797680193882,6.165986815203407,6.885405966070591,7.273739116558788,6.047403432834332,6.258130790788594,8.337778132386529,5.528329360607179,5.856213908863335,7.576071888058883,8.720855316305464,6.6041170075897355,5.490580150996839,5.970468848175372,8.028124906499645,5.812889941000385,100282,144.0,696.0,True,3,1.0,19,4,3,0,124.0
CC Ventoux Sud,epci,200035723,3.064103929294005,8.141199020338622,2.92482163773826,10.0,7.9731657970397185,4.239165158130125,5.170695346608455,5.317857523160473,4.86561601533383,6.387179214141199,6.828772228729635,7.105526567990629,8.0,7.647215419018209,7.13438398466617,9.603024172079651,3.5613885635182623,7.7997018421893305,8.60398253647109,9.476200617612609,6.220104355233734,2.7280374826961986,6.012991161750612,6.584602278777553,5.741667554041103,2.5217761686721327,10.0,10.0,6.559042091972558,9391,23.0,408.0,True,0,0.0,2,2,0,0,116.0
CA Carcassonne Agglo,epci,200035715,6.083526538959951,5.749341043927466,6.998845173973218,7.0,10.0,3.644154905365974,1.304971041194672,5.075125400001763,2.498214868164708,6.2088824633937785,7.16608337667604,7.084081913308709,9.41622222026323,5.082565653181942,7.967594347523295,9.733570175515926,8.970618052310975,7.39724252228109,8.36129305253136,9.218694076888493,8.074693442174953,7.436815148496522,6.7177552297751175,7.551566067508838,5.202209155742835,2.541745638548269,5.648818286802366,9.341343653305358,6.695570480279173,113447,103.0,1101.0,False,5,1.0,27,5,9,0,116.0
CC Piège Lauragais Malepère,epci,200035707,6.947918646645125,6.3710321231705,5.5215738452765635,7.0,9.0,4.550275613001331,1.3882024963568396,5.522587594246975,5.205791040993474,5.782424127225496,6.329278337451688,5.02445669391117,7.60900969397453,7.542355699169993,7.5875308876639425,9.39099030602547,7.0,6.791674586580498,7.269593866818729,8.14300196413863,7.238864601153139,6.6208578850662105,6.989228917189381,7.235823354241906,5.451878603560793,4.015713109041374,6.812012925299372,8.0,6.512217032792969,15783,32.0,493.0,True,0,0.0,4,1,1,0,108.0
CC Armagnac Adour,epci,200035632,7.807466196355085,5.983392122281011,5.030276308054086,10.0,7.0,7.673280423280423,5.83994708994709,3.4163727219282776,6.9678130511463845,6.957084068195179,6.784538506760729,5.7482363315696645,6.0,8.307172251616697,5.253233392122281,5.269106407995297,3.0,6.097295708406819,7.223398001175779,6.983539094650205,7.8465608465608465,9.361845972957084,9.013962375073486,7.068048206937096,7.229423868312757,4.9334215167548505,9.0,7.0,6.742693373645754,6804,22.0,309.0,True,0,0.0,3,2,1,0,198.0
CC des Landes d'Armagnac,epci,200035541,8.805257312106628,8.141521658644946,5.571177341725287,5.0,3.0,6.28822658274713,8.320807108478341,5.429563124768604,6.4362273232136245,5.705294335431322,5.259996297667531,4.3379303961495745,4.0,7.768326545723806,6.960199925953351,7.77027027027027,7.0,6.280729359496482,5.9762125138837465,7.411514253980007,6.450758978156238,4.143372824879674,8.624213254350241,8.8084968530174,8.430118474639023,5.849407626804887,7.0,5.0,6.420343655788861,10804,10.0,1080.0,True,0,0.0,5,2,1,0,166.0
CC du Grand Saint-Émilionnais,epci,200035533,8.443334481570789,5.923045125732002,4.369479848432656,10.0,6.0,5.31484671029969,2.2431277988287976,5.5869100930072335,3.2719944884602135,5.001515673441268,4.885635549431623,5.761694798484327,10.0,6.879917326903204,5.872614536686187,6.816741302101274,7.0,6.392766104030313,6.290802617981399,8.513331036858423,4.983603169135377,2.6426455390974852,6.1605235962797105,6.4177747158112295,5.897760936961764,4.305270409920771,6.0,6.0,5.963404852123419,14515,61.0,237.0,False,0,0.0,3,1,2,0,109.0
CA d'Agen,epci,200035459,6.577258476423811,5.56808130722754,5.374436808338351,5.027946764113531,7.027946764113531,5.458765027095488,1.5292548221663933,4.614403172559848,1.959948508190935,6.5371862217885095,6.199862965346843,7.17015136100326,5.706122957456969,3.924153395760231,6.01121192616739,6.657174594605817,5.978105599734236,6.6057243111932396,6.489857359383759,8.9912692315678,5.8195295143574945,6.10911903328281,5.8672217262213735,7.944355625687769,4.3451612233457215,2.726262898905799,3.513568506945165,6.9585470174200115,5.59616525430013,96333,199.0,484.0,False,3,2.0,21,3,19,0,
CC du Sud-Artois,epci,200035442,1.8933391857785582,5.083726544496873,5.447053659607155,4.0,4.0,5.905117231793409,4.131643439774681,6.898642964263506,5.5522879403050585,4.5408390943341015,4.7572332565199895,5.421961300705951,3.8374849116646548,7.516734335564578,5.429532901715498,4.139580818610776,2.8604191813892244,2.620395771608325,2.213504517356158,4.350524891181097,5.225099674457734,6.769194191448115,4.568418742455832,5.791470061084897,7.367094626723728,9.049855517758514,7.632722484362998,8.279161637221552,5.188679960077963,27339,63.0,433.0,False,0,0.0,14,1,3,0,78.0
CC Cazals-Salviac,epci,200035327,5.961911874533234,8.447908887229275,4.101755041075429,10.0,7.0,5.95108289768484,3.1032486930545184,7.142083644510829,7.435399551904406,6.2929424943988055,4.800224047796863,3.8672516803584767,4.0,8.048730395817774,6.02445855115758,9.0,4.0,8.910007468259895,10.0,7.868558625840179,5.535847647498133,5.473674383868558,9.43614637789395,8.4865571321882,6.766616878267364,2.5556385362210605,7.0,4.0,6.471787314627122,5356,21.0,255.0,True,0,0.0,3,1,2,0,222.0
CA Var Estérel Méditerranée (Cavem),epci,200035319,6.467285976719282,5.775707606717802,5.425208298870789,4.498907355975588,5.5567957234522325,4.260589070077225,6.665729285471753,5.243289598551267,3.5893835049930787,6.723548002333295,7.762621997405515,6.06092687556047,6.234679041259283,3.227774924037298,6.975526515118537,8.530372021347914,6.517138404478534,7.326687503809018,9.087820719316728,9.778397861726116,6.013999773635501,4.521004013616695,7.895585021635222,9.58983623399124,4.64163887897335,1.6086070747612289,5.115550370454209,6.340887522962937,6.122696399187574,114875,326.0,352.0,False,2,2.0,2,1,0,0,176.0
CC Charlieu-Belmont,epci,200035202,1.63403054022841,6.320586851447881,4.340861456862997,9.0,5.0,4.254544676846743,1.290260490183498,3.218486676076821,2.229607767654733,5.333418880191625,5.717139313058728,4.609393045040421,3.6297959707429746,5.710637751828564,4.611275075922837,8.100945292784122,2.4723469780572307,4.231019290816545,5.489584670002994,6.655032293939005,3.119295093887677,3.714786774455708,7.063347448564952,8.034218743316652,7.584242268702682,7.570212583942855,3.0,1.6297959707429746,4.841602353760701,23379,83.0,281.0,False,0,0.0,3,1,0,0,109.0
CC Marche Occitane - Val d'Anglin,epci,200035137,6.369083283403236,7.661773517076093,5.293289394847214,10.0,5.0,6.05122828040743,7.377321749550629,8.056171360095865,7.60230677052127,7.609946075494308,7.917315757938885,5.382863990413421,6.0,9.452516476932296,6.058717795086879,3.0,8.0,6.667165967645297,8.297783103654883,7.888406231276213,7.811713600958658,6.772318753744758,9.665068903535051,9.166566806470941,9.813361294188137,8.903235470341523,5.0,7.0,7.279219806556535,6676,12.0,556.0,True,0,0.0,2,2,0,0,248.0
CC de Cèze Cévennes,epci,200035129,6.192693110647181,7.605114822546973,6.8117954070981215,8.0,10.0,3.3657098121085594,6.76946764091858,5.440866388308977,4.72526096033403,7.689874739039666,8.707306889352818,6.974425887265136,10.0,7.8585073068893525,9.41644050104384,10.0,10.0,6.92348643006263,8.199895615866389,8.555323590814195,8.915814196242172,6.657515657620042,9.09384133611691,9.105219206680584,8.188152400835072,5.208663883089771,10.0,10.0,7.871620563674321,19160,59.0,324.0,True,1,6.0,7,5,2,0,183.0
CC des Sources de l'Orne,epci,200035111,8.299022474726376,6.547247054891804,6.570975018798563,9.0,8.0,5.50680925724789,7.0,4.301194753112206,3.32266688946445,5.982538223744673,7.742668560447823,4.203275127412482,1.0,7.890467039852953,6.125407302197343,5.350238115130755,6.350238115130755,3.126576990558944,2.241289999164508,4.67674826635475,6.197677333110535,7.478235441557357,6.531456262010193,7.775419834572646,8.026902832316818,9.25390592363606,9.350238115130754,5.350238115130755,6.185765608775051,11969,32.0,374.0,True,0,0.0,4,1,3,0,105.0
CC de la Vallée de la Haute-Sarthe,epci,200035103,8.836764127441983,6.333945194703029,5.792447882522617,9.0,8.0,7.256326209518814,6.727022420348761,5.551724137931035,4.869149075652288,5.513045758489577,5.812245968270617,4.218696735282549,2.0,7.00917792054543,5.647436737904812,4.0,5.0,3.7076176740527074,5.14566671037105,4.917005375639176,5.4844630916480925,5.8252261701848695,6.411433066736594,6.402779598793759,7.1918185393995016,8.0264848564311,7.0,3.0,5.881445616138156,7627,27.0,282.0,True,0,0.0,1,1,0,0,103.0
CA Terre de Provence,epci,200035087,5.347737040021488,5.415273301101262,5.684159280150416,6.268734891216761,3.0,3.2866304055868922,1.1138362879398334,5.147209911361805,2.6793076819769004,5.4989423851732475,4.692620198764438,6.22522159548751,6.14197219983884,4.484874429223744,6.473677142089713,5.8130875637926405,6.862358984689767,7.050950174590384,7.985411630405587,9.081839242546334,4.053535455278001,2.1890948160085952,6.078767123287672,6.719329170024174,5.336707628256782,3.730106768734891,4.735327692720924,5.339326484018265,5.229858553010246,59572,230.0,258.0,False,3,3.0,10,1,9,0,96.0
CC du Frontonnais,epci,200034957,6.603098570466282,5.791931741636105,3.1259262031285084,1.0,8.0,5.933013995958387,2.1515230895891024,5.716376019759,4.544083526682135,3.642878527056358,2.469238829428935,5.517289125065489,2.983234787815283,4.020919092882269,3.944652346381259,7.703465309482823,3.50374223486266,6.023800613726517,5.879874260908615,8.461492403263229,2.3366514482448917,2.7955991318015116,2.7508045804954717,5.25192725095427,2.8354539330888406,2.452847840730484,3.689169972307462,3.0975600628695457,4.365234103520908,26722,164.0,162.0,False,0,0.0,6,1,4,0,57.0
CC Pays du Mont-Blanc,epci,200034882,8.751755813694231,8.044391429399568,2.3457893915408796,1.0,1.0,5.692292256582908,1.8077634835343694,3.998327796481684,4.026799848386881,7.006332077322691,7.690129540032553,5.872600387951216,3.2210876011683127,5.055628637042652,2.1086486365967314,1.0,1.2497380214487972,6.903881741767185,8.07402287574413,9.518026353927448,2.0730418496800516,2.62212659695436,5.149338922209092,7.249448172838956,4.403826001649907,3.1358721098749194,2.7932487569953848,1.0,4.385504225100889,44856,103.0,435.0,False,0,0.0,6,0,2,0,99.0
CC Côtes de Meuse Woëvre,epci,200034874,4.569685828877005,8.644552139037433,5.622660427807487,10.0,4.0,6.986463903743315,6.8016377005347595,6.089572192513369,6.266878342245989,4.862466577540107,3.261029411764706,4.285929144385027,1.0,8.20053475935829,5.713736631016043,8.0,7.0,3.6517379679144386,3.738970588235294,3.663101604278075,5.950200534759358,3.5685160427807485,4.666276737967914,5.657085561497326,6.329211229946524,4.690173796791444,3.0,5.0,5.4007293258212385,5984,13.0,460.0,True,0,0.0,1,1,0,0,84.0
CC des Bastides Dordogne-Périgord,epci,200034833,8.523896173401123,7.44067433770404,4.955793417179556,6.0,7.0,6.411131924003211,6.997056462402997,8.536205512443136,8.0995450896441,6.558469360449559,6.784693604495585,4.781535991436981,7.0,7.460904468825261,6.756168049237356,7.758469360449558,9.0,7.5653197752207655,9.361841048969762,8.235697083221837,5.738346267059138,5.614343055927215,9.335884399250736,8.554990634198555,7.9567032378913565,4.861011506556061,8.0,9.0,7.296024312855996,18685,27.0,692.0,True,0,0.0,4,2,2,0,216.0
CA du Grand Guéret,epci,200034825,5.7520885547201335,6.700710108604845,7.683618769145085,4.0,8.345551378446116,4.382101086048454,6.878585352269563,5.714668615984405,2.3399470899470898,7.446532999164578,8.370196324143693,5.963137009189641,2.551482873851295,6.669103313840156,5.525619604566973,1.0,8.448517126148705,4.888714842662211,3.8729810637705375,7.485032024505709,6.726294903926483,7.8958855472013365,7.120544416597048,8.024714564188248,5.8237956001113895,3.5917223614592038,6.89703425229741,9.448517126148705,6.055253461033537,28732,59.0,486.0,True,1,7.0,5,1,1,0,124.0
CC Bastides de Lomagne,epci,200034726,6.74805890227577,6.795716198125836,5.506113342257921,6.0,7.0,7.517983043284248,4.447746541722445,8.126461401160196,8.728692547969656,5.508879964301651,6.988487282463186,6.1175368139223565,6.0,6.648192771084338,4.211958946898706,4.215350290049085,2.0,5.978937974118697,7.619812583668005,6.741186970102633,5.518072289156627,7.542971887550201,7.160196340919232,6.189558232931727,4.8069611780455155,3.197322623828648,2.0,2.0,5.761292790208453,11205,26.0,430.0,True,0,0.0,3,3,0,0,119.0
"CC de Vitry, Champagne et Der",epci,200034718,7.130376958563651,5.6152279622625825,7.192136652674453,6.975769918124766,10.0,4.484892564731308,5.907360458833797,4.407007190058601,2.500644196001829,6.373467436931134,9.008312206475209,6.101658285191804,9.56460662482856,6.044220938448111,6.847180083953285,8.233489879888616,10.0,4.718340883587548,7.093803250072732,5.984165246664727,6.806865882548522,6.763060554424172,6.733469099372428,7.2984913345247495,8.764058019201197,9.222850255600349,10.0,10.0,7.134694852963004,24065,45.0,534.0,True,2,5.0,1,1,0,0,109.0
CA Durance-Lubéron-Verdon Agglomération,epci,200034700,5.036720765176154,7.846083599019498,6.2480574202540975,5.720316580418796,9.360158290209398,4.586266561994329,7.985148276911739,4.46854222407357,4.898024576637775,6.6715958793277474,7.788551195988273,6.826745918579874,7.678933623852476,5.466283224121634,7.37013954531618,9.306551099860615,7.8386977906660045,7.229568867455981,7.3322812695259305,9.217633016646106,6.445055033083936,5.48533252158867,7.209045612573497,8.246006696893474,5.030600637646795,2.4258615441306053,5.334572312030376,7.195715910729449,6.651731785525466,62422,73.0,855.0,False,2,5.0,9,3,2,0,112.0
CA du Gard Rhodanien,epci,200034692,5.562171534563636,6.565787174558798,5.664202475839729,6.485759217193779,8.765198456968507,5.309063293861477,4.203604887162462,4.733060928238283,2.326442559711824,5.474213363082837,5.51238591916558,6.011774351805804,7.796206938265299,4.43880966142018,6.804567265689055,9.068831570316805,8.171037245124262,6.241656473877337,7.899501337383567,8.556647266764339,6.444199518810737,4.141211575424401,5.933292114141319,7.286495786233686,4.997849433460127,3.333445342007285,5.353338082501109,8.703557843519402,6.135153986324701,74404,117.0,635.0,False,2,6.0,5,3,1,0,103.0
CC du Kochersberg,epci,200034635,5.230502936714769,5.012874868723015,4.601968182348594,8.0,2.0,4.89501730911354,10.0,4.213077132521685,2.134699910537166,2.799369870473375,1.3016453382084094,4.306507448753355,1.0,3.515072542689331,1.607997199424326,1.0592788517639737,1.0,4.6273289509510285,4.461278151620055,7.473452876424599,1.4578941226807733,1.1092613481660119,4.995760239604808,6.261698237971139,1.928468629662764,1.3816951262203898,1.0,1.0,3.5133874740918962,25709,187.0,137.0,False,0,0.0,1,1,0,0,88.0
CC Causses Aigoual Cévennes,epci,200034601,8.631256952169077,9.242862439747867,4.3114571746384875,10.0,9.0,3.1631442343344456,6.460697070819429,7.296625880608083,7.738969225064887,8.919540229885058,10.0,7.39340007415647,10.0,9.454022988505747,8.470893585465332,8.0,10.0,6.496477567667779,7.596218020022247,8.325546903967371,9.099369670003707,7.469225064886912,9.088987764182425,8.208008898776418,5.631998516870597,1.7239525398591027,4.0,10.0,7.704380528629693,5394,11.0,490.0,True,0,0.0,2,2,0,0,211.0
CC du Piémont Cévenol,epci,200034411,5.575177142857143,8.033554285714287,6.393051428571429,7.0,9.0,4.35968,4.961965714285714,5.563931428571428,4.772982857142857,5.737234285714286,6.544777142857143,6.391405714285714,8.325257142857144,6.50944,7.971245714285715,9.52576,10.0,6.901531428571428,8.348434285714285,8.11094857142857,7.43584,5.884937142857143,7.248365714285714,7.12544,5.074422857142857,2.5136914285714287,6.030354285714286,10.0,6.833551020408164,21875,48.0,455.0,True,0,0.0,32,2,27,0,121.0
CC Pays d'Uzès,epci,200034379,5.8751933623962875,7.397096048375756,6.71653072704261,6.295949936717761,7.0,4.152475038672479,4.4497609337645905,8.46702292223316,7.2995710870482355,5.408768105751652,5.6230487976374635,5.795598368724511,10.0,5.388482632541133,7.54967655744621,9.188264660385318,9.0,7.538074813668963,9.726550414850232,8.211081423147236,6.93299114048657,5.189846716354943,8.237167768246378,7.927506679791872,4.031570805793841,1.2117494023344115,6.107685276332442,9.0,6.775773700705144,28445,59.0,482.0,True,1,5.0,6,0,5,0,143.0
CC du Pays de Barr,epci,200034270,4.222245133619268,7.06124216430221,5.708677004289013,8.0,1.0,4.168673705047839,10.0,4.938386671065655,3.648424612339162,4.63617617947872,3.8408940943582977,5.040333223358627,5.441355988122732,4.822624546354339,3.858008907951171,3.706862421643022,2.2976740349719567,5.593409765753877,5.31503629165292,7.968574727812603,2.896445067634444,2.0610359617288023,4.982926426921808,6.637248432860442,4.078769383041901,3.115927086770043,2.2062850544374792,1.5953480699439129,4.601520891266438,24249,126.0,192.0,False,0,0.0,3,0,3,0,96.0
CC de la Costa Verde,epci,200034205,6.420410843260482,7.669449394991089,7.0652846824875715,7.0,10.0,9.431010224181597,10.0,8.849826470312353,10.0,6.984898227183191,5.992120814182535,7.861645249038552,9.17606228308789,7.160303911452959,7.759028233749179,10.0,9.0,8.348278773098208,8.527436450614388,9.61729668886596,8.54028702748335,8.653878623018478,8.004127192571053,7.674233186380264,6.6202982834630895,3.338242191164056,9.0,10.0,8.167647098235223,10661,57.0,187.0,True,0,0.0,1,1,0,0,154.0
CC de Montaigne Montravel et Gurson,epci,200034197,8.325174825174825,7.232933732933733,4.087246087246087,7.0,7.0,6.307359307359308,4.412254412254412,6.502913752913753,7.171578421578421,5.001581751581751,2.962787212787213,4.725441225441226,7.0,6.574841824841825,6.706460206460206,7.065434565434566,6.0,7.164835164835165,8.480436230436231,8.648601398601398,6.804029304029304,4.035964035964036,7.675740925740926,7.752580752580752,7.970612720612721,4.525724275724276,10.0,8.0,6.611947576233292,12012,45.0,266.0,True,0,0.0,1,1,0,0,125.0
CC Gally Mauldre,epci,200034130,4.062085264975911,6.986273975093173,3.942096173075175,8.0,1.0,2.8141987092082537,1.3995545859467322,4.154667757476593,1.866875738569221,2.035360421779838,1.2671120807199345,4.000999909099173,6.801336242159803,3.195073175165894,3.0043177892918824,2.364739569130079,2.5779929097354786,7.923779656394873,9.625443141532587,9.655576765748568,2.3893282428870104,3.0156803926915736,5.1228524679574585,6.582583401508954,1.2671120807199345,1.0,1.534224161439869,2.5779929097354786,3.9345449115015514,22003,229.0,96.0,False,0,0.0,0,0,0,0,78.0
CC des Montagnes du Giffre,epci,200034098,8.578522605616405,9.240138351313513,3.0986576628510254,8.0,1.0,6.757720497405913,3.4219715062175737,4.514946882977847,2.6224162068681545,5.4919706826978505,5.144527711438689,6.176233220785638,2.646710038705427,6.75557934612534,1.5846166515688052,3.664909824590299,1.0,7.563863954541711,8.647286502511735,9.602157621675039,1.1628922012682203,1.0,4.609239891295396,6.1779626122045626,3.328172609734003,2.5876636745450052,2.1236103104669355,1.0,4.55363466312161,12143,34.0,357.0,False,0,0.0,4,0,2,0,89.0
CC du Cordais et du Causse (4 C),epci,200034064,9.005530973451327,8.414823008849558,5.7334070796460175,10.0,9.0,6.380752212389381,3.2579646017699115,5.7163716814159296,6.161504424778761,7.2420353982300885,8.624778761061947,7.085619469026549,10.0,8.32787610619469,6.931858407079646,6.0,6.0,8.138053097345132,10.0,8.647345132743363,8.126991150442478,6.592920353982301,8.713938053097346,8.270132743362831,4.071902654867257,1.258849557522124,6.0,8.0,7.203666245259165,4520,17.0,265.0,True,0,0.0,3,2,2,0,200.0
CC du Lautrécois et du Pays d'Agout,epci,200034056,8.559478393563154,6.37157522369425,6.174654921273497,4.0,7.0,7.424706943192065,1.5356176735798017,6.230769230769231,4.935770271207602,3.844974682666297,3.0606228757716583,5.569813414718735,7.0,6.3109523479225915,5.294860234445446,5.51307484220018,5.0,4.314697926059513,4.315044738849969,6.5076645626690715,4.442255670389124,4.76985503225359,6.374973989040716,6.846708746618575,4.923631823541652,3.42380522993688,3.0,5.0,5.276625313370128,14417,36.0,400.0,True,0,0.0,2,1,1,0,104.0
CC Centre Tarn,epci,200034049,7.972422494592646,7.075162220620043,7.05416366258111,6.0,8.609949531362654,4.949351117519827,1.6560922855082914,6.085706560922855,4.371304974765681,5.334444844989186,3.9603460706560925,4.487292718096612,1.3108327325162221,6.427451333813987,5.973774333093006,7.135003604902668,3.310832732516222,5.184120403749099,5.902487382840663,7.375180245133381,4.973684210526316,5.02838860850757,6.547764960346071,8.11733958183129,5.934390771449171,5.230263157894737,3.310832732516222,3.0,5.439949402616129,11096,33.0,336.0,True,0,0.0,4,1,3,0,104.0
CC des Monts d'Alban et du Villefranchois,epci,200034031,8.423850350740452,7.823694466095089,4.253780202650039,10.0,8.867498051441933,6.796258768511302,1.8388152766952455,4.551363990646921,4.191114575214342,5.872954014029618,4.80514419329696,3.5323460639127044,1.0,8.010911925175371,4.991270459859704,10.0,2.0,4.8556508183943885,5.435541699142634,6.1658612626656275,5.985814497272019,5.034138737334373,7.510366328916602,7.817614964925955,6.510678098207326,5.12112236944661,2.0,3.0,5.585563968377686,6415,18.0,356.0,True,0,0.0,20,1,16,0,136.0
CC Tarn-Agout,epci,200034023,6.776767993314531,5.720916466450782,3.9174414150910546,2.0,4.0,5.343883839966573,1.222918625300324,8.615167659041052,9.16894738674745,4.495455969915387,6.9911556809081095,5.0977401720115605,3.793098645496013,4.260036909363139,4.440335666283645,3.628538598140604,4.843274487273233,5.016748494028343,4.411365298234618,7.688777464396392,4.49260071729517,5.569100595424632,5.067342177652425,6.193251854173195,3.1317594623768237,1.9251714892579825,6.421637243636617,8.742922803718793,5.1062984684106585,28722,110.0,261.0,True,0,0.0,4,2,4,0,84.0
CC des Ballons des Hautes-Vosges,epci,200033868,5.667504797194469,9.394428637596771,4.500496261496725,10.0,7.0,7.0449943757030375,10.0,3.5314629788923444,2.404552372129954,7.251968503937008,7.127638456957587,5.720307020445974,10.0,8.217891881161913,8.321908290875406,9.488652153774895,9.766558591940713,6.945477403559849,7.879176867597432,9.088268378217428,4.404420035730828,4.331105670614702,8.157215642162377,8.127241447760207,9.697214318798386,9.930655726857673,8.458744127572288,7.983722622907431,7.515771662995908,15113,77.0,196.0,False,0,0.0,2,1,1,0,147.0
CC de Fium'orbu Castellu,epci,200033827,7.928213432030226,8.262317834836919,8.118667591950034,7.0,10.0,10.0,10.0,5.625568663736603,10.0,6.658493330249056,5.4550852031768065,8.298480993137481,9.674454468347598,8.176035160767984,7.747397640527412,10.0,7.908242732670214,8.236872542216053,9.510062456627342,9.074793738915876,7.0464183822962445,7.6957359858123215,6.118127843318683,7.711697123910865,6.550235176189375,3.145115274886267,9.228005243272419,7.608682242270029,7.956382252183778,12969,19.0,682.0,True,0,0.0,1,1,0,0,119.0
CU d'Arras,epci,200033579,3.894796119014429,5.0126104336105906,6.951700008308485,4.534078635192896,8.912456265059129,3.3332256307524717,5.721379577744338,2.486277152589939,1.2892552828115913,6.348245524957766,7.237401105951645,7.138714769716496,6.510011724195231,4.303628961531715,6.198609713541907,4.571291415488862,7.582434016783139,4.601506605245423,3.818136499173767,7.525917856780185,6.226304662906308,5.946908782068443,4.562853687582508,6.174995153383861,3.9007228381784107,2.891241933845998,2.7230135797568384,7.4698078893679085,5.280983065197867,108338,352.0,307.0,False,7,5.0,54,3,7,0,79.0
CC des Coëvrons,epci,200033298,6.028420655861289,6.209800226159065,4.4771956275914055,4.0,2.0,5.451111948737278,6.281869581605729,7.619185827365247,8.599509988692047,5.901771579344139,7.384922728986053,4.297059932152281,2.204523181304184,7.424236713154919,4.216471918582736,2.3244251790425934,2.3244251790425934,4.707312476441764,4.094760648322653,7.1415755748209575,4.628835280814172,4.655333584621183,6.563852242744064,7.7273652468903125,8.2,9.387184319638145,7.648850358085187,3.204523181304184,5.525161542189436,27185,34.0,780.0,True,0,0.0,8,1,8,0,100.0
CA Chartres Métropole,epci,200033181,4.904396596656854,5.210381811641548,4.783290143078426,1.846071399731315,4.525844412306653,4.086661919409186,5.815436906745755,6.746760730881888,3.6041961840859207,5.553402976089973,6.519802670699389,6.122897686813147,5.570933570206799,3.697538522526226,5.455090699535307,5.855313869577666,5.935405486752949,6.475682540614746,7.245230107400583,8.715649065108392,5.288050859278075,4.731102122317738,4.856671976743333,6.734618518708844,4.834846827535072,4.290267877462028,3.786233932124006,5.734486378552185,5.318795206878002,136232,157.0,867.0,False,4,5.0,13,3,10,0,82.0
CC de la Haute Vallée de Chevreuse,epci,200033173,4.296933343926273,6.668149678239454,1.5367045364264718,8.0,1.0,4.504170970048463,1.0,4.835345991896401,2.1563120680066734,4.363311352983237,1.85048065464368,4.689957893064273,1.7191546834035116,3.4264320330499722,2.9744577738937,1.33419400969254,1.22427901803448,7.481608008262493,8.333717327401287,9.470366250893779,2.422419957098594,2.6601652498609676,6.31198855962501,7.169063319297688,1.0,1.0,1.0,1.22427901803448,3.7019104177779796,25177,296.0,85.0,False,0,0.0,1,1,0,0,97.0
CC Cluses-Arve et Montagnes,epci,200033116,6.8775904346505214,7.005793893626717,3.820693097237593,3.0,3.843738471887681,4.766095957294447,2.897836512379836,2.97515352733112,1.1820844997070503,5.918972289130482,6.08291560879283,6.023023674673958,4.733046893648417,3.4482998068702124,6.04945424560033,7.6863485450166005,4.383004578694964,8.596684243647331,9.748388776772346,9.787101534188313,3.5921272486600264,3.4755115769372655,2.934574571967971,5.422194735585791,6.23145194540286,6.586485254866219,5.907775101447388,4.139704446325109,5.254144695440835,46087,227.0,203.0,False,1,2.0,12,0,7,0,64.0
CC Plaines et Monts de France,epci,200033090,4.5164874984901555,5.1497765430607565,3.2152433868824737,8.0,2.0,3.8731328260256874,2.346338124572211,4.490196078431373,2.272416153319644,1.7951040785924226,1.1318194628980955,4.849740306800339,1.0,3.0194870556025286,3.252566735112936,1.0,4.338809034907597,6.374924507790796,8.06268873052301,8.858396746789065,2.017755767604783,1.2417763820107097,1.1768329508394733,3.2556669485042478,3.266859926722229,3.4534364053629667,3.5831622176591376,2.778596448846479,3.582900511333897,24837,171.0,145.0,False,0,0.0,0,0,0,0,37.0
CA de Bar-le-Duc - Sud Meuse,epci,200033025,5.674107402031931,7.512685050798258,6.384963715529754,2.0,8.855152394775036,6.0222060957910015,2.2427866473149494,5.170798258345428,2.273933236574746,7.061219158200291,8.090014513788098,6.3776197387518145,7.234716981132076,6.86388969521045,5.981567489114659,5.374339622641509,7.352075471698114,4.971872278664732,4.979709724238026,7.355210449927431,6.58510885341074,7.763657474600871,7.2058345428156745,7.555500725689405,6.476632801161103,5.697910014513788,5.131727140783744,8.662293178519594,6.173483309143686,34453,86.0,400.0,False,1,6.0,6,2,4,0,133.0
CC Berry-Loire-Vauvise,epci,200032514,6.116076294277929,7.452316076294278,5.567484105358765,9.0,6.0,6.4056312443233425,7.885921889191644,4.300454132606721,4.659763851044505,7.73369663941871,10.0,5.523887375113533,9.0,9.233787465940054,7.156403269754769,8.0,7.0,3.1444141689373297,3.0463215258855585,4.887920072661217,6.675567665758401,7.534604904632152,8.244323342415985,8.677202543142597,8.974750227066304,8.163124432334241,10.0,7.0,7.049416115219928,5505,19.0,289.0,True,0,0.0,1,1,0,0,144.0
CA Val de Garonne Agglomération,epci,200030674,7.605886945399578,5.95669507151044,5.876530290194515,6.291191176226309,7.291191176226309,5.36859852826365,6.407783923855085,5.36230295177821,3.004584641451139,5.803292304114549,6.731864919187389,6.052042324878324,6.789156326306872,5.483264397601369,7.07041411272238,9.131011112772214,8.079433896446902,7.835683792628029,7.795568179930566,9.63208252354612,6.666733110745668,5.295061543828176,7.822860085380642,8.470357635255228,7.792960249829737,6.482217903357087,7.8455839603993285,8.070497167821133,6.857673223273464,60207,89.0,676.0,False,2,5.0,16,4,12,0,128.0
CC du Trièves,epci,200030658,8.721980198019802,9.47990099009901,6.102277227722772,8.0,6.0,3.978019801980198,5.730891089108911,6.7253465346534655,6.801782178217822,5.645742574257426,5.832970297029703,5.496930693069307,8.0,7.564158415841584,4.141485148514851,3.0,1.0,3.684059405940594,4.091683168316831,5.09049504950495,5.021089108910891,6.735445544554455,6.486435643564357,6.083366336633663,3.060990099009901,1.4746534653465346,2.0,2.0,5.283917963224893,10100,15.0,673.0,True,0,0.0,2,1,0,0,110.0
CA du Caudrésis et du Catésis,epci,200030633,1.794872589264968,5.063728603516381,7.305460460072806,7.0,10.0,4.380280381070405,3.0086592827821237,3.231151731082023,2.464131360855085,5.255146774068623,7.384478351793045,6.78136472775153,9.770149484935326,7.202617922701572,9.196592053287894,9.740903105878708,10.0,3.1760049570133995,4.338440089845868,5.216497560219968,7.734226628456355,6.850034854000465,4.533250716443343,6.381240802416544,8.634110448454805,9.383765781116876,9.813554333514057,10.0,6.630023678590791,64557,172.0,375.0,False,1,3.0,52,1,19,0,76.0
CC du Ried de Marckolsheim,epci,200030526,2.826099837061176,6.507727250283908,5.136424233446896,8.0,1.1211672344837802,5.55053572310275,10.0,6.326272650965289,4.056880462153755,2.589739791635807,1.9951118352836616,4.522046116624698,5.30079494395892,5.103490840863082,4.884955315261936,6.821804177158939,5.506245988248654,6.0975164173208904,6.896361032933393,8.537500617192515,2.695106897743544,1.6022811435342912,3.418259023354565,5.332790203920407,6.962573445909248,8.770404384535624,5.821804177158939,4.177652693428134,5.234340944198744,20253,109.0,185.0,False,0,0.0,1,1,0,0,76.0
CC d'Aire-sur-l'Adour,epci,200030435,7.954906542056075,7.797040498442367,5.485514018691589,5.0,3.9373831775700934,7.28411214953271,6.836059190031152,4.335358255451713,4.558566978193147,6.471028037383178,7.643613707165109,6.255218068535825,9.0,7.659345794392523,6.0582554517133955,5.523520249221184,5.0,5.755919003115265,4.29088785046729,7.977258566978193,6.59898753894081,7.828504672897196,8.213239875389409,8.133411214953272,6.835358255451713,4.851323987538941,7.429439252336449,8.476479750778816,6.542526145972407,12841,42.0,305.0,True,0,0.0,3,1,2,0,151.0
CA de Blois Agglopolys,epci,200030385,5.299419571185652,5.97503491122574,5.393285645073955,4.178270493127001,8.3069622958762,4.351183181813864,1.4389314790010164,3.4012178555482726,2.1596226737724074,6.496803366677116,6.660805380603608,6.102520258010583,4.978350290214407,4.326911567727778,5.4960908926824175,5.474868667293644,5.780928496109892,6.5888930054053025,6.820143064778136,8.810111430932771,5.390321753256006,5.757825339375112,5.960908926824171,7.693769177425024,5.215889120047119,3.516961630900472,5.263947865902894,6.352047650260766,5.471143785394692,105280,132.0,797.0,False,1,10.0,26,6,19,0,93.0
Métropole Nice Côte d'Azur,epci,200030195,3.634757786235801,5.672267227463235,7.319933578188173,6.1952279223375735,7.74359662633473,3.577018201205515,1.4005986848925551,2.0887623476445065,1.349160656368941,7.3325422448647135,8.727742769130518,7.651042977948254,5.474260622306473,2.760307598892229,6.489327710557884,7.902896050234735,5.157263080728049,8.39702397701524,9.454695066866105,9.828613953763902,6.631194185684878,6.466998282066851,6.711181745479318,8.682347126164418,3.437123276513188,1.3413299912622365,2.911739333264221,6.446679279652859,5.742344010823823,540277,369.0,1463.0,False,12,5.0,52,17,24,0,112.0
CC Rives de l'Ain - Pays du Cerdon,epci,200029999,8.356248717422533,7.487789862507696,4.609001983719817,10.0,4.0,3.8527259046446405,2.2762842875709692,3.46282235447021,1.9040290033518024,6.039742800465148,6.185033176003831,5.333538545728162,3.3040563650044463,6.001710103290239,5.3336753539913815,7.634995553731446,5.347219372050072,5.658936999794788,5.510021205280799,8.141938573089815,2.842670497298037,1.558861755250017,4.525548943156167,5.993638415760312,5.164990765442233,4.497366440933033,6.187495724741774,5.326424516040769,5.23345597216929,14619,85.0,171.0,False,0,0.0,1,1,0,0,76.0
CC des 4B Sud Charente,epci,200029734,7.623819570022102,7.3355937311633514,6.393359453486036,5.0,5.0,7.48437813944143,7.236638537271449,5.036065903154511,4.781946955997589,5.916917821981113,6.070223025919228,5.796564195298372,9.234880450070323,7.232670283303195,5.445047217199116,6.70464135021097,5.469760900140647,5.806560176813341,6.310980510347599,6.869449467550734,6.162296564195298,5.491058870805706,7.78400642957605,7.415410890094434,7.955294354028531,5.90797669278682,7.765119549929676,6.70464135021097,6.497689371107092,19910,31.0,642.0,True,0,0.0,10,2,7,0,134.0
CC des Savanes,epci,200027548,7.178144164069569,10.0,10.0,10.0,10.0,4.961261351831373,6.8276867397205185,10.0,10.0,2.521061626621092,2.194028350256359,9.893334673770987,10.0,5.871250963439563,9.849904493817231,10.0,10.0,10.0,10.0,9.956569820046244,10.0,2.0970141751281792,1.0,1.409872323313562,6.434536376126806,6.4316879461144065,10.0,10.0,7.7366554644377095,29843,2.0,14920.0,True,3,7.0,6,3,2,0,15.0
CC d'Auberive Vingeanne et Montsaugeonnais,epci,200027308,5.666466418358765,7.965276943409828,2.936321038087228,9.0,4.0,5.624894869638352,7.852457046737955,7.5135167607833715,6.307821698906644,5.957827706355881,5.649525411510273,4.0424125916136004,1.0,8.490328006728344,4.615042652889583,7.0,5.0,3.2032920821819055,2.792743001321639,3.4067043133485524,3.9181785413913253,3.1473026552925627,7.0762946053105855,5.076775201249549,7.475189234650967,7.50222275621771,2.0,3.0,5.257878340570879,8323,10.0,832.0,True,0,0.0,9,2,7,0,120.0
CC Sarlat-Périgord Noir,epci,200027217,8.977406066658345,7.2557108975159155,6.706091624016977,5.0,7.0,5.578891524154288,4.258519535638497,4.525277743103233,1.7252527774310322,6.836849332168269,8.220883784795905,6.02515291474223,9.548807889152416,6.074460117338659,7.849831481712645,10.0,9.548807889152416,7.2625764573711145,8.53932093371614,9.35657221320684,6.24310323305455,6.687055298963925,8.455623517663213,8.107227562102109,6.3817875421295716,2.8709898889027587,7.548807889152416,9.0,6.985178861208694,16022,68.0,235.0,False,0,0.0,2,1,1,0,163.0
CU Perpignan Méditerranée Métropole,epci,200027183,3.8103374403415757,5.200627414745737,7.798198976911585,7.398568570396009,10.0,4.055569423590645,3.062897955686039,3.8024127897229167,1.8891256804134082,7.089086187561242,7.321412204781616,8.228950496082383,9.643077759935618,3.8469912780408566,8.736057346601939,9.492576461514961,9.439294642757346,7.455222184550843,8.566454175251394,9.357894658405458,8.163861804823345,6.634016758381986,6.642105341594543,8.526819744935787,5.083709943629542,2.6729395722104448,7.821700949691323,9.400178090408826,6.82643170903455,268442,415.0,646.0,False,9,3.0,53,13,42,0,110.0
CC Méditerranée Porte des Maures,epci,200027100,7.82859474901374,7.0766335645943865,4.755634154083345,4.0,3.0,9.122069559697094,8.737926812678547,6.352741123656646,4.5806012787375865,6.33299324354963,5.031084206230445,6.010293384120074,5.200970389516166,4.581938965220152,6.971477803473451,6.111821520881513,8.732485376139302,6.537500566816306,7.644742211943953,9.040946809957829,5.804516392327574,5.539382396952796,8.146011880469777,8.801251530404027,5.15458214301909,2.135582460436222,5.362739763297511,8.952523466195075,6.340965919764721,44109,102.0,432.0,False,0,0.0,5,3,1,0,165.0
CC Arnon Boischaut Cher,epci,200027076,5.490254132741179,8.305699481865284,6.4526276831976315,9.803232173698495,5.196767826301505,6.317049099432519,5.477300764865531,6.1043671354552185,4.7156427337774485,7.313964964224032,8.24031581544535,4.976683937823834,7.0,8.370219590426844,6.596101653096472,4.0,7.0,2.998766345916605,3.041820873427091,4.969528744140143,6.696027633851468,6.768073032321737,8.09437453737972,8.104613866271897,8.674438687392055,7.857883049592894,6.0,7.0,6.484491205808747,8106,21.0,386.0,True,0,0.0,3,2,1,0,142.0
CC Arc Sud Bretagne,epci,200027027,8.596470376373132,5.9953178462092565,3.1006302899333695,1.0,2.0,4.258454889249054,7.0762830902215015,5.302179002341077,4.406771114712768,5.9854493066810734,5.795569962182604,3.1579326490185484,1.9213037997478841,6.333369349900955,5.0886367729155415,7.166396542409508,2.985737439222042,2.524941473077616,2.2977129479560596,5.984476859355303,3.0222582387898433,3.402413110030614,7.269475958941113,7.927534665946335,6.179254457050243,5.394129299477759,3.6091121916081397,3.6511435260219702,4.694034112834761,27765,78.0,355.0,False,0,0.0,1,1,0,0,135.0
CC Haut-Jura Saint-Claude,epci,200026573,8.991212046408295,8.774574179215008,6.364107627746236,3.0,1.0,5.476820538138731,5.811552703036288,6.086793384349543,5.826117008146137,6.745643051098495,7.429967909158233,5.252431498395458,3.550925697358677,6.701505801036781,5.811453961984695,6.088768205381387,4.449074302641323,7.47923969390274,9.305652925203653,9.021969883979265,4.683139965440632,7.411997037768452,6.869859294001481,8.249814860528264,7.277116761293508,6.132115527030363,4.898148605282646,4.449074302641323,6.183538456113128,20262,55.0,368.0,False,2,4.0,9,3,2,0,113.0
CC Gâtinais Val de Loing,epci,200023919,5.542991503233046,5.626569764334954,5.837599529738684,8.0,7.0,5.5225778870304065,2.7687169347512426,6.844012184043178,4.3219152460856085,4.913856677176295,4.303211671030835,5.526639234756586,7.474002030673863,7.021161759204831,7.070004809490729,5.042590712339016,9.842622775610538,7.345588628226366,8.585208144070966,9.140864639555389,6.062256185539464,4.929033292363598,5.650991289477903,6.6116069042911345,7.364292203281141,6.45882541548656,9.44519852508951,8.815689627531663,6.538143841943339,18714,55.0,340.0,True,0,0.0,1,1,0,0,94.0
CC de Blaye,epci,200023794,6.557456359102244,5.977356608478803,5.276309226932669,6.0,7.0,4.227730673316708,4.342044887780548,3.7479800498753115,1.993715710723192,5.919351620947631,5.791670822942644,5.37645885286783,2.961795511221945,6.51281795511222,7.397655860349127,8.384189526184539,9.240448877805486,4.208678304239402,3.56788029925187,7.510523690773067,6.9153615960099755,6.462044887780548,6.216708229426434,7.782693266832918,7.208329177057356,5.471072319201995,9.0,9.240448877805486,6.081811542572141,20050,97.0,206.0,False,0,0.0,4,1,2,0,106.0
CC du Pays de Saint-Gilles-Croix-de-Vie,epci,200023778,7.770094061604295,5.253643373299423,2.1527794598522467,1.0,1.0,5.267530580113843,10.0,8.703564652214283,8.399701263574341,6.022889669371442,4.997759476807557,3.7131726615800735,4.472144846796658,4.425840700819506,6.324129021840055,9.091800896209277,5.73571918775988,2.8500262403617134,2.116487021113399,6.481106939566429,2.722578822009608,2.8996810786807155,8.960760566791812,8.956622663598562,8.091538492592145,6.751624883936862,3.475495539138509,4.538290743207783,5.434820815815729,49545,168.0,294.0,False,0,0.0,9,1,5,0,205.0
CA du Grand Cahors,epci,200023737,7.140920236549834,6.86980143276119,5.434588201355834,4.478412423674215,9.478412423674214,4.84294918024905,5.02889561998173,3.5503629982210683,1.9922352036155584,6.651137073897783,7.8180681763546325,6.726429155247849,8.084499254771863,5.244530987066686,7.308836963315544,8.56291167844608,9.915500745228137,7.075219962498197,7.658853791047647,8.779556709457186,6.807033992018847,6.815351699600942,7.566926294533391,7.853887206115679,4.11863551132266,1.5074282417423914,5.703327083032838,9.478412423674214,6.517611595337688,41604,69.0,602.0,True,1,3.0,20,3,11,0,136.0
CC de la Gascogne Toulousaine,epci,200023620,7.166009517335146,5.32648991615681,2.9156582823476094,8.73197371402674,4.195921142080217,4.6712893723090865,1.2657602537956039,6.202447314751869,6.633945162021301,3.835712667119873,4.72390663947428,6.033038749150238,4.27609336052572,4.403172445048719,2.6338092000906412,4.080172218445502,2.0,5.85429413097666,6.582687514162701,8.734194425560842,2.706050305914344,4.641468388851122,2.6525719465216406,5.072830274189894,1.8198504418762746,1.1101291638341264,1.0,2.268026285973261,4.340625101162151,22066,92.0,239.0,False,0,0.0,3,1,1,0,58.0
Métropole Rouen Normandie,epci,200023414,4.377734873815657,5.32813207382459,6.355232625417958,5.442521210054144,9.067518926128717,3.5127077610831288,1.3721844274858752,2.0842352301080247,1.1552947481896085,7.1325042176489575,8.178741019097677,7.373966904397927,6.132650388876369,3.3529933634202442,7.094641809437383,6.624362277266517,7.280386866515217,6.617116650729942,6.780182835843621,9.142890495418953,7.034350238441815,6.623410134132403,4.519096661814594,6.734368306829648,4.920450369792904,5.369512742273734,4.250638991580943,7.220345004699811,5.752791826940228,492672,741.0,664.0,False,19,9.0,77,10,43,0,79.0
CC de la Vallée de Chamonix-Mont-Blanc,epci,200023372,8.82099946429938,7.483355016453662,4.252085405984541,8.0,1.0,3.548404377439351,1.030917578633198,5.937016912833856,8.108670697176093,7.288972220096426,7.253003749904339,6.556286829417617,2.9109971684395806,6.0035968470192085,1.35631744088161,1.0,1.0,9.34858804622331,9.920333664957527,10.0,2.3739190326777377,1.0,4.685084564169282,6.819086247799801,2.534476161322415,1.0,1.2277492921098951,1.0,4.694995025637101,13069,37.0,353.0,False,0,0.0,1,0,0,0,96.0
CA du Grand Villeneuvois,epci,200023307,7.5516663173338925,6.214588136658981,7.077216516453574,7.0,9.459232865227415,5.032613707818068,3.5716411653741353,3.7177740515615176,1.9447076084678265,6.449633200586879,7.534562984699225,6.016726053238314,8.373129322993083,5.267449172081324,7.475833158666946,8.76038566338294,8.804778872353804,7.6785789142737375,8.565499895200167,9.50056591909453,7.836134982184029,5.986585621463005,8.189457136868581,8.909390064975897,7.262649339761056,4.726178998113603,7.911213582058268,9.539467616851812,7.012773602419379,47716,134.0,356.0,False,2,7.0,7,3,5,0,130.0
CC Cœur de Tarentaise,epci,200023299,7.247713414634147,7.670405052264808,6.396014808362369,8.0,2.0,6.177373693379791,7.0,2.8496297909407664,2.561411149825784,8.071537456445993,8.474303135888501,6.678462543554007,2.38316637630662,7.638501742160279,3.716898954703833,2.911476480836237,1.3822952961672474,8.212870209059233,6.925849303135888,9.697844076655052,3.7495644599303137,3.9288980836236935,4.470492160278746,6.931075783972125,6.110627177700349,6.252395470383275,4.767203832752613,1.7645905923344947,5.498950037332004,9184,33.0,278.0,True,0,0.0,2,1,0,0,85.0
CC Pays de Nemours,epci,200023240,6.012405446293495,5.5545469826861655,5.516759119179694,8.0,8.327483610690873,4.700621953269457,1.1720961506135485,3.564296520423601,1.5429147755925365,5.795091612035637,6.707480248781308,6.701395192469323,8.263640948058498,4.938712388636746,6.67752563456043,8.487611363254329,9.259505799293999,8.379727685325264,9.491242225584132,9.349470499243571,6.317734072953438,6.460716086737267,5.0139855437888725,7.055572365103378,6.161976802824004,5.607093629181375,6.259505799293999,9.07651706169104,6.442701054198786,29749,132.0,225.0,False,1,11.0,2,1,1,0,86.0
CC Les Portes Briardes entre Villes et Forêts,epci,200023125,4.873348041678499,5.398632560781144,2.5675964962100526,8.0,1.0,5.640118831778763,1.0,5.883024967779987,2.342274842176544,3.412918587125101,1.936411891915507,6.572817230607921,7.717490552436707,3.3574783197535987,3.8914786255706764,2.0905873872299527,3.0296861006138185,8.252124336486162,9.68732388212936,9.84366194106468,3.222066886563708,2.701260403241661,3.2362436925227724,5.15528954324035,2.9513532405688196,2.190283754559951,1.5612180257323227,3.3751938661831846,4.31749585742683,45786,683.0,67.0,False,1,4.0,5,1,4,0,64.0
CC du Pays de Maîche,epci,200023075,2.893392828342562,7.838503306273856,3.663566474920703,8.995752916509865,6.97451749905919,4.6999086070641365,9.009623138540938,4.738885006182463,5.901349389817752,6.589860760174184,7.704639535508844,5.623246062039676,1.330896188376969,6.378581796677598,5.293478845223375,9.085801838610827,2.689640341917101,5.626740497822698,6.102628890919843,7.404064297618407,4.497768937153916,4.31525186817913,4.642599860222568,6.110585452395033,8.008547927530778,9.881296704478254,4.085801838610827,1.4597602279447341,5.769524679932722,18601,48.0,387.0,True,0,0.0,4,2,1,0,79.0
CC du Grand Pic Saint-Loup,epci,200022986,5.0809138407950005,6.594611207868046,3.1028378239934433,1.0,5.0,4.702940272513062,2.3052146296486016,5.834996414301814,3.202889048253253,3.0160024587644707,1.2556500358569818,4.843704538469419,5.141952668783936,3.4843356213502714,4.565126523921729,3.1276098760372912,7.0842946419424235,4.992316361028583,4.739473414609159,8.109025714578424,2.619588156951132,2.633357237987911,5.522385001536728,5.501178157975617,1.3703718881262166,1.0,1.0,5.499006249359697,4.011777920880472,48808,84.0,581.0,False,0,0.0,16,2,13,0,91.0
CA Cap Excellence,epci,200018653,6.845423715208797,10.0,5.381694860835189,10.0,10.0,5.440120000802681,1.0,6.477354363574339,2.0934119960668633,7.314119157987679,8.435273814540565,10.0,10.0,5.473210523147312,9.743392932394197,10.0,8.748219051632452,7.4514980033311256,8.061164288724338,9.687054762908113,10.0,7.748219051632453,3.641362149579596,5.683262095398631,5.001183954407722,4.435273814540565,3.8416310476993156,10.0,7.232245342300424,99685,837.0,119.0,False,10,25.0,18,7,5,0,66.0
CC du Val de Bouzanne,epci,200018521,7.14929107589658,7.516096747289408,4.813844870725605,10.0,4.0,6.236030025020851,3.0111759799833195,9.372977481234361,8.948457047539616,6.82535446205171,6.991826522101752,4.515095913261051,6.0,8.710091743119266,4.509090909090909,5.0,8.0,4.188657214345287,3.6103419516263555,6.175646371976647,5.421517931609674,6.8498748957464555,7.465054211843203,7.744453711426188,8.797331109257716,8.201000834028356,10.0,6.0,6.644757536041941,5995,21.0,285.0,True,0,0.0,2,1,0,0,131.0
CC du Romorantinais et du Monestois,epci,200018406,6.240510100709136,6.373845420415947,6.0570883737560335,4.5323580239556644,8.064716047911329,8.43367498957154,2.083576664084381,4.845122459924915,2.127137834455634,6.181574399618616,7.680233597521006,5.202580299147845,5.747571658423217,5.731690602467076,6.174036112269829,5.500148978010846,9.0,6.590668017400632,6.962546928073416,8.72579107323759,7.7319289672844285,5.510547643167868,7.781270484476491,8.190304511054169,8.642393182766224,7.7038019188367794,10.0,10.0,6.7076827960193075,33566,68.0,493.0,False,1,4.0,4,2,2,0,124.0
CC Le Grésivaudan,epci,200018166,6.814760561164801,6.9201805008012425,3.9472851145826167,1.0,1.0,3.8752814180520465,1.5136112940806354,4.769527217672562,2.3395695901373417,4.232891257115329,3.0976729553565283,5.011325540470128,2.8329777716605875,3.8725286825211125,2.970516236224033,2.289155205127953,2.3986452608708477,5.466460866915068,6.492857634417059,8.049244472408741,1.6987917457258865,2.437380182270417,4.469252927239301,6.372720390888445,2.083034301050955,1.8860170866226884,2.080576501469764,2.557753374558825,3.6600006460501757,101719,139.0,731.0,False,0,0.0,9,1,0,0,78.0
CC de Desvres-Samer,epci,200018083,3.291682818624284,6.625231511392514,6.213248912434854,5.0,5.0,5.787957100400568,8.340913985441702,5.381961493733041,4.0835163888529955,2.949778179782056,3.6534435973640007,5.245466683895422,6.650600852823362,6.0486712322866865,5.749106258345178,7.431321876211396,7.246414265408967,1.8044967050006462,1.4109058017831762,3.9579618383081363,4.9117887754662535,5.236163156307878,3.980014644441573,6.443812723435414,6.139337554378257,8.582073480639187,4.88331825817289,5.445018736270836,5.267650243971475,23217,93.0,249.0,False,0,0.0,7,2,2,0,69.0
CA Étampois Sud-Essonne,epci,200017846,3.4269226521370983,5.388708905496447,6.3336708021941615,2.0,5.861576409085889,4.817472296874425,3.9944961896697713,3.937378051025292,2.4556381842948127,4.539944041527077,6.237841917313993,6.343813275411406,6.590122593233443,4.981518978021573,6.043496668261974,4.898483230865516,5.605382321540331,8.068346648013842,9.20194750211685,9.29424216765453,5.19235725067187,5.631907374001399,3.2178883039428636,5.1133343150609285,4.76469830283842,3.8312410263962007,6.486341714832677,5.446710598976549,5.346624347194977,54330,110.0,493.0,False,2,3.0,7,3,0,0,58.0
CC Lodévois et Larzac,epci,200017341,5.573819567288067,8.03027622805824,7.445638862430263,7.0,8.0,4.248809361817934,1.3710028575316369,3.1554633283439926,1.8331745815757245,7.21363450809634,8.704721730847734,7.03286161382501,10.0,6.544155667437747,7.958974010069397,10.0,10.0,7.674513539257042,9.937406449857123,8.39399918356239,8.268199755068716,8.601578446047082,7.131310382364948,7.150020410940264,5.616546468907334,2.9930602803102464,6.50741597496258,10.0,7.013806543164279,14699,26.0,565.0,True,1,21.0,4,2,0,0,121.0
CC du Pays de Lamastre,epci,200016905,8.861934710991315,8.608565438754118,6.7243186582809225,8.0,3.0,4.892782270140761,4.231057202755316,4.179994010182689,4.7030548068283915,7.55884995507637,9.04073075771189,5.311171009284217,3.0,8.930518119197364,5.370170709793351,6.59958071278826,2.0,5.273884396525906,4.261305780173704,7.54282719377059,5.4748427672955975,7.538035339922132,8.405061395627433,8.603174603174603,8.322401916741539,6.02156334231806,5.0,5.0,6.159136610619091,6678,29.0,230.0,True,0,0.0,0,0,0,0,172.0
CC de l'Oriente,epci,200015162,7.571808953236811,7.625728074554835,4.439673822599434,8.0,10.0,10.0,10.0,9.527708437343984,10.0,7.165085704776169,6.277750041604261,6.751372940589117,6.63954068896655,9.37044433349975,6.682642702612748,8.7209186220669,7.0,8.891662506240639,9.908803461474456,9.26510234648028,6.8771842236645035,6.636378765185555,7.661674155433516,6.985188883341654,6.264603095356964,1.908803461474455,9.0,10.0,7.827574115017951,6009,12.0,500.0,True,0,0.0,1,1,0,0,184.0
CC Sauer-Pechelbronn,epci,200013050,3.7353888633225956,7.070754716981132,6.220490105844455,8.0,2.0,4.800276115968707,10.0,6.121145881270134,4.394788311090658,3.072653014265992,1.3673492867004142,4.692188219052002,2.0,5.400138057984353,3.554763000460193,2.0,2.0,4.492004141739531,4.882995858260469,7.182869305108145,2.463587206626783,2.1374252185918086,5.613782788771284,6.204210768522779,7.04958582604694,6.240623561895997,3.0,1.0,4.524893580303728,17384,87.0,199.0,False,0,0.0,24,1,23,0,107.0
CC Portes du Berry entre Loire et Val d'Aubois,epci,200011781,3.8590208052996586,7.729945140254632,6.17213538971121,9.932098126487942,5.067901873512059,4.9296139116033535,6.587930856019046,4.011696511748267,3.0747334644446744,6.426974433288479,6.46071835213746,5.127419521788635,6.334851464651693,8.044922885829624,5.826001449125349,4.997722803022461,4.0,3.459890280509264,2.9545595694027535,5.900527895662975,5.936341993582445,6.454611323879516,7.581616809854053,7.620329158472208,7.614325639167788,7.2140565158886245,7.001138598488769,5.667425732325846,5.928161089505671,9661,33.0,292.0,True,0,0.0,1,1,0,0,120.0
CA Annemasse-les Voirons-Agglomération,epci,200011773,6.084877055529734,5.6207201823694755,6.0542128676714695,6.401068986123099,5.401068986123099,2.8617068366421,1.0,1.8436690790784145,1.0821437266228449,7.6453312086404175,7.668249120244339,7.59028838279884,3.128256202554058,2.5439545846889318,8.14575172077994,8.85952681318195,6.350751388796671,9.711384812872097,9.964765509151672,10.0,7.321448332337384,3.8362990505278534,2.520494433747206,5.089403094084058,3.689861230993958,2.9564991257773943,3.0158245357767304,6.724088705929221,5.46827307046582,90378,1173.0,77.0,False,2,5.0,16,0,9,0,59.0
CA Caux Seine Agglo,epci,200010700,6.034301265757786,5.986944465839945,5.155151608513697,2.0,4.61016970910678,5.601260622865799,1.716552414696141,4.859123469151968,2.2310200518626924,4.432745384990628,5.004428868520373,4.982425736219159,5.957547048704717,5.171750237490051,6.1317492105060465,7.340188451564867,7.480320419009474,3.3421140465737245,4.0525944183419345,5.891909933502785,4.661082441140979,4.981437264114612,4.556009140157642,6.543788030501425,7.385029140671134,8.52694549282395,7.421127628437187,7.33595214254538,5.335488165843246,77903,135.0,577.0,False,0,0.0,15,3,8,0,74.0
CA du Grand Dole,epci,200010650,6.39791151415224,5.675863332417331,5.528331959329486,3.3060730970046714,6.741430796006229,4.756453238069066,9.061024090867454,4.803700650361821,1.9315929284601996,6.534652377026656,8.432628011358432,6.453549509938628,6.85638911788953,5.2850416781166984,5.3683795914628565,3.4273701566364387,5.363213336997344,5.553851790785014,6.659393606302098,8.14740313272877,5.515562883576074,6.7217550609141705,6.361454612072913,7.818539891911698,5.92551067142988,4.441952917468169,5.847339012549235,7.089640010992031,5.928786034886613,54591,127.0,429.0,False,1,6.0,10,3,0,0,105.0
CC Pays de Nérondes,epci,200007177,7.3851517637407715,6.259844134536506,6.421862182116489,9.815627563576703,5.184372436423298,5.820549630844955,6.7910172272354385,8.473338802296965,8.758818703855619,6.963289581624283,9.050041017227235,4.887202625102543,7.0,9.777276456111567,7.825676784249385,10.0,8.0,3.671657095980312,4.0676784249384745,5.35602953240361,7.751845775225595,7.386587366694012,7.635356849876948,6.292247744052502,8.305783429040197,7.0900328137817885,9.0,6.0,7.177545997890542,4876,19.0,256.0,True,0,0.0,0,0,0,0,125.0
CC de la Marche Berrichonne,epci,200007052,7.309254680324973,8.82815259625574,6.944365948428117,10.0,4.0,5.549629106322854,4.046096785588132,8.747439067467326,9.297774637937124,8.386789120452137,8.864535499823385,5.059166372306605,8.0,9.710526315789474,4.7885906040268456,2.0,3.0,6.364005651713176,6.615683504062169,7.848640056517132,7.152772871776757,6.688625927234193,10.0,9.676969268809607,9.707170611091486,8.732779936418227,9.0,5.0,7.189963162940911,5662,19.0,298.0,True,0,0.0,1,1,0,0,262.0
CC du Perche,epci,200006971,4.895650744960561,5.8037357581069235,5.962204206836109,9.0,6.0,5.93273444347064,7.353801489921122,4.963902278702892,2.5986524978089394,6.819018404907975,8.768952673093777,5.884421560035057,9.526237949167397,6.804283523225241,6.7263913234005255,3.9939198071866784,5.473762050832603,4.042397020157757,3.1591805433829974,7.467900964066608,6.563321647677476,5.721406660823838,8.610319894829097,8.589997808939527,8.517418930762489,9.015994741454865,8.0,5.0,6.471271675848253,18259,55.0,331.0,True,1,6.0,3,2,2,0,146.0
CC du Haut-Allier,epci,200006930,4.307291666666667,8.652391975308642,7.632523148148148,10.0,4.0,5.059799382716049,5.938271604938271,6.054591049382716,7.908757716049383,8.201774691358025,9.556520061728396,4.2905092592592595,1.0,9.136766975308642,4.9515817901234565,1.556520061728395,1.556520061728395,5.532986111111111,2.380787037037037,8.498456790123457,6.324652777777778,9.958912037037036,8.480516975308642,8.377314814814815,7.115162037037037,6.526234567901234,2.443479938271605,3.11304012345679,6.019834380511462,5184,18.0,288.0,True,0,0.0,1,1,0,0,161.0
CC du Nogentais,epci,200006716,4.577439676690836,6.280221086413883,6.201355045762511,10.0,4.0,4.609948888624747,3.178236063235469,4.97361226673006,3.537204326637347,5.857720194936408,7.801913704980388,6.218530845120647,8.545405919410436,7.266492333293712,7.31677166290265,9.031617734458576,7.094853203375728,6.949007488410793,8.481932723166528,8.595031498870796,5.76785926542256,5.124687982883632,5.103767978129086,6.17128253892785,8.17627481278973,9.487519315345299,7.73903482705337,9.644241055509331,6.704712944252942,16827,56.0,300.0,False,0,0.0,5,2,3,0,87.0
"CA Beaune, Côte et Sud - Communauté Beaune-Chagny-Nolay",epci,200006682,6.282485985674245,6.059813920896917,5.841034724384927,1.8060573030208658,2.403028651510433,4.628503581438804,8.589321862348179,5.042938336966677,2.278262223606353,6.124377141077546,7.19372858922454,5.324139676113361,2.5107443164123326,5.245425879788228,4.405208657739022,2.8263002180006227,5.747664279040797,6.090236686390533,7.091891155403301,7.992876051074432,3.961518997197135,4.571297882279664,6.340372936779819,7.542899408284024,5.831146838990969,5.064115540330115,5.538578324509499,5.236919962628464,5.270388897539708,51381,91.0,564.0,False,1,3.0,14,3,3,0,114.0
CC de la Région de Rambervillers,epci,200005957,7.021000996397639,8.384609488771366,6.102092435042539,10.0,9.0,5.225109220510462,9.86617613244424,5.875910170920518,5.245956924963593,5.966199126235916,7.318923890549551,6.4794205564497585,10.0,8.102092435042538,7.218747604813367,10.0,9.393883651414118,4.129531693109527,4.925040239135433,6.123170077412432,6.579213612324672,6.136046600751131,5.8789760098106845,6.860351038552924,8.34636314861654,9.618762934007817,9.393883651414118,8.787767302828236,7.427829605054255,13047,39.0,334.0,True,0,0.0,4,1,3,0,92.0
CC des Portes de Sologne,epci,200005932,6.254025974025974,9.302532467532467,3.431688311688312,8.0,5.0,4.452207792207792,1.5403246753246753,6.481623376623377,5.81012987012987,5.140584415584415,4.577532467532468,5.748571428571428,7.618311688311688,6.975584415584415,3.2546103896103897,2.6212337662337664,4.965714285714285,4.628766233766234,3.6414285714285715,8.14512987012987,2.0596103896103894,1.0,5.98,6.88025974025974,3.366233766233766,2.0915584415584414,2.9657142857142857,4.482857142857143,4.872008348794063,15400,36.0,427.0,False,0,0.0,1,1,0,0,94.0
CC du Pays de Fayence,epci,200004802,7.31849900313301,9.591782967815437,5.206956707490743,6.0,6.0,5.916227570492737,6.403837937909428,6.0261677584733695,4.6185559669609795,4.118627171745941,1.891733124465964,5.65255625178012,8.055219310737682,4.895542580461407,6.4842993449159785,8.071240387354031,7.741063799487326,8.12268584448875,9.78218456280262,9.911812873825122,5.005375961264597,3.3639632583309598,7.313336656223298,7.716213329535745,3.997507832526346,1.160068356593563,6.949266590714896,8.423775277698661,6.276375015258169,28088,68.0,413.0,False,0,0.0,8,1,8,0,112.0
CC Sauldre et Sologne,epci,200000933,5.6600424861234835,8.636401014184884,5.323922428561639,9.0,9.0,5.8436921811827585,6.748578085383403,5.294524772151031,3.8450627012951415,7.859658740492017,8.972589597752346,5.818817241143014,6.501267731103954,9.261358185431371,5.716028232714315,6.375316932775989,5.624683067224011,5.049407250051394,4.927499486054958,7.824367847598164,6.472966490783252,6.265606797779758,8.92338792571781,8.90906599054341,8.812375796614816,7.9721099157130135,10.0,5.750633865551977,7.013905884425996,14593,14.0,1042.0,True,0,0.0,1,1,0,0,160.0
CC de la Plaine Dijonnaise,epci,200000925,8.056270169537749,5.976319258215535,5.3135312031271305,8.0,6.0,3.9368210535884733,9.0,8.295804736148357,6.650243170764965,2.779282759874551,3.2056724694332077,4.608245079769102,4.197900095450207,4.2657151947638745,2.837825553383937,5.437480114540248,1.4791600381800827,3.723194400254534,5.191900368165084,5.968728694150266,2.7439207308758693,2.4179355483841642,3.344075269305941,5.37098313713013,4.682741693559383,5.305622471705831,3.718740057270124,1.2395800190900415,4.776703331666741,22002,107.0,205.0,False,0,0.0,4,1,3,0,69.0
CC Cœur de Sologne,epci,200000800,8.723591883178456,8.512421771287691,3.573866868955054,9.0,4.0,3.377299450028447,3.02180921676465,6.40963398444908,7.890859093495164,7.278873506542765,7.186611037360136,5.8668689550540485,4.672482457803906,7.979897591503888,7.050256021240281,4.339180732031102,9.0,6.027308932296605,6.550445666603451,8.674853024843543,4.184240470320501,4.087805803148113,8.05025602124028,8.27564953536886,8.042859852076617,6.809596055376446,9.224160819267968,6.555566091409065,6.584514101487363,10546,30.0,351.0,True,0,0.0,2,1,1,0,141.0
CC Rhône Lez Provence,epci,200000628,2.732850625706274,5.904239735487382,7.380697275352614,7.0,9.0,3.9124848281923574,1.376260829531662,4.1920646214372415,2.637299627505964,5.170384631482024,3.9545473569664757,5.559034026702381,7.589210228937346,4.997112124890135,8.29548403298037,9.84288285271837,9.683128949901645,7.3216004687565395,9.045829322395681,9.414263591846984,7.697526472188507,6.572385217427699,6.221320051898045,7.353953040639518,7.886535805466036,6.611099485204872,9.584480810279162,9.08864520989411,6.643761472278191,23896,158.0,151.0,False,1,10.0,3,1,1,0,97.0
CC des Portes de Romilly-sur-Seine,epci,200000545,4.319659232731022,5.282652341418417,8.332844972597536,7.0,10.0,5.796082261652829,1.1785229800857344,3.436920071626241,1.1785229800857344,8.075261815616692,9.051223614954692,6.983667046502794,10.0,6.777416029084595,9.292907916870151,10.0,10.0,8.184383308915297,8.823159151337565,9.65901568180585,8.624776167996092,6.952411959411797,6.830321775462586,7.947311302837918,9.423842856367681,9.874871127028054,10.0,10.0,7.608063378371045,18432,175.0,105.0,False,1,9.0,3,0,2,0,93.0
CC du Pays de Pontchâteau Saint-Gildas-des-Bois,epci,200000438,7.644650716623406,5.618130007899786,3.587856901026972,1.0,2.0,3.7790034984764698,6.75293420607155,6.513824624760185,3.4666516194560435,4.5148403114772595,4.676673061731182,4.053774968965128,2.1153932964676674,4.811900462701726,4.749040740322763,3.9019015912425234,2.3038596095248844,2.2930256178760864,1.1838392957905428,5.747686491366663,2.348070195237558,4.131813565060377,4.341552872136328,5.773360794492721,6.812916149418801,9.327953955535493,3.023106872813452,2.0450287777903173,4.232813935866639,35445,108.0,328.0,False,0,0.0,17,2,2,0,70.0
CC Faucigny-Glières,epci,200000172,8.561618616296624,6.316506498766523,3.0279097168526086,8.0,1.0,4.329025369122575,1.5451968040060384,3.9711329577672227,1.830074745020067,5.460620788688832,4.678670054125704,6.00081004455245,4.5232887808829485,3.8267609263964064,4.794764166574616,4.458595677307707,3.0,8.17603740933024,9.651828123274052,9.816009425972974,2.865311683051659,2.2211053426120255,2.7449464265989176,4.750285356603704,4.961117861482381,4.727346367686587,4.5231046798483,7.442505246879487,4.90016332391788,27162,179.0,151.0,False,1,7.0,4,1,3,0,61.0
